id,code,parent_code,level,name,clean_name,path_codes,path_names,has_children,children_count,total_docs_count,direct_docs_count,branch_url,direct_url,cross_references,semantic_text,description,embedding,created_at,updated_at
4431,10,,1,Основи суспільного ладу,Основи суспільного ладу,10,Основи суспільного ладу,1,39,172714,693,https://zakon.rada.gov.ua/laws/main/j1,https://zakon.rada.gov.ua/laws/main/jj1,[],Основи суспільного ладу. Шлях: Основи суспільного ладу. Код: 10.,,,2026-10-05 18:41:38,2026-10-05 18:41:38
4432,10 10,10,2,Конституція,Конституція,10 / 10 10,Основи суспільного ладу / Конституція,1,2,619,376,https://zakon.rada.gov.ua/laws/main/j2,https://zakon.rada.gov.ua/laws/main/jj2,[],Конституція. Шлях: Основи суспільного ладу / Конституція. Код: 10 10.,,,2026-10-05 18:41:38,2026-10-05 18:41:38
4433,10 10 10,10 10,3,Прийняття,Прийняття,10 / 10 10 / 10 10 10,Основи суспільного ладу / Конституція / Прийняття,0,0,20,20,https://zakon.rada.gov.ua/laws/main/jj3,https://zakon.rada.gov.ua/laws/main/jj3,[],Прийняття. Шлях: Основи суспільного ладу / Конституція / Прийняття. Код: 10 10 10.,,,2026-10-05 18:41:38,2026-10-05 18:41:38
4434,10 10 20,10 10,3,Зміни та доповнення,Зміни та доповнення,10 / 10 10 / 10 10 20,Основи суспільного ладу / Конституція / Зміни та доповнення,0,0,229,229,https://zakon.rada.gov.ua/laws/main/jj4,https://zakon.rada.gov.ua/laws/main/jj4,[],Зміни та доповнення. Шлях: Основи суспільного ладу / Конституція / Зміни та доповнення. Код: 10 10 20.,,,2026-10-05 18:41:38,2026-10-05 18:41:38
4435,10 20,10,2,Конституція Союзу РСР,Конституція Союзу РСР,10 / 10 20,Основи суспільного ладу / Конституція Союзу РСР,0,0,25,25,https://zakon.rada.gov.ua/laws/main/jj5,https://zakon.rada.gov.ua/laws/main/jj5,[],Конституція Союзу РСР. Шлях: Основи суспільного ладу / Конституція Союзу РСР. Код: 10 20.,,,2026-10-05 18:41:38,2026-10-05 18:41:38
4436,10 30,10,2,Декларації. Акти. Звернення. Заяви,Декларації. Акти. Звернення. Заяви,10 / 10 30,Основи суспільного ладу / Декларації. Акти. Звернення. Заяви,0,0,440,440,https://zakon.rada.gov.ua/laws/main/jj6,https://zakon.rada.gov.ua/laws/main/jj6,[],Декларації. Акти. Звернення. Заяви. Шлях: Основи суспільного ладу / Декларації. Акти. Звернення. Заяви. Код: 10 30.,,,2026-10-05 18:41:38,2026-10-05 18:41:38
4437,10 40,10,2,Законодавство з питань прав людини та громадянина,Законодавство з питань прав людини та громадянина,10 / 10 40,Основи суспільного ладу / Законодавство з питань прав людини та громадянина,1,7,3381,2641,https://zakon.rada.gov.ua/laws/main/j7,https://zakon.rada.gov.ua/laws/main/jj7,[],Законодавство з питань прав людини та громадянина. Шлях: Основи суспільного ладу / Законодавство з питань прав людини та громадянина. Код: 10 40.,,,2026-10-05 18:41:38,2026-10-05 18:41:38
4438,10 40 10,10 40,3,Державний захист працівників суду та правоохоронних органів,Державний захист працівників суду та правоохоронних органів,10 / 10 40 / 10 40 10,Основи суспільного ладу / Законодавство з питань прав людини та громадянина / Державний захист працівників суду та правоохоронних органів,0,0,23,23,https://zakon.rada.gov.ua/laws/main/jj8,https://zakon.rada.gov.ua/laws/main/jj8,[],Державний захист працівників суду та правоохоронних органів. Шлях: Основи суспільного ладу / Законодавство з питань прав людини та громадянина / Державний захист працівників суду та правоохоронних органів. Код: 10 40 10.,,,2026-10-05 18:41:38,2026-10-05 18:41:38
4439,10 40 20,10 40,3,"Забезпечення безпеки осіб, які беруть участь у судочинстві","Забезпечення безпеки осіб, які беруть участь у судочинстві",10 / 10 40 / 10 40 20,"Основи суспільного ладу / Законодавство з питань прав людини та громадянина / Забезпечення безпеки осіб, які беруть участь у судочинстві",0,0,30,30,https://zakon.rada.gov.ua/laws/main/jj9,https://zakon.rada.gov.ua/laws/main/jj9,[],"Забезпечення безпеки осіб, які беруть участь у судочинстві. Шлях: Основи суспільного ладу / Законодавство з питань прав людини та громадянина / Забезпечення безпеки осіб, які беруть участь у судочинстві. Код: 10 40 20.",,,2026-10-05 18:41:38,2026-10-05 18:41:38
4440,10 40 30,10 40,3,Реабілітація репресованих і депортованих народів та осіб.Голодомор,Реабілітація репресованих і депортованих народів та осіб.Голодомор,10 / 10 40 / 10 40 30,Основи суспільного ладу / Законодавство з питань прав людини та громадянина / Реабілітація репресованих і депортованих народів та осіб.Голодомор,0,0,320,320,https://zakon.rada.gov.ua/laws/main/jj10,https://zakon.rada.gov.ua/laws/main/jj10,[],Реабілітація репресованих і депортованих народів та осіб.Голодомор. Шлях: Основи суспільного ладу / Законодавство з питань прав людини та громадянина / Реабілітація репресованих і депортованих народів та осіб.Голодомор. Код: 10 40 30.,,,2026-10-05 18:41:38,2026-10-05 18:41:38
4441,10 40 40,10 40,3,Біженці (та вимушені переселенці),Біженці (та вимушені переселенці),10 / 10 40 / 10 40 40,Основи суспільного ладу / Законодавство з питань прав людини та громадянина / Біженці (та вимушені переселенці),0,0,328,328,https://zakon.rada.gov.ua/laws/main/jj11,https://zakon.rada.gov.ua/laws/main/jj11,[],Біженці (та вимушені переселенці). Шлях: Основи суспільного ладу / Законодавство з питань прав людини та громадянина / Біженці (та вимушені переселенці). Код: 10 40 40.,,,2026-10-05 18:41:38,2026-10-05 18:41:38
4442,10 40 50,10 40,3,"Відшкодування шкоди, завданої громадянинові незаконними діями органів дізнання, попереднього слідства, прокуратури і суду","Відшкодування шкоди, завданої громадянинові незаконними діями органів дізнання, попереднього слідства, прокуратури і суду",10 / 10 40 / 10 40 50,"Основи суспільного ладу / Законодавство з питань прав людини та громадянина / Відшкодування шкоди, завданої громадянинові незаконними діями органів дізнання, попереднього слідства, прокуратури і суду",0,0,46,46,https://zakon.rada.gov.ua/laws/main/jj12,https://zakon.rada.gov.ua/laws/main/jj12,[],"Відшкодування шкоди, завданої громадянинові незаконними діями органів дізнання, попереднього слідства, прокуратури і суду. Шлях: Основи суспільного ладу / Законодавство з питань прав людини та громадянина / Відшкодування шкоди, завданої громадянинові незаконними діями органів дізнання, попереднього слідства, прокуратури і суду. Код: 10 40 50.",,,2026-10-05 18:41:38,2026-10-05 18:41:38
4443,10 40 60,10 40,3,Оскарження в суді неправомірних дій посадової особи,Оскарження в суді неправомірних дій посадової особи,10 / 10 40 / 10 40 60,Основи суспільного ладу / Законодавство з питань прав людини та громадянина / Оскарження в суді неправомірних дій посадової особи,0,0,29,29,https://zakon.rada.gov.ua/laws/main/jj13,https://zakon.rada.gov.ua/laws/main/jj13,[],Оскарження в суді неправомірних дій посадової особи. Шлях: Основи суспільного ладу / Законодавство з питань прав людини та громадянина / Оскарження в суді неправомірних дій посадової особи. Код: 10 40 60.,,,2026-10-05 18:41:38,2026-10-05 18:41:38
4444,10 40 70,10 40,3,"Забезпечення захисту законних прав та інтересів осіб, які потерпіли від злочинів","Забезпечення захисту законних прав та інтересів осіб, які потерпіли від злочинів",10 / 10 40 / 10 40 70,"Основи суспільного ладу / Законодавство з питань прав людини та громадянина / Забезпечення захисту законних прав та інтересів осіб, які потерпіли від злочинів",0,0,4,4,https://zakon.rada.gov.ua/laws/main/jj1076,https://zakon.rada.gov.ua/laws/main/jj1076,[],"Забезпечення захисту законних прав та інтересів осіб, які потерпіли від злочинів. Шлях: Основи суспільного ладу / Законодавство з питань прав людини та громадянина / Забезпечення захисту законних прав та інтересів осіб, які потерпіли від злочинів. Код: 10 40 70.",,,2026-10-05 18:41:38,2026-10-05 18:41:38
4445,10 50,10,2,Всеукраїнський та місцеві референдуми,Всеукраїнський та місцеві референдуми,10 / 10 50,Основи суспільного ладу / Всеукраїнський та місцеві референдуми,0,0,681,681,https://zakon.rada.gov.ua/laws/main/jj14,https://zakon.rada.gov.ua/laws/main/jj14,[],Всеукраїнський та місцеві референдуми. Шлях: Основи суспільного ладу / Всеукраїнський та місцеві референдуми. Код: 10 50.,,,2026-10-05 18:41:38,2026-10-05 18:41:38
4446,10 60,10,2,"Герб, прапор, гімн, столиця. Велика державна печатка","Герб, прапор, гімн, столиця. Велика державна печатка",10 / 10 60,"Основи суспільного ладу / Герб, прапор, гімн, столиця. Велика державна печатка",0,0,131,131,https://zakon.rada.gov.ua/laws/main/jj15,https://zakon.rada.gov.ua/laws/main/jj15,[],"Герб, прапор, гімн, столиця. Велика державна печатка. Шлях: Основи суспільного ладу / Герб, прапор, гімн, столиця. Велика державна печатка. Код: 10 60.",,,2026-10-05 18:41:38,2026-10-05 18:41:38
4447,10 70,10,2,Мова,Мова,10 / 10 70,Основи суспільного ладу / Мова,0,0,266,266,https://zakon.rada.gov.ua/laws/main/jj16,https://zakon.rada.gov.ua/laws/main/jj16,[],Мова. Шлях: Основи суспільного ладу / Мова. Код: 10 70.,,,2026-10-05 18:41:38,2026-10-05 18:41:38
4448,10 80,10,2,Державний кордон,Державний кордон,10 / 10 80,Основи суспільного ладу / Державний кордон,0,0,209,209,https://zakon.rada.gov.ua/laws/main/jj17,https://zakon.rada.gov.ua/laws/main/jj17,[],Державний кордон. Шлях: Основи суспільного ладу / Державний кордон. Код: 10 80.,,,2026-10-05 18:41:38,2026-10-05 18:41:38
4449,10 90,10,2,Верховна Рада,Верховна Рада,10 / 10 90,Основи суспільного ладу / Верховна Рада,1,4,4672,1580,https://zakon.rada.gov.ua/laws/main/j18,https://zakon.rada.gov.ua/laws/main/jj18,[],Верховна Рада. Шлях: Основи суспільного ладу / Верховна Рада. Код: 10 90.,,,2026-10-05 18:41:38,2026-10-05 18:41:38
4450,10 90 10,10 90,3,Сесії. Парламентські слухання,Сесії. Парламентські слухання,10 / 10 90 / 10 90 10,Основи суспільного ладу / Верховна Рада / Сесії. Парламентські слухання,0,0,1687,1687,https://zakon.rada.gov.ua/laws/main/jj19,https://zakon.rada.gov.ua/laws/main/jj19,[],Сесії. Парламентські слухання. Шлях: Основи суспільного ладу / Верховна Рада / Сесії. Парламентські слухання. Код: 10 90 10.,,,2026-10-05 18:41:38,2026-10-05 18:41:38
4451,10 90 20,10 90,3,Комісії. Комітети. Депутатські групи (фракції),Комісії. Комітети. Депутатські групи (фракції),10 / 10 90 / 10 90 20,Основи суспільного ладу / Верховна Рада / Комісії. Комітети. Депутатські групи (фракції),0,0,1332,1332,https://zakon.rada.gov.ua/laws/main/jj20,https://zakon.rada.gov.ua/laws/main/jj20,[],Комісії. Комітети. Депутатські групи (фракції). Шлях: Основи суспільного ладу / Верховна Рада / Комісії. Комітети. Депутатські групи (фракції). Код: 10 90 20.,,,2026-10-05 18:41:38,2026-10-05 18:41:38
4452,10 90 30,10 90,3,Президія,Президія,10 / 10 90 / 10 90 30,Основи суспільного ладу / Верховна Рада / Президія,0,0,44,44,https://zakon.rada.gov.ua/laws/main/jj21,https://zakon.rada.gov.ua/laws/main/jj21,[],Президія. Шлях: Основи суспільного ладу / Верховна Рада / Президія. Код: 10 90 30.,,,2026-10-05 18:41:38,2026-10-05 18:41:38
4453,10 90 40,10 90,3,Апарат. Секретаріат. Управління справами,Апарат. Секретаріат. Управління справами,10 / 10 90 / 10 90 40,Основи суспільного ладу / Верховна Рада / Апарат. Секретаріат. Управління справами,0,0,140,140,https://zakon.rada.gov.ua/laws/main/jj22,https://zakon.rada.gov.ua/laws/main/jj22,[],Апарат. Секретаріат. Управління справами. Шлях: Основи суспільного ладу / Верховна Рада / Апарат. Секретаріат. Управління справами. Код: 10 90 40.,,,2026-10-05 18:41:38,2026-10-05 18:41:38
4454,10100,10,2,Президент,Президент,10 / 10100,Основи суспільного ладу / Президент,1,2,4624,1966,https://zakon.rada.gov.ua/laws/main/j23,https://zakon.rada.gov.ua/laws/main/jj23,[],Президент. Шлях: Основи суспільного ладу / Президент. Код: 10100.,,,2026-10-05 18:41:38,2026-10-05 18:41:38
4455,10100 10,10100,3,Секретаріат (Адміністрація) Президента,Секретаріат (Адміністрація) Президента,10 / 10100 / 10100 10,Основи суспільного ладу / Президент / Секретаріат (Адміністрація) Президента,0,0,731,731,https://zakon.rada.gov.ua/laws/main/jj24,https://zakon.rada.gov.ua/laws/main/jj24,[],Секретаріат (Адміністрація) Президента. Шлях: Основи суспільного ладу / Президент / Секретаріат (Адміністрація) Президента. Код: 10100 10.,,,2026-10-05 18:41:38,2026-10-05 18:41:38
4456,10100 20,10100,3,"Органи, створювані при Президентові (комітети, комісії, ради та ін.)","Органи, створювані при Президентові (комітети, комісії, ради та ін.)",10 / 10100 / 10100 20,"Основи суспільного ладу / Президент / Органи, створювані при Президентові (комітети, комісії, ради та ін.)",0,0,1961,1961,https://zakon.rada.gov.ua/laws/main/jj25,https://zakon.rada.gov.ua/laws/main/jj25,[],"Органи, створювані при Президентові (комітети, комісії, ради та ін.). Шлях: Основи суспільного ладу / Президент / Органи, створювані при Президентові (комітети, комісії, ради та ін.). Код: 10100 20.",,,2026-10-05 18:41:38,2026-10-05 18:41:38
4457,10110,10,2,Кабінет Міністрів,Кабінет Міністрів,10 / 10110,Основи суспільного ладу / Кабінет Міністрів,1,3,6194,3406,https://zakon.rada.gov.ua/laws/main/j26,https://zakon.rada.gov.ua/laws/main/jj26,[],Кабінет Міністрів. Шлях: Основи суспільного ладу / Кабінет Міністрів. Код: 10110.,,,2026-10-05 18:41:38,2026-10-05 18:41:38
4458,10110 10,10110,3,Склад,Склад,10 / 10110 / 10110 10,Основи суспільного ладу / Кабінет Міністрів / Склад,0,0,773,773,https://zakon.rada.gov.ua/laws/main/jj27,https://zakon.rada.gov.ua/laws/main/jj27,[],Склад. Шлях: Основи суспільного ладу / Кабінет Міністрів / Склад. Код: 10110 10.,,,2026-10-05 18:41:38,2026-10-05 18:41:38
4459,10110 20,10110,3,"Органи, створювані при Кабінеті Міністрів (комітети, комісії, ради та ін.)","Органи, створювані при Кабінеті Міністрів (комітети, комісії, ради та ін.)",10 / 10110 / 10110 20,"Основи суспільного ладу / Кабінет Міністрів / Органи, створювані при Кабінеті Міністрів (комітети, комісії, ради та ін.)",0,0,1263,1263,https://zakon.rada.gov.ua/laws/main/jj28,https://zakon.rada.gov.ua/laws/main/jj28,[],"Органи, створювані при Кабінеті Міністрів (комітети, комісії, ради та ін.). Шлях: Основи суспільного ладу / Кабінет Міністрів / Органи, створювані при Кабінеті Міністрів (комітети, комісії, ради та ін.). Код: 10110 20.",,,2026-10-05 18:41:38,2026-10-05 18:41:38
4460,10110 30,10110,3,Секретаріат Кабінету Міністрів України,Секретаріат Кабінету Міністрів України,10 / 10110 / 10110 30,Основи суспільного ладу / Кабінет Міністрів / Секретаріат Кабінету Міністрів України,0,0,832,832,https://zakon.rada.gov.ua/laws/main/jj1084,https://zakon.rada.gov.ua/laws/main/jj1084,[],Секретаріат Кабінету Міністрів України. Шлях: Основи суспільного ладу / Кабінет Міністрів / Секретаріат Кабінету Міністрів України. Код: 10110 30.,,,2026-10-05 18:41:38,2026-10-05 18:41:38
4461,10120,10,2,Міністерства,Міністерства,10 / 10120,Основи суспільного ладу / Міністерства,0,0,10725,10725,https://zakon.rada.gov.ua/laws/main/jj29,https://zakon.rada.gov.ua/laws/main/jj29,[],Міністерства. Шлях: Основи суспільного ладу / Міністерства. Код: 10120.,,,2026-10-05 18:41:38,2026-10-05 18:41:38
4462,10130,10,2,Державні комітети та інші центральні органи державної виконавчої влади (також державні та міжвідомчі комісії),Державні комітети та інші центральні органи державної виконавчої влади (також державні та міжвідомчі комісії),10 / 10130,Основи суспільного ладу / Державні комітети та інші центральні органи державної виконавчої влади (також державні та міжвідомчі комісії),0,0,10937,10937,https://zakon.rada.gov.ua/laws/main/jj30,https://zakon.rada.gov.ua/laws/main/jj30,[],Державні комітети та інші центральні органи державної виконавчої влади (також державні та міжвідомчі комісії). Шлях: Основи суспільного ладу / Державні комітети та інші центральні органи державної виконавчої влади (також державні та міжвідомчі комісії). Код: 10130.,,,2026-10-05 18:41:38,2026-10-05 18:41:38
4463,10140,10,2,Місцеві органи державної виконавчої влади,Місцеві органи державної виконавчої влади,10 / 10140,Основи суспільного ладу / Місцеві органи державної виконавчої влади,1,3,11621,183,https://zakon.rada.gov.ua/laws/main/j31,https://zakon.rada.gov.ua/laws/main/jj31,[],Місцеві органи державної виконавчої влади. Шлях: Основи суспільного ладу / Місцеві органи державної виконавчої влади. Код: 10140.,,,2026-10-05 18:41:38,2026-10-05 18:41:38
4464,10140 10,10140,3,Представники президента,Представники президента,10 / 10140 / 10140 10,Основи суспільного ладу / Місцеві органи державної виконавчої влади / Представники президента,0,0,384,384,https://zakon.rada.gov.ua/laws/main/jj32,https://zakon.rada.gov.ua/laws/main/jj32,[],Представники президента. Шлях: Основи суспільного ладу / Місцеві органи державної виконавчої влади / Представники президента. Код: 10140 10.,,,2026-10-05 18:41:38,2026-10-05 18:41:38
4465,10140 20,10140,3,Місцева державна адміністрація,Місцева державна адміністрація,10 / 10140 / 10140 20,Основи суспільного ладу / Місцеві органи державної виконавчої влади / Місцева державна адміністрація,0,0,10967,10967,https://zakon.rada.gov.ua/laws/main/jj33,https://zakon.rada.gov.ua/laws/main/jj33,[],Місцева державна адміністрація. Шлях: Основи суспільного ладу / Місцеві органи державної виконавчої влади / Місцева державна адміністрація. Код: 10140 20.,,,2026-10-05 18:41:38,2026-10-05 18:41:38
4466,10140 30,10140,3,Військові адміністраціі,Військові адміністраціі,10 / 10140 / 10140 30,Основи суспільного ладу / Місцеві органи державної виконавчої влади / Військові адміністраціі,0,0,96,96,https://zakon.rada.gov.ua/laws/main/jj1115,https://zakon.rada.gov.ua/laws/main/jj1115,[],Військові адміністраціі. Шлях: Основи суспільного ладу / Місцеві органи державної виконавчої влади / Військові адміністраціі. Код: 10140 30.,,,2026-10-05 18:41:38,2026-10-05 18:41:38
4467,10150,10,2,Ради народних депутатів та місцеве самоврядування в Україні,Ради народних депутатів та місцеве самоврядування в Україні,10 / 10150,Основи суспільного ладу / Ради народних депутатів та місцеве самоврядування в Україні,1,4,1211,970,https://zakon.rada.gov.ua/laws/main/j34,https://zakon.rada.gov.ua/laws/main/jj34,[],Ради народних депутатів та місцеве самоврядування в Україні. Шлях: Основи суспільного ладу / Ради народних депутатів та місцеве самоврядування в Україні. Код: 10150.,,,2026-10-05 18:41:38,2026-10-05 18:41:38
4468,10150 10,10150,3,"Обласні, Київська та Севастопольська міські, районні та районні в містах Ради народних депутатів та їх органи","Обласні, Київська та Севастопольська міські, районні та районні в містах Ради народних депутатів та їх органи",10 / 10150 / 10150 10,"Основи суспільного ладу / Ради народних депутатів та місцеве самоврядування в Україні / Обласні, Київська та Севастопольська міські, районні та районні в містах Ради народних депутатів та їх органи",0,0,119,119,https://zakon.rada.gov.ua/laws/main/jj35,https://zakon.rada.gov.ua/laws/main/jj35,[],"Обласні, Київська та Севастопольська міські, районні та районні в містах Ради народних депутатів та їх органи. Шлях: Основи суспільного ладу / Ради народних депутатів та місцеве самоврядування в Україні / Обласні, Київська та Севастопольська міські, районні та районні в містах Ради народних депутатів та їх органи. Код: 10150 10.",,,2026-10-05 18:41:38,2026-10-05 18:41:38
4469,10150 20,10150,3,"Міські, селищні та сільські Ради народних депутатів та їх органи","Міські, селищні та сільські Ради народних депутатів та їх органи",10 / 10150 / 10150 20,"Основи суспільного ладу / Ради народних депутатів та місцеве самоврядування в Україні / Міські, селищні та сільські Ради народних депутатів та їх органи",0,0,62,62,https://zakon.rada.gov.ua/laws/main/jj36,https://zakon.rada.gov.ua/laws/main/jj36,[],"Міські, селищні та сільські Ради народних депутатів та їх органи. Шлях: Основи суспільного ладу / Ради народних депутатів та місцеве самоврядування в Україні / Міські, селищні та сільські Ради народних депутатів та їх органи. Код: 10150 20.",,,2026-10-05 18:41:38,2026-10-05 18:41:38
4470,10150 30,10150,3,"Інші форми територіальної самоорганізації громадян (громадські комітети, ради мікрорайонів, домові, вуличні та інші комітети)","Інші форми територіальної самоорганізації громадян (громадські комітети, ради мікрорайонів, домові, вуличні та інші комітети)",10 / 10150 / 10150 30,"Основи суспільного ладу / Ради народних депутатів та місцеве самоврядування в Україні / Інші форми територіальної самоорганізації громадян (громадські комітети, ради мікрорайонів, домові, вуличні та інші комітети)",0,0,18,18,https://zakon.rada.gov.ua/laws/main/jj37,https://zakon.rada.gov.ua/laws/main/jj37,[],"Інші форми територіальної самоорганізації громадян (громадські комітети, ради мікрорайонів, домові, вуличні та інші комітети). Шлях: Основи суспільного ладу / Ради народних депутатів та місцеве самоврядування в Україні / Інші форми територіальної самоорганізації громадян (громадські комітети, ради мікрорайонів, домові, вуличні та інші комітети). Код: 10150 30.",,,2026-10-05 18:41:38,2026-10-05 18:41:38
4471,10150 40,10150,3,"Форми безпосереднього волевиявлення населення (загальні збори, сходи громадян)","Форми безпосереднього волевиявлення населення (загальні збори, сходи громадян)",10 / 10150 / 10150 40,"Основи суспільного ладу / Ради народних депутатів та місцеве самоврядування в Україні / Форми безпосереднього волевиявлення населення (загальні збори, сходи громадян)",0,0,44,44,https://zakon.rada.gov.ua/laws/main/jj38,https://zakon.rada.gov.ua/laws/main/jj38,[],"Форми безпосереднього волевиявлення населення (загальні збори, сходи громадян). Шлях: Основи суспільного ладу / Ради народних депутатів та місцеве самоврядування в Україні / Форми безпосереднього волевиявлення населення (загальні збори, сходи громадян). Код: 10150 40.",,,2026-10-05 18:41:38,2026-10-05 18:41:38
4472,10160,10,2,Законодавство,Законодавство,10 / 10160,Основи суспільного ладу / Законодавство,1,6,91636,403,https://zakon.rada.gov.ua/laws/main/j39,https://zakon.rada.gov.ua/laws/main/jj39,[],Законодавство. Шлях: Основи суспільного ладу / Законодавство. Код: 10160.,,,2026-10-05 18:41:38,2026-10-05 18:41:38
4473,10160 10,10160,3,Порядок підготовки та обговорення проектів нормативних актів,Порядок підготовки та обговорення проектів нормативних актів,10 / 10160 / 10160 10,Основи суспільного ладу / Законодавство / Порядок підготовки та обговорення проектів нормативних актів,0,0,2048,2048,https://zakon.rada.gov.ua/laws/main/jj40,https://zakon.rada.gov.ua/laws/main/jj40,[],Порядок підготовки та обговорення проектів нормативних актів. Шлях: Основи суспільного ладу / Законодавство / Порядок підготовки та обговорення проектів нормативних актів. Код: 10160 10.,,,2026-10-05 18:41:38,2026-10-05 18:41:38
4474,10160 20,10160,3,Опублікування та введення в дію нормативних актів,Опублікування та введення в дію нормативних актів,10 / 10160 / 10160 20,Основи суспільного ладу / Законодавство / Опублікування та введення в дію нормативних актів,0,0,100,100,https://zakon.rada.gov.ua/laws/main/jj41,https://zakon.rada.gov.ua/laws/main/jj41,[],Опублікування та введення в дію нормативних актів. Шлях: Основи суспільного ладу / Законодавство / Опублікування та введення в дію нормативних актів. Код: 10160 20.,,,2026-10-05 18:41:38,2026-10-05 18:41:38
4475,10160 30,10160,3,Систематизація нормативно-правових актів,Систематизація нормативно-правових актів,10 / 10160 / 10160 30,Основи суспільного ладу / Законодавство / Систематизація нормативно-правових актів,0,0,41,41,https://zakon.rada.gov.ua/laws/main/jj42,https://zakon.rada.gov.ua/laws/main/jj42,[],Систематизація нормативно-правових актів. Шлях: Основи суспільного ладу / Законодавство / Систематизація нормативно-правових актів. Код: 10160 30.,,,2026-10-05 18:41:38,2026-10-05 18:41:38
4476,10160 40,10160,3,Внесення змін і доповнень до законодавчих актів,Внесення змін і доповнень до законодавчих актів,10 / 10160 / 10160 40,Основи суспільного ладу / Законодавство / Внесення змін і доповнень до законодавчих актів,0,0,88799,88799,https://zakon.rada.gov.ua/laws/main/jj43,https://zakon.rada.gov.ua/laws/main/jj43,[],Внесення змін і доповнень до законодавчих актів. Шлях: Основи суспільного ладу / Законодавство / Внесення змін і доповнень до законодавчих актів. Код: 10160 40.,,,2026-10-05 18:41:38,2026-10-05 18:41:38
4477,10160 50,10160,3,"Переліки нормативних актів, що втратили чинність","Переліки нормативних актів, що втратили чинність",10 / 10160 / 10160 50,"Основи суспільного ладу / Законодавство / Переліки нормативних актів, що втратили чинність",0,0,186,186,https://zakon.rada.gov.ua/laws/main/jj44,https://zakon.rada.gov.ua/laws/main/jj44,[],"Переліки нормативних актів, що втратили чинність. Шлях: Основи суспільного ладу / Законодавство / Переліки нормативних актів, що втратили чинність. Код: 10160 50.",,,2026-10-05 18:41:38,2026-10-05 18:41:38
4478,10160 60,10160,3,Відповідність нормативних актів вимогам конституції та іншим законам,Відповідність нормативних актів вимогам конституції та іншим законам,10 / 10160 / 10160 60,Основи суспільного ладу / Законодавство / Відповідність нормативних актів вимогам конституції та іншим законам,0,0,824,824,https://zakon.rada.gov.ua/laws/main/jj45,https://zakon.rada.gov.ua/laws/main/jj45,[],Відповідність нормативних актів вимогам конституції та іншим законам. Шлях: Основи суспільного ладу / Законодавство / Відповідність нормативних актів вимогам конституції та іншим законам. Код: 10160 60.,,,2026-10-05 18:41:38,2026-10-05 18:41:38
4479,10170,10,2,Правові основи інформаційної діяльності. Законодавство про інформацію. Інформатизація та комп'ютеризація,Правові основи інформаційної діяльності. Законодавство про інформацію. Інформатизація та комп'ютеризація,10 / 10170,Основи суспільного ладу / Правові основи інформаційної діяльності. Законодавство про інформацію. Інформатизація та комп'ютеризація,0,0,6775,6775,https://zakon.rada.gov.ua/laws/main/jj46,https://zakon.rada.gov.ua/laws/main/jj46,[],Правові основи інформаційної діяльності. Законодавство про інформацію. Інформатизація та комп'ютеризація. Шлях: Основи суспільного ладу / Правові основи інформаційної діяльності. Законодавство про інформацію. Інформатизація та комп'ютеризація. Код: 10170.,,,2026-10-05 18:41:38,2026-10-05 18:41:38
4480,10180,10,2,Громадянство,Громадянство,10 / 10180,Основи суспільного ладу / Громадянство,0,0,369,369,https://zakon.rada.gov.ua/laws/main/jj47,https://zakon.rada.gov.ua/laws/main/jj47,[],Громадянство. Шлях: Основи суспільного ладу / Громадянство. Код: 10180.,,,2026-10-05 18:41:38,2026-10-05 18:41:38
4481,10190,10,2,Питання національностей і міграції. Національні меншини,Питання національностей і міграції. Національні меншини,10 / 10190,Основи суспільного ладу / Питання національностей і міграції. Національні меншини,0,0,343,343,https://zakon.rada.gov.ua/laws/main/jj48,https://zakon.rada.gov.ua/laws/main/jj48,[],Питання національностей і міграції. Національні меншини. Шлях: Основи суспільного ладу / Питання національностей і міграції. Національні меншини. Код: 10190.,,,2026-10-05 18:41:38,2026-10-05 18:41:38
4482,10200,10,2,Законодавство про вибори. Виборчі комісії,Законодавство про вибори. Виборчі комісії,10 / 10200,Основи суспільного ладу / Законодавство про вибори. Виборчі комісії,1,4,19590,6770,https://zakon.rada.gov.ua/laws/main/j49,https://zakon.rada.gov.ua/laws/main/jj49,[],Законодавство про вибори. Виборчі комісії. Шлях: Основи суспільного ладу / Законодавство про вибори. Виборчі комісії. Код: 10200.,,,2026-10-05 18:41:38,2026-10-05 18:41:38
4483,10200 10,10200,3,Вибори народних депутатів,Вибори народних депутатів,10 / 10200 / 10200 10,Основи суспільного ладу / Законодавство про вибори. Виборчі комісії / Вибори народних депутатів,0,0,8046,8046,https://zakon.rada.gov.ua/laws/main/jj50,https://zakon.rada.gov.ua/laws/main/jj50,[],Вибори народних депутатів. Шлях: Основи суспільного ладу / Законодавство про вибори. Виборчі комісії / Вибори народних депутатів. Код: 10200 10.,,,2026-10-05 18:41:38,2026-10-05 18:41:38
4484,10200 20,10200,3,Вибори Президента,Вибори Президента,10 / 10200 / 10200 20,Основи суспільного ладу / Законодавство про вибори. Виборчі комісії / Вибори Президента,0,0,4287,4287,https://zakon.rada.gov.ua/laws/main/jj51,https://zakon.rada.gov.ua/laws/main/jj51,[],Вибори Президента. Шлях: Основи суспільного ладу / Законодавство про вибори. Виборчі комісії / Вибори Президента. Код: 10200 20.,,,2026-10-05 18:41:38,2026-10-05 18:41:38
4485,10200 30,10200,3,Вибори депутатів місцевих Рад,Вибори депутатів місцевих Рад,10 / 10200 / 10200 30,Основи суспільного ладу / Законодавство про вибори. Виборчі комісії / Вибори депутатів місцевих Рад,0,0,4540,4540,https://zakon.rada.gov.ua/laws/main/jj52,https://zakon.rada.gov.ua/laws/main/jj52,[],Вибори депутатів місцевих Рад. Шлях: Основи суспільного ладу / Законодавство про вибори. Виборчі комісії / Вибори депутатів місцевих Рад. Код: 10200 30.,,,2026-10-05 18:41:38,2026-10-05 18:41:38
4486,10200 40,10200,3,Вибори суддів,Вибори суддів,10 / 10200 / 10200 40,Основи суспільного ладу / Законодавство про вибори. Виборчі комісії / Вибори суддів,0,0,1,1,https://zakon.rada.gov.ua/laws/main/jj53,https://zakon.rada.gov.ua/laws/main/jj53,[],Вибори суддів. Шлях: Основи суспільного ладу / Законодавство про вибори. Виборчі комісії / Вибори суддів. Код: 10200 40.,,,2026-10-05 18:41:38,2026-10-05 18:41:38
4487,10210,10,2,Законодавство з питань забезпечення діяльності депутатів,Законодавство з питань забезпечення діяльності депутатів,10 / 10210,Основи суспільного ладу / Законодавство з питань забезпечення діяльності депутатів,0,0,2574,2574,https://zakon.rada.gov.ua/laws/main/jj54,https://zakon.rada.gov.ua/laws/main/jj54,[],Законодавство з питань забезпечення діяльності депутатів. Шлях: Основи суспільного ладу / Законодавство з питань забезпечення діяльності депутатів. Код: 10210.,,,2026-10-05 18:41:38,2026-10-05 18:41:38
4488,10220,10,2,Законодавство про державну службу,Законодавство про державну службу,10 / 10220,Основи суспільного ладу / Законодавство про державну службу,1,6,6708,192,https://zakon.rada.gov.ua/laws/main/j55,https://zakon.rada.gov.ua/laws/main/jj55,[],Законодавство про державну службу. Шлях: Основи суспільного ладу / Законодавство про державну службу. Код: 10220.,,,2026-10-05 18:41:38,2026-10-05 18:41:38
4489,10220 10,10220,3,Державна служба,Державна служба,10 / 10220 / 10220 10,Основи суспільного ладу / Законодавство про державну службу / Державна служба,0,0,5140,5140,https://zakon.rada.gov.ua/laws/main/jj56,https://zakon.rada.gov.ua/laws/main/jj56,[],Державна служба. Шлях: Основи суспільного ладу / Законодавство про державну службу / Державна служба. Код: 10220 10.,,,2026-10-05 18:41:38,2026-10-05 18:41:38
4490,10220 20,10220,3,Адміністративні будинки,Адміністративні будинки,10 / 10220 / 10220 20,Основи суспільного ладу / Законодавство про державну службу / Адміністративні будинки,0,0,386,386,https://zakon.rada.gov.ua/laws/main/jj57,https://zakon.rada.gov.ua/laws/main/jj57,[],Адміністративні будинки. Шлях: Основи суспільного ладу / Законодавство про державну службу / Адміністративні будинки. Код: 10220 20.,,,2026-10-05 18:41:38,2026-10-05 18:41:38
4491,10220 30,10220,3,Діловодство,Діловодство,10 / 10220 / 10220 30,Основи суспільного ладу / Законодавство про державну службу / Діловодство,0,0,1016,1016,https://zakon.rada.gov.ua/laws/main/jj58,https://zakon.rada.gov.ua/laws/main/jj58,[],Діловодство. Шлях: Основи суспільного ладу / Законодавство про державну службу / Діловодство. Код: 10220 30.,,,2026-10-05 18:41:38,2026-10-05 18:41:38
4492,10220 40,10220,3,Патронатна служба,Патронатна служба,10 / 10220 / 10220 40,Основи суспільного ладу / Законодавство про державну службу / Патронатна служба,0,0,0,0,,,[],Патронатна служба. Шлях: Основи суспільного ладу / Законодавство про державну службу / Патронатна служба. Код: 10220 40.,,,2026-10-05 18:41:38,2026-10-05 18:41:38
4493,10220 50,10220,3,"Посади працівників державних органів, які виконуютьфункції з обслуговування","Посади працівників державних органів, які виконуютьфункції з обслуговування",10 / 10220 / 10220 50,"Основи суспільного ладу / Законодавство про державну службу / Посади працівників державних органів, які виконуютьфункції з обслуговування",0,0,0,0,,,[],"Посади працівників державних органів, які виконуютьфункції з обслуговування. Шлях: Основи суспільного ладу / Законодавство про державну службу / Посади працівників державних органів, які виконуютьфункції з обслуговування. Код: 10220 50.",,,2026-10-05 18:41:38,2026-10-05 18:41:38
4494,10220 60,10220,3,Адміністративні послуги,Адміністративні послуги,10 / 10220 / 10220 60,Основи суспільного ладу / Законодавство про державну службу / Адміністративні послуги,0,0,41,41,https://zakon.rada.gov.ua/laws/main/jj1107,https://zakon.rada.gov.ua/laws/main/jj1107,[],Адміністративні послуги. Шлях: Основи суспільного ладу / Законодавство про державну службу / Адміністративні послуги. Код: 10220 60.,,,2026-10-05 18:41:38,2026-10-05 18:41:38
4495,10230,10,2,Державний контроль,Державний контроль,10 / 10230,Основи суспільного ладу / Державний контроль,1,1,2373,1217,https://zakon.rada.gov.ua/laws/main/j59,https://zakon.rada.gov.ua/laws/main/jj59,[],Державний контроль. Шлях: Основи суспільного ладу / Державний контроль. Код: 10230.,,,2026-10-05 18:41:38,2026-10-05 18:41:38
4496,10230 10,10230,3,Органи державного контролю,Органи державного контролю,10 / 10230 / 10230 10,Основи суспільного ладу / Державний контроль / Органи державного контролю,1,3,1176,68,https://zakon.rada.gov.ua/laws/main/j60,https://zakon.rada.gov.ua/laws/main/jj60,[],Органи державного контролю. Шлях: Основи суспільного ладу / Державний контроль / Органи державного контролю. Код: 10230 10.,,,2026-10-05 18:41:38,2026-10-05 18:41:38
4497,10230 10 10,10230 10,4,Контрольно-ревізійне управління Міністерства фінансів та інших міністерств і відомств (див. 20 20),Контрольно-ревізійне управління Міністерства фінансів та інших міністерств і відомств,10 / 10230 / 10230 10 / 10230 10 10,Основи суспільного ладу / Державний контроль / Органи державного контролю / Контрольно-ревізійне управління Міністерства фінансів та інших міністерств і відомств,0,0,240,240,https://zakon.rada.gov.ua/laws/main/jj61,https://zakon.rada.gov.ua/laws/main/jj61,"[""20 20""]",Контрольно-ревізійне управління Міністерства фінансів та інших міністерств і відомств. Шлях: Основи суспільного ладу / Державний контроль / Органи державного контролю / Контрольно-ревізійне управління Міністерства фінансів та інших міністерств і відомств. Код: 10230 10 10.,,,2026-10-05 18:41:38,2026-10-05 18:41:38
4498,10230 10 20,10230 10,4,Інспекції,Інспекції,10 / 10230 / 10230 10 / 10230 10 20,Основи суспільного ладу / Державний контроль / Органи державного контролю / Інспекції,0,0,854,854,https://zakon.rada.gov.ua/laws/main/jj62,https://zakon.rada.gov.ua/laws/main/jj62,[],Інспекції. Шлях: Основи суспільного ладу / Державний контроль / Органи державного контролю / Інспекції. Код: 10230 10 20.,,,2026-10-05 18:41:38,2026-10-05 18:41:38
4499,10230 10 30,10230 10,4,Інші органи державного контролю,Інші органи державного контролю,10 / 10230 / 10230 10 / 10230 10 30,Основи суспільного ладу / Державний контроль / Органи державного контролю / Інші органи державного контролю,0,0,24,24,https://zakon.rada.gov.ua/laws/main/jj63,https://zakon.rada.gov.ua/laws/main/jj63,[],Інші органи державного контролю. Шлях: Основи суспільного ладу / Державний контроль / Органи державного контролю / Інші органи державного контролю. Код: 10230 10 30.,,,2026-10-05 18:41:38,2026-10-05 18:41:38
4500,10240,10,2,Аудиторська діяльність (аудиторська діяльність в фінансових сферах (див. 20 30),Аудиторська діяльність (аудиторська діяльність в фінансових сферах,10 / 10240,Основи суспільного ладу / Аудиторська діяльність (аудиторська діяльність в фінансових сферах,0,0,110,110,https://zakon.rada.gov.ua/laws/main/jj64,https://zakon.rada.gov.ua/laws/main/jj64,"[""20 30""]",Аудиторська діяльність (аудиторська діяльність в фінансових сферах. Шлях: Основи суспільного ладу / Аудиторська діяльність (аудиторська діяльність в фінансових сферах. Код: 10240.,,,2026-10-05 18:41:38,2026-10-05 18:41:38
4501,10250,10,2,Пропозиції і скарги громадян. Звернення,Пропозиції і скарги громадян. Звернення,10 / 10250,Основи суспільного ладу / Пропозиції і скарги громадян. Звернення,0,0,1711,1711,https://zakon.rada.gov.ua/laws/main/jj65,https://zakon.rada.gov.ua/laws/main/jj65,[],Пропозиції і скарги громадян. Звернення. Шлях: Основи суспільного ладу / Пропозиції і скарги громадян. Звернення. Код: 10250.,,,2026-10-05 18:41:38,2026-10-05 18:41:38
4502,10260,10,2,Законодавство про об'єднання громадян,Законодавство про об'єднання громадян,10 / 10260,Основи суспільного ладу / Законодавство про об'єднання громадян,1,6,5246,478,https://zakon.rada.gov.ua/laws/main/j66,https://zakon.rada.gov.ua/laws/main/jj66,[],Законодавство про об'єднання громадян. Шлях: Основи суспільного ладу / Законодавство про об'єднання громадян. Код: 10260.,,,2026-10-05 18:41:38,2026-10-05 18:41:38
4503,10260 10,10260,3,Громадські організації,Громадські організації,10 / 10260 / 10260 10,Основи суспільного ладу / Законодавство про об'єднання громадян / Громадські організації,0,0,2015,2015,https://zakon.rada.gov.ua/laws/main/jj67,https://zakon.rada.gov.ua/laws/main/jj67,[],Громадські організації. Шлях: Основи суспільного ладу / Законодавство про об'єднання громадян / Громадські організації. Код: 10260 10.,,,2026-10-05 18:41:38,2026-10-05 18:41:38
4504,10260 20,10260,3,Політичні партії і масові політичні рухи,Політичні партії і масові політичні рухи,10 / 10260 / 10260 20,Основи суспільного ладу / Законодавство про об'єднання громадян / Політичні партії і масові політичні рухи,0,0,2291,2291,https://zakon.rada.gov.ua/laws/main/jj68,https://zakon.rada.gov.ua/laws/main/jj68,[],Політичні партії і масові політичні рухи. Шлях: Основи суспільного ладу / Законодавство про об'єднання громадян / Політичні партії і масові політичні рухи. Код: 10260 20.,,,2026-10-05 18:41:38,2026-10-05 18:41:38
4505,10260 30,10260,3,Професійні спілки (див. 50 160),Професійні спілки,10 / 10260 / 10260 30,Основи суспільного ладу / Законодавство про об'єднання громадян / Професійні спілки,0,0,26,26,https://zakon.rada.gov.ua/laws/main/jj69,https://zakon.rada.gov.ua/laws/main/jj69,"[""50 160""]",Професійні спілки. Шлях: Основи суспільного ладу / Законодавство про об'єднання громадян / Професійні спілки. Код: 10260 30.,,,2026-10-05 18:41:38,2026-10-05 18:41:38
4506,10260 40,10260,3,Творчі спілки,Творчі спілки,10 / 10260 / 10260 40,Основи суспільного ладу / Законодавство про об'єднання громадян / Творчі спілки,0,0,132,132,https://zakon.rada.gov.ua/laws/main/jj70,https://zakon.rada.gov.ua/laws/main/jj70,[],Творчі спілки. Шлях: Основи суспільного ладу / Законодавство про об'єднання громадян / Творчі спілки. Код: 10260 40.,,,2026-10-05 18:41:38,2026-10-05 18:41:38
4507,10260 50,10260,3,"З'їзди, конференції та ін.","З'їзди, конференції та ін.",10 / 10260 / 10260 50,"Основи суспільного ладу / Законодавство про об'єднання громадян / З'їзди, конференції та ін.",0,0,433,433,https://zakon.rada.gov.ua/laws/main/jj71,https://zakon.rada.gov.ua/laws/main/jj71,[],"З'їзди, конференції та ін.. Шлях: Основи суспільного ладу / Законодавство про об'єднання громадян / З'їзди, конференції та ін.. Код: 10260 50.",,,2026-10-05 18:41:38,2026-10-05 18:41:38
4508,10260 60,10260,3,Громадські фонди,Громадські фонди,10 / 10260 / 10260 60,Основи суспільного ладу / Законодавство про об'єднання громадян / Громадські фонди,0,0,9,9,https://zakon.rada.gov.ua/laws/main/jj72,https://zakon.rada.gov.ua/laws/main/jj72,[],Громадські фонди. Шлях: Основи суспільного ладу / Законодавство про об'єднання громадян / Громадські фонди. Код: 10260 60.,,,2026-10-05 18:41:38,2026-10-05 18:41:38
4509,10270,10,2,Фонди державні та неурядові,Фонди державні та неурядові,10 / 10270,Основи суспільного ладу / Фонди державні та неурядові,0,0,1026,1026,https://zakon.rada.gov.ua/laws/main/jj73,https://zakon.rada.gov.ua/laws/main/jj73,[],Фонди державні та неурядові. Шлях: Основи суспільного ладу / Фонди державні та неурядові. Код: 10270.,,,2026-10-05 18:41:38,2026-10-05 18:41:38
4510,10280,10,2,"Законодавство про організацію та проведення мітингів, демонстрацій та інших масових заходів","Законодавство про організацію та проведення мітингів, демонстрацій та інших масових заходів",10 / 10280,"Основи суспільного ладу / Законодавство про організацію та проведення мітингів, демонстрацій та інших масових заходів",0,0,66,66,https://zakon.rada.gov.ua/laws/main/jj74,https://zakon.rada.gov.ua/laws/main/jj74,[],"Законодавство про організацію та проведення мітингів, демонстрацій та інших масових заходів. Шлях: Основи суспільного ладу / Законодавство про організацію та проведення мітингів, демонстрацій та інших масових заходів. Код: 10280.",,,2026-10-05 18:41:38,2026-10-05 18:41:38
4511,10290,10,2,Благодійність і спонсорство,Благодійність і спонсорство,10 / 10290,Основи суспільного ладу / Благодійність і спонсорство,1,2,354,186,https://zakon.rada.gov.ua/laws/main/j75,https://zakon.rada.gov.ua/laws/main/jj75,[],Благодійність і спонсорство. Шлях: Основи суспільного ладу / Благодійність і спонсорство. Код: 10290.,,,2026-10-05 18:41:38,2026-10-05 18:41:38
4512,10290 10,10290,3,Благодійні фонди,Благодійні фонди,10 / 10290 / 10290 10,Основи суспільного ладу / Благодійність і спонсорство / Благодійні фонди,0,0,201,201,https://zakon.rada.gov.ua/laws/main/jj76,https://zakon.rada.gov.ua/laws/main/jj76,[],Благодійні фонди. Шлях: Основи суспільного ладу / Благодійність і спонсорство / Благодійні фонди. Код: 10290 10.,,,2026-10-05 18:41:38,2026-10-05 18:41:38
4513,10290 20,10290,3,Добровільні внески і пожертвування,Добровільні внески і пожертвування,10 / 10290 / 10290 20,Основи суспільного ладу / Благодійність і спонсорство / Добровільні внески і пожертвування,0,0,19,19,https://zakon.rada.gov.ua/laws/main/jj77,https://zakon.rada.gov.ua/laws/main/jj77,[],Добровільні внески і пожертвування. Шлях: Основи суспільного ладу / Благодійність і спонсорство / Добровільні внески і пожертвування. Код: 10290 20.,,,2026-10-05 18:41:38,2026-10-05 18:41:38
4514,10300,10,2,Законодавство про свободу совісті та релігійні організації,Законодавство про свободу совісті та релігійні організації,10 / 10300,Основи суспільного ладу / Законодавство про свободу совісті та релігійні організації,0,0,293,293,https://zakon.rada.gov.ua/laws/main/jj78,https://zakon.rada.gov.ua/laws/main/jj78,[],Законодавство про свободу совісті та релігійні організації. Шлях: Основи суспільного ладу / Законодавство про свободу совісті та релігійні організації. Код: 10300.,,,2026-10-05 18:41:38,2026-10-05 18:41:38
4515,10310,10,2,Прапори і вимпели,Прапори і вимпели,10 / 10310,Основи суспільного ладу / Прапори і вимпели,0,0,14,14,https://zakon.rada.gov.ua/laws/main/jj79,https://zakon.rada.gov.ua/laws/main/jj79,[],Прапори і вимпели. Шлях: Основи суспільного ладу / Прапори і вимпели. Код: 10310.,,,2026-10-05 18:41:38,2026-10-05 18:41:38
4516,10320,10,2,Штампи та печатки. Надписи на установах,Штампи та печатки. Надписи на установах,10 / 10320,Основи суспільного ладу / Штампи та печатки. Надписи на установах,0,0,126,126,https://zakon.rada.gov.ua/laws/main/jj80,https://zakon.rada.gov.ua/laws/main/jj80,[],Штампи та печатки. Надписи на установах. Шлях: Основи суспільного ладу / Штампи та печатки. Надписи на установах. Код: 10320.,,,2026-10-05 18:41:38,2026-10-05 18:41:38
4517,10330,10,2,Національний архівний фонд і архівні установи,Національний архівний фонд і архівні установи,10 / 10330,Основи суспільного ладу / Національний архівний фонд і архівні установи,0,0,649,649,https://zakon.rada.gov.ua/laws/main/jj81,https://zakon.rada.gov.ua/laws/main/jj81,[],Національний архівний фонд і архівні установи. Шлях: Основи суспільного ладу / Національний архівний фонд і архівні установи. Код: 10330.,,,2026-10-05 18:41:38,2026-10-05 18:41:38
4518,10340,10,2,Ювілеї. Увічнення пам'яті. Меморіальні дошки. Присвоєння імен державних та громадських діячів,Ювілеї. Увічнення пам'яті. Меморіальні дошки. Присвоєння імен державних та громадських діячів,10 / 10340,Основи суспільного ладу / Ювілеї. Увічнення пам'яті. Меморіальні дошки. Присвоєння імен державних та громадських діячів,0,0,2277,2277,https://zakon.rada.gov.ua/laws/main/jj82,https://zakon.rada.gov.ua/laws/main/jj82,[],Ювілеї. Увічнення пам'яті. Меморіальні дошки. Присвоєння імен державних та громадських діячів. Шлях: Основи суспільного ладу / Ювілеї. Увічнення пам'яті. Меморіальні дошки. Присвоєння імен державних та громадських діячів. Код: 10340.,,,2026-10-05 18:41:38,2026-10-05 18:41:38
4519,10350,10,2,Відновлення втрачених документів,Відновлення втрачених документів,10 / 10350,Основи суспільного ладу / Відновлення втрачених документів,0,0,2,2,https://zakon.rada.gov.ua/laws/main/jj83,https://zakon.rada.gov.ua/laws/main/jj83,[],Відновлення втрачених документів. Шлях: Основи суспільного ладу / Відновлення втрачених документів. Код: 10350.,,,2026-10-05 18:41:38,2026-10-05 18:41:38
4520,10360,10,2,Найменування та перейменування. Географічні назви,Найменування та перейменування. Географічні назви,10 / 10360,Основи суспільного ладу / Найменування та перейменування. Географічні назви,1,2,515,233,https://zakon.rada.gov.ua/laws/main/j84,https://zakon.rada.gov.ua/laws/main/jj84,[],Найменування та перейменування. Географічні назви. Шлях: Основи суспільного ладу / Найменування та перейменування. Географічні назви. Код: 10360.,,,2026-10-05 18:41:38,2026-10-05 18:41:38
4521,10360 10,10360,3,Населених пунктів,Населених пунктів,10 / 10360 / 10360 10,Основи суспільного ладу / Найменування та перейменування. Географічні назви / Населених пунктів,0,0,260,260,https://zakon.rada.gov.ua/laws/main/jj85,https://zakon.rada.gov.ua/laws/main/jj85,[],Населених пунктів. Шлях: Основи суспільного ладу / Найменування та перейменування. Географічні назви / Населених пунктів. Код: 10360 10.,,,2026-10-05 18:41:38,2026-10-05 18:41:38
4522,10360 20,10360,3,Державних об'єктів,Державних об'єктів,10 / 10360 / 10360 20,Основи суспільного ладу / Найменування та перейменування. Географічні назви / Державних об'єктів,0,0,38,38,https://zakon.rada.gov.ua/laws/main/jj86,https://zakon.rada.gov.ua/laws/main/jj86,[],Державних об'єктів. Шлях: Основи суспільного ладу / Найменування та перейменування. Географічні назви / Державних об'єктів. Код: 10360 20.,,,2026-10-05 18:41:38,2026-10-05 18:41:38
4523,10370,10,2,Адміністративно-територіальний устрій України. Статус адміністративно-територіальних одиниць,Адміністративно-територіальний устрій України. Статус адміністративно-територіальних одиниць,10 / 10370,Основи суспільного ладу / Адміністративно-територіальний устрій України. Статус адміністративно-територіальних одиниць,1,7,1716,245,https://zakon.rada.gov.ua/laws/main/j87,https://zakon.rada.gov.ua/laws/main/jj87,[],Адміністративно-територіальний устрій України. Статус адміністративно-територіальних одиниць. Шлях: Основи суспільного ладу / Адміністративно-територіальний устрій України. Статус адміністративно-територіальних одиниць. Код: 10370.,,,2026-10-05 18:41:38,2026-10-05 18:41:38
4524,10370 10,10370,3,Республіка Крим. Повноваження,Республіка Крим. Повноваження,10 / 10370 / 10370 10,Основи суспільного ладу / Адміністративно-територіальний устрій України. Статус адміністративно-територіальних одиниць / Республіка Крим. Повноваження,0,0,986,986,https://zakon.rada.gov.ua/laws/main/jj88,https://zakon.rada.gov.ua/laws/main/jj88,[],Республіка Крим. Повноваження. Шлях: Основи суспільного ладу / Адміністративно-територіальний устрій України. Статус адміністративно-територіальних одиниць / Республіка Крим. Повноваження. Код: 10370 10.,,,2026-10-05 18:41:38,2026-10-05 18:41:38
4525,10370 20,10370,3,Області,Області,10 / 10370 / 10370 20,Основи суспільного ладу / Адміністративно-територіальний устрій України. Статус адміністративно-територіальних одиниць / Області,0,0,26,26,https://zakon.rada.gov.ua/laws/main/jj89,https://zakon.rada.gov.ua/laws/main/jj89,[],Області. Шлях: Основи суспільного ладу / Адміністративно-територіальний устрій України. Статус адміністративно-територіальних одиниць / Області. Код: 10370 20.,,,2026-10-05 18:41:38,2026-10-05 18:41:38
4526,10370 30,10370,3,Райони,Райони,10 / 10370 / 10370 30,Основи суспільного ладу / Адміністративно-територіальний устрій України. Статус адміністративно-територіальних одиниць / Райони,0,0,43,43,https://zakon.rada.gov.ua/laws/main/jj90,https://zakon.rada.gov.ua/laws/main/jj90,[],Райони. Шлях: Основи суспільного ладу / Адміністративно-територіальний устрій України. Статус адміністративно-територіальних одиниць / Райони. Код: 10370 30.,,,2026-10-05 18:41:38,2026-10-05 18:41:38
4527,10370 40,10370,3,Міста республіканського та обласного підпорядкування,Міста республіканського та обласного підпорядкування,10 / 10370 / 10370 40,Основи суспільного ладу / Адміністративно-територіальний устрій України. Статус адміністративно-територіальних одиниць / Міста республіканського та обласного підпорядкування,0,0,153,153,https://zakon.rada.gov.ua/laws/main/jj91,https://zakon.rada.gov.ua/laws/main/jj91,[],Міста республіканського та обласного підпорядкування. Шлях: Основи суспільного ладу / Адміністративно-територіальний устрій України. Статус адміністративно-територіальних одиниць / Міста республіканського та обласного підпорядкування. Код: 10370 40.,,,2026-10-05 18:41:38,2026-10-05 18:41:38
4528,10370 50,10370,3,Міста районного підпорядкування,Міста районного підпорядкування,10 / 10370 / 10370 50,Основи суспільного ладу / Адміністративно-територіальний устрій України. Статус адміністративно-територіальних одиниць / Міста районного підпорядкування,0,0,222,222,https://zakon.rada.gov.ua/laws/main/jj92,https://zakon.rada.gov.ua/laws/main/jj92,[],Міста районного підпорядкування. Шлях: Основи суспільного ладу / Адміністративно-територіальний устрій України. Статус адміністративно-територіальних одиниць / Міста районного підпорядкування. Код: 10370 50.,,,2026-10-05 18:41:38,2026-10-05 18:41:38
4529,10370 60,10370,3,Селища міського типу,Селища міського типу,10 / 10370 / 10370 60,Основи суспільного ладу / Адміністративно-територіальний устрій України. Статус адміністративно-територіальних одиниць / Селища міського типу,0,0,19,19,https://zakon.rada.gov.ua/laws/main/jj93,https://zakon.rada.gov.ua/laws/main/jj93,[],Селища міського типу. Шлях: Основи суспільного ладу / Адміністративно-територіальний устрій України. Статус адміністративно-територіальних одиниць / Селища міського типу. Код: 10370 60.,,,2026-10-05 18:41:38,2026-10-05 18:41:38
4530,10370 70,10370,3,"Села, селища, хутори","Села, селища, хутори",10 / 10370 / 10370 70,"Основи суспільного ладу / Адміністративно-територіальний устрій України. Статус адміністративно-територіальних одиниць / Села, селища, хутори",0,0,76,76,https://zakon.rada.gov.ua/laws/main/jj94,https://zakon.rada.gov.ua/laws/main/jj94,[],"Села, селища, хутори. Шлях: Основи суспільного ладу / Адміністративно-територіальний устрій України. Статус адміністративно-територіальних одиниць / Села, селища, хутори. Код: 10370 70.",,,2026-10-05 18:41:38,2026-10-05 18:41:38
4531,10380,10,2,"Призначення на посади, звільнення з посад","Призначення на посади, звільнення з посад",10 / 10380,"Основи суспільного ладу / Призначення на посади, звільнення з посад",0,0,35852,35852,https://zakon.rada.gov.ua/laws/main/jj1063,https://zakon.rada.gov.ua/laws/main/jj1063,[],"Призначення на посади, звільнення з посад. Шлях: Основи суспільного ладу / Призначення на посади, звільнення з посад. Код: 10380.",,,2026-10-05 18:41:38,2026-10-05 18:41:38
4532,10390,10,2,Лобіювання,Лобіювання,10 / 10390,Основи суспільного ладу / Лобіювання,0,0,8,8,https://zakon.rada.gov.ua/laws/main/jj1118,https://zakon.rada.gov.ua/laws/main/jj1118,[],Лобіювання. Шлях: Основи суспільного ладу / Лобіювання. Код: 10390.,,,2026-10-05 18:41:38,2026-10-05 18:41:38
4533,20,,1,Бюджетно-фінансове законодавство,Бюджетно-фінансове законодавство,20,Бюджетно-фінансове законодавство,1,18,55316,887,https://zakon.rada.gov.ua/laws/main/j95,https://zakon.rada.gov.ua/laws/main/jj95,[],Бюджетно-фінансове законодавство. Шлях: Бюджетно-фінансове законодавство. Код: 20.,,,2026-10-05 18:41:38,2026-10-05 18:41:38
4534,20 10,20,2,Державний бюджет України,Державний бюджет України,20 / 20 10,Бюджетно-фінансове законодавство / Державний бюджет України,1,9,13013,1316,https://zakon.rada.gov.ua/laws/main/j96,https://zakon.rada.gov.ua/laws/main/jj96,[],Державний бюджет України. Шлях: Бюджетно-фінансове законодавство / Державний бюджет України. Код: 20 10.,,,2026-10-05 18:41:38,2026-10-05 18:41:38
4535,20 10 09,20 10,3,Бюджетна система України,Бюджетна система України,20 / 20 10 / 20 10 09,Бюджетно-фінансове законодавство / Державний бюджет України / Бюджетна система України,0,0,49,49,https://zakon.rada.gov.ua/laws/main/jj97,https://zakon.rada.gov.ua/laws/main/jj97,[],Бюджетна система України. Шлях: Бюджетно-фінансове законодавство / Державний бюджет України / Бюджетна система України. Код: 20 10 09.,,,2026-10-05 18:41:38,2026-10-05 18:41:38
4536,20 10 10,20 10,3,Республіканський бюджет Республіки Крим,Республіканський бюджет Республіки Крим,20 / 20 10 / 20 10 10,Бюджетно-фінансове законодавство / Державний бюджет України / Республіканський бюджет Республіки Крим,0,0,42,42,https://zakon.rada.gov.ua/laws/main/jj98,https://zakon.rada.gov.ua/laws/main/jj98,[],Республіканський бюджет Республіки Крим. Шлях: Бюджетно-фінансове законодавство / Державний бюджет України / Республіканський бюджет Республіки Крим. Код: 20 10 10.,,,2026-10-05 18:41:38,2026-10-05 18:41:38
4537,20 10 20,20 10,3,Бюджети місцевих Рад,Бюджети місцевих Рад,20 / 20 10 / 20 10 20,Бюджетно-фінансове законодавство / Державний бюджет України / Бюджети місцевих Рад,0,0,1719,1719,https://zakon.rada.gov.ua/laws/main/jj99,https://zakon.rada.gov.ua/laws/main/jj99,[],Бюджети місцевих Рад. Шлях: Бюджетно-фінансове законодавство / Державний бюджет України / Бюджети місцевих Рад. Код: 20 10 20.,,,2026-10-05 18:41:38,2026-10-05 18:41:38
4538,20 10 30,20 10,3,Позабюджетні фонди,Позабюджетні фонди,20 / 20 10 / 20 10 30,Бюджетно-фінансове законодавство / Державний бюджет України / Позабюджетні фонди,0,0,97,97,https://zakon.rada.gov.ua/laws/main/jj100,https://zakon.rada.gov.ua/laws/main/jj100,[],Позабюджетні фонди. Шлях: Бюджетно-фінансове законодавство / Державний бюджет України / Позабюджетні фонди. Код: 20 10 30.,,,2026-10-05 18:41:38,2026-10-05 18:41:38
4539,20 10 40,20 10,3,Резервний фонд Кабінету Міністрів. Резервний фонд державного бюджету,Резервний фонд Кабінету Міністрів. Резервний фонд державного бюджету,20 / 20 10 / 20 10 40,Бюджетно-фінансове законодавство / Державний бюджет України / Резервний фонд Кабінету Міністрів. Резервний фонд державного бюджету,0,0,1766,1766,https://zakon.rada.gov.ua/laws/main/jj101,https://zakon.rada.gov.ua/laws/main/jj101,[],Резервний фонд Кабінету Міністрів. Резервний фонд державного бюджету. Шлях: Бюджетно-фінансове законодавство / Державний бюджет України / Резервний фонд Кабінету Міністрів. Резервний фонд державного бюджету. Код: 20 10 40.,,,2026-10-05 18:41:38,2026-10-05 18:41:38
4540,20 10 50,20 10,3,Цільові фонди,Цільові фонди,20 / 20 10 / 20 10 50,Бюджетно-фінансове законодавство / Державний бюджет України / Цільові фонди,0,0,263,263,https://zakon.rada.gov.ua/laws/main/jj102,https://zakon.rada.gov.ua/laws/main/jj102,[],Цільові фонди. Шлях: Бюджетно-фінансове законодавство / Державний бюджет України / Цільові фонди. Код: 20 10 50.,,,2026-10-05 18:41:38,2026-10-05 18:41:38
4541,20 10 60,20 10,3,"Складання, розгляд і затвердження бюджету","Складання, розгляд і затвердження бюджету",20 / 20 10 / 20 10 60,"Бюджетно-фінансове законодавство / Державний бюджет України / Складання, розгляд і затвердження бюджету",0,0,137,137,https://zakon.rada.gov.ua/laws/main/jj103,https://zakon.rada.gov.ua/laws/main/jj103,[],"Складання, розгляд і затвердження бюджету. Шлях: Бюджетно-фінансове законодавство / Державний бюджет України / Складання, розгляд і затвердження бюджету. Код: 20 10 60.",,,2026-10-05 18:41:38,2026-10-05 18:41:38
4542,20 10 70,20 10,3,Виконання бюджету. Платежі в бюджет. Державне казначейство,Виконання бюджету. Платежі в бюджет. Державне казначейство,20 / 20 10 / 20 10 70,Бюджетно-фінансове законодавство / Державний бюджет України / Виконання бюджету. Платежі в бюджет. Державне казначейство,0,0,9354,9354,https://zakon.rada.gov.ua/laws/main/jj104,https://zakon.rada.gov.ua/laws/main/jj104,[],Виконання бюджету. Платежі в бюджет. Державне казначейство. Шлях: Бюджетно-фінансове законодавство / Державний бюджет України / Виконання бюджету. Платежі в бюджет. Державне казначейство. Код: 20 10 70.,,,2026-10-05 18:41:38,2026-10-05 18:41:38
4543,20 10 80,20 10,3,Контроль за виконанням бюджету.Рахункова палата Верховної Ради України,Контроль за виконанням бюджету.Рахункова палата Верховної Ради України,20 / 20 10 / 20 10 80,Бюджетно-фінансове законодавство / Державний бюджет України / Контроль за виконанням бюджету.Рахункова палата Верховної Ради України,0,0,188,188,https://zakon.rada.gov.ua/laws/main/jj105,https://zakon.rada.gov.ua/laws/main/jj105,[],Контроль за виконанням бюджету.Рахункова палата Верховної Ради України. Шлях: Бюджетно-фінансове законодавство / Державний бюджет України / Контроль за виконанням бюджету.Рахункова палата Верховної Ради України. Код: 20 10 80.,,,2026-10-05 18:41:38,2026-10-05 18:41:38
4544,20 20,20,2,Контрольно-ревізійне управління Міністерства фінансів та інших міністерств і відомств,Контрольно-ревізійне управління Міністерства фінансів та інших міністерств і відомств,20 / 20 20,Бюджетно-фінансове законодавство / Контрольно-ревізійне управління Міністерства фінансів та інших міністерств і відомств,0,0,90,90,https://zakon.rada.gov.ua/laws/main/jj106,https://zakon.rada.gov.ua/laws/main/jj106,[],Контрольно-ревізійне управління Міністерства фінансів та інших міністерств і відомств. Шлях: Бюджетно-фінансове законодавство / Контрольно-ревізійне управління Міністерства фінансів та інших міністерств і відомств. Код: 20 20.,,,2026-10-05 18:41:38,2026-10-05 18:41:38
4545,20 30,20,2,Аудиторська діяльність в фінансовій сфері,Аудиторська діяльність в фінансовій сфері,20 / 20 30,Бюджетно-фінансове законодавство / Аудиторська діяльність в фінансовій сфері,0,0,456,456,https://zakon.rada.gov.ua/laws/main/jj107,https://zakon.rada.gov.ua/laws/main/jj107,[],Аудиторська діяльність в фінансовій сфері. Шлях: Бюджетно-фінансове законодавство / Аудиторська діяльність в фінансовій сфері. Код: 20 30.,,,2026-10-05 18:41:38,2026-10-05 18:41:38
4546,20 40,20,2,Державна податкова служба,Державна податкова служба,20 / 20 40,Бюджетно-фінансове законодавство / Державна податкова служба,1,1,1111,899,https://zakon.rada.gov.ua/laws/main/j108,https://zakon.rada.gov.ua/laws/main/jj108,[],Державна податкова служба. Шлях: Бюджетно-фінансове законодавство / Державна податкова служба. Код: 20 40.,,,2026-10-05 18:41:38,2026-10-05 18:41:38
4547,20 40 10,20 40,3,Декларування доходів громадян. Державний реєстр платників податків,Декларування доходів громадян. Державний реєстр платників податків,20 / 20 40 / 20 40 10,Бюджетно-фінансове законодавство / Державна податкова служба / Декларування доходів громадян. Державний реєстр платників податків,0,0,216,216,https://zakon.rada.gov.ua/laws/main/jj109,https://zakon.rada.gov.ua/laws/main/jj109,[],Декларування доходів громадян. Державний реєстр платників податків. Шлях: Бюджетно-фінансове законодавство / Державна податкова служба / Декларування доходів громадян. Державний реєстр платників податків. Код: 20 40 10.,,,2026-10-05 18:41:38,2026-10-05 18:41:38
4548,20 50,20,2,Податки та обов'язкові платежі,Податки та обов'язкові платежі,20 / 20 50,Бюджетно-фінансове законодавство / Податки та обов'язкові платежі,1,23,6038,2423,https://zakon.rada.gov.ua/laws/main/j110,https://zakon.rada.gov.ua/laws/main/jj110,[],Податки та обов'язкові платежі. Шлях: Бюджетно-фінансове законодавство / Податки та обов'язкові платежі. Код: 20 50.,,,2026-10-05 18:41:38,2026-10-05 18:41:38
4549,20 50 10,20 50,3,Податок на прибуток,Податок на прибуток,20 / 20 50 / 20 50 10,Бюджетно-фінансове законодавство / Податки та обов'язкові платежі / Податок на прибуток,0,0,842,842,https://zakon.rada.gov.ua/laws/main/jj111,https://zakon.rada.gov.ua/laws/main/jj111,[],Податок на прибуток. Шлях: Бюджетно-фінансове законодавство / Податки та обов'язкові платежі / Податок на прибуток. Код: 20 50 10.,,,2026-10-05 18:41:38,2026-10-05 18:41:38
4550,20 50 20,20 50,3,Податок з обороту,Податок з обороту,20 / 20 50 / 20 50 20,Бюджетно-фінансове законодавство / Податки та обов'язкові платежі / Податок з обороту,0,0,10,10,https://zakon.rada.gov.ua/laws/main/jj112,https://zakon.rada.gov.ua/laws/main/jj112,[],Податок з обороту. Шлях: Бюджетно-фінансове законодавство / Податки та обов'язкові платежі / Податок з обороту. Код: 20 50 20.,,,2026-10-05 18:41:38,2026-10-05 18:41:38
4551,20 50 30,20 50,3,Акцизний збір,Акцизний збір,20 / 20 50 / 20 50 30,Бюджетно-фінансове законодавство / Податки та обов'язкові платежі / Акцизний збір,0,0,546,546,https://zakon.rada.gov.ua/laws/main/jj113,https://zakon.rada.gov.ua/laws/main/jj113,[],Акцизний збір. Шлях: Бюджетно-фінансове законодавство / Податки та обов'язкові платежі / Акцизний збір. Код: 20 50 30.,,,2026-10-05 18:41:38,2026-10-05 18:41:38
4552,20 50 40,20 50,3,Податок на добавлену вартість; податок на додану вартість,Податок на добавлену вартість; податок на додану вартість,20 / 20 50 / 20 50 40,Бюджетно-фінансове законодавство / Податки та обов'язкові платежі / Податок на добавлену вартість; податок на додану вартість,0,0,1481,1481,https://zakon.rada.gov.ua/laws/main/jj114,https://zakon.rada.gov.ua/laws/main/jj114,[],Податок на добавлену вартість; податок на додану вартість. Шлях: Бюджетно-фінансове законодавство / Податки та обов'язкові платежі / Податок на добавлену вартість; податок на додану вартість. Код: 20 50 40.,,,2026-10-05 18:41:38,2026-10-05 18:41:38
4553,20 50 50,20 50,3,Податок на експорт і імпорт,Податок на експорт і імпорт,20 / 20 50 / 20 50 50,Бюджетно-фінансове законодавство / Податки та обов'язкові платежі / Податок на експорт і імпорт,0,0,10,10,https://zakon.rada.gov.ua/laws/main/jj115,https://zakon.rada.gov.ua/laws/main/jj115,[],Податок на експорт і імпорт. Шлях: Бюджетно-фінансове законодавство / Податки та обов'язкові платежі / Податок на експорт і імпорт. Код: 20 50 50.,,,2026-10-05 18:41:38,2026-10-05 18:41:38
4554,20 50 60,20 50,3,Податок на доходи,Податок на доходи,20 / 20 50 / 20 50 60,Бюджетно-фінансове законодавство / Податки та обов'язкові платежі / Податок на доходи,0,0,404,404,https://zakon.rada.gov.ua/laws/main/jj116,https://zakon.rada.gov.ua/laws/main/jj116,[],Податок на доходи. Шлях: Бюджетно-фінансове законодавство / Податки та обов'язкові платежі / Податок на доходи. Код: 20 50 60.,,,2026-10-05 18:41:38,2026-10-05 18:41:38
4555,20 50 70,20 50,3,Податок на фонд оплати,Податок на фонд оплати,20 / 20 50 / 20 50 70,Бюджетно-фінансове законодавство / Податки та обов'язкові платежі / Податок на фонд оплати,0,0,2,2,https://zakon.rada.gov.ua/laws/main/jj117,https://zakon.rada.gov.ua/laws/main/jj117,[],Податок на фонд оплати. Шлях: Бюджетно-фінансове законодавство / Податки та обов'язкові платежі / Податок на фонд оплати. Код: 20 50 70.,,,2026-10-05 18:41:38,2026-10-05 18:41:38
4556,20 50 80,20 50,3,Прибутковий податок з громадян,Прибутковий податок з громадян,20 / 20 50 / 20 50 80,Бюджетно-фінансове законодавство / Податки та обов'язкові платежі / Прибутковий податок з громадян,0,0,151,151,https://zakon.rada.gov.ua/laws/main/jj118,https://zakon.rada.gov.ua/laws/main/jj118,[],Прибутковий податок з громадян. Шлях: Бюджетно-фінансове законодавство / Податки та обов'язкові платежі / Прибутковий податок з громадян. Код: 20 50 80.,,,2026-10-05 18:41:38,2026-10-05 18:41:38
4557,20 50 90,20 50,3,Плата за природні ресурси. Екологічний податок,Плата за природні ресурси. Екологічний податок,20 / 20 50 / 20 50 90,Бюджетно-фінансове законодавство / Податки та обов'язкові платежі / Плата за природні ресурси. Екологічний податок,0,0,121,121,https://zakon.rada.gov.ua/laws/main/jj119,https://zakon.rada.gov.ua/laws/main/jj119,[],Плата за природні ресурси. Екологічний податок. Шлях: Бюджетно-фінансове законодавство / Податки та обов'язкові платежі / Плата за природні ресурси. Екологічний податок. Код: 20 50 90.,,,2026-10-05 18:41:38,2026-10-05 18:41:38
4558,20 50100,20 50,3,Плата за землю,Плата за землю,20 / 20 50 / 20 50100,Бюджетно-фінансове законодавство / Податки та обов'язкові платежі / Плата за землю,0,0,153,153,https://zakon.rada.gov.ua/laws/main/jj120,https://zakon.rada.gov.ua/laws/main/jj120,[],Плата за землю. Шлях: Бюджетно-фінансове законодавство / Податки та обов'язкові платежі / Плата за землю. Код: 20 50100.,,,2026-10-05 18:41:38,2026-10-05 18:41:38
4559,20 50110,20 50,3,Лісовий доход,Лісовий доход,20 / 20 50 / 20 50110,Бюджетно-фінансове законодавство / Податки та обов'язкові платежі / Лісовий доход,0,0,3,3,https://zakon.rada.gov.ua/laws/main/jj121,https://zakon.rada.gov.ua/laws/main/jj121,[],Лісовий доход. Шлях: Бюджетно-фінансове законодавство / Податки та обов'язкові платежі / Лісовий доход. Код: 20 50110.,,,2026-10-05 18:41:38,2026-10-05 18:41:38
4560,20 50120,20 50,3,Податок з власників транспортних засобів,Податок з власників транспортних засобів,20 / 20 50 / 20 50120,Бюджетно-фінансове законодавство / Податки та обов'язкові платежі / Податок з власників транспортних засобів,0,0,58,58,https://zakon.rada.gov.ua/laws/main/jj122,https://zakon.rada.gov.ua/laws/main/jj122,[],Податок з власників транспортних засобів. Шлях: Бюджетно-фінансове законодавство / Податки та обов'язкові платежі / Податок з власників транспортних засобів. Код: 20 50120.,,,2026-10-05 18:41:38,2026-10-05 18:41:38
4561,20 50130,20 50,3,Податок з продажу,Податок з продажу,20 / 20 50 / 20 50130,Бюджетно-фінансове законодавство / Податки та обов'язкові платежі / Податок з продажу,0,0,7,7,https://zakon.rada.gov.ua/laws/main/jj123,https://zakon.rada.gov.ua/laws/main/jj123,[],Податок з продажу. Шлях: Бюджетно-фінансове законодавство / Податки та обов'язкові платежі / Податок з продажу. Код: 20 50130.,,,2026-10-05 18:41:38,2026-10-05 18:41:38
4562,20 50140,20 50,3,Податок на операції з цінними паперами,Податок на операції з цінними паперами,20 / 20 50 / 20 50140,Бюджетно-фінансове законодавство / Податки та обов'язкові платежі / Податок на операції з цінними паперами,0,0,0,0,,,[],Податок на операції з цінними паперами. Шлях: Бюджетно-фінансове законодавство / Податки та обов'язкові платежі / Податок на операції з цінними паперами. Код: 20 50140.,,,2026-10-05 18:41:38,2026-10-05 18:41:38
4563,20 50150,20 50,3,Податок на майно,Податок на майно,20 / 20 50 / 20 50150,Бюджетно-фінансове законодавство / Податки та обов'язкові платежі / Податок на майно,0,0,26,26,https://zakon.rada.gov.ua/laws/main/jj125,https://zakon.rada.gov.ua/laws/main/jj125,[],Податок на майно. Шлях: Бюджетно-фінансове законодавство / Податки та обов'язкові платежі / Податок на майно. Код: 20 50150.,,,2026-10-05 18:41:38,2026-10-05 18:41:38
4564,20 50160,20 50,3,Податок на паливо,Податок на паливо,20 / 20 50 / 20 50160,Бюджетно-фінансове законодавство / Податки та обов'язкові платежі / Податок на паливо,0,0,0,0,,,[],Податок на паливо. Шлях: Бюджетно-фінансове законодавство / Податки та обов'язкові платежі / Податок на паливо. Код: 20 50160.,,,2026-10-05 18:41:38,2026-10-05 18:41:38
4565,20 50170,20 50,3,Податок на нерухомість,Податок на нерухомість,20 / 20 50 / 20 50170,Бюджетно-фінансове законодавство / Податки та обов'язкові платежі / Податок на нерухомість,0,0,5,5,https://zakon.rada.gov.ua/laws/main/jj127,https://zakon.rada.gov.ua/laws/main/jj127,[],Податок на нерухомість. Шлях: Бюджетно-фінансове законодавство / Податки та обов'язкові платежі / Податок на нерухомість. Код: 20 50170.,,,2026-10-05 18:41:38,2026-10-05 18:41:38
4566,20 50180,20 50,3,Податок на промисел,Податок на промисел,20 / 20 50 / 20 50180,Бюджетно-фінансове законодавство / Податки та обов'язкові платежі / Податок на промисел,0,0,3,3,https://zakon.rada.gov.ua/laws/main/jj128,https://zakon.rada.gov.ua/laws/main/jj128,[],Податок на промисел. Шлях: Бюджетно-фінансове законодавство / Податки та обов'язкові платежі / Податок на промисел. Код: 20 50180.,,,2026-10-05 18:41:38,2026-10-05 18:41:38
4567,20 50190,20 50,3,Податок на транзит,Податок на транзит,20 / 20 50 / 20 50190,Бюджетно-фінансове законодавство / Податки та обов'язкові платежі / Податок на транзит,0,0,3,3,https://zakon.rada.gov.ua/laws/main/jj129,https://zakon.rada.gov.ua/laws/main/jj129,[],Податок на транзит. Шлях: Бюджетно-фінансове законодавство / Податки та обов'язкові платежі / Податок на транзит. Код: 20 50190.,,,2026-10-05 18:41:38,2026-10-05 18:41:38
4568,20 50200,20 50,3,Державне мито,Державне мито,20 / 20 50 / 20 50200,Бюджетно-фінансове законодавство / Податки та обов'язкові платежі / Державне мито,0,0,217,217,https://zakon.rada.gov.ua/laws/main/jj130,https://zakon.rada.gov.ua/laws/main/jj130,[],Державне мито. Шлях: Бюджетно-фінансове законодавство / Податки та обов'язкові платежі / Державне мито. Код: 20 50200.,,,2026-10-05 18:41:38,2026-10-05 18:41:38
4569,20 50210,20 50,3,Податок вартості робіт по будівництву,Податок вартості робіт по будівництву,20 / 20 50 / 20 50210,Бюджетно-фінансове законодавство / Податки та обов'язкові платежі / Податок вартості робіт по будівництву,0,0,3,3,https://zakon.rada.gov.ua/laws/main/jj131,https://zakon.rada.gov.ua/laws/main/jj131,[],Податок вартості робіт по будівництву. Шлях: Бюджетно-фінансове законодавство / Податки та обов'язкові платежі / Податок вартості робіт по будівництву. Код: 20 50210.,,,2026-10-05 18:41:38,2026-10-05 18:41:38
4570,20 50220,20 50,3,Фіксований сільськогосподарський податок,Фіксований сільськогосподарський податок,20 / 20 50 / 20 50220,Бюджетно-фінансове законодавство / Податки та обов'язкові платежі / Фіксований сільськогосподарський податок,0,0,79,79,https://zakon.rada.gov.ua/laws/main/jj132,https://zakon.rada.gov.ua/laws/main/jj132,[],Фіксований сільськогосподарський податок. Шлях: Бюджетно-фінансове законодавство / Податки та обов'язкові платежі / Фіксований сільськогосподарський податок. Код: 20 50220.,,,2026-10-05 18:41:38,2026-10-05 18:41:38
4571,20 50230,20 50,3,Рентні платежі,Рентні платежі,20 / 20 50 / 20 50230,Бюджетно-фінансове законодавство / Податки та обов'язкові платежі / Рентні платежі,0,0,60,60,https://zakon.rada.gov.ua/laws/main/jj1072,https://zakon.rada.gov.ua/laws/main/jj1072,[],Рентні платежі. Шлях: Бюджетно-фінансове законодавство / Податки та обов'язкові платежі / Рентні платежі. Код: 20 50230.,,,2026-10-05 18:41:38,2026-10-05 18:41:38
4572,20 60,20,2,Місцеві податки і збори,Місцеві податки і збори,20 / 20 60,Бюджетно-фінансове законодавство / Місцеві податки і збори,0,0,528,528,https://zakon.rada.gov.ua/laws/main/jj133,https://zakon.rada.gov.ua/laws/main/jj133,[],Місцеві податки і збори. Шлях: Бюджетно-фінансове законодавство / Місцеві податки і збори. Код: 20 60.,,,2026-10-05 18:41:38,2026-10-05 18:41:38
4573,20 70,20,2,"Пільги щодо сплати податків, зборів та інших платежів","Пільги щодо сплати податків, зборів та інших платежів",20 / 20 70,"Бюджетно-фінансове законодавство / Пільги щодо сплати податків, зборів та інших платежів",0,0,965,965,https://zakon.rada.gov.ua/laws/main/jj134,https://zakon.rada.gov.ua/laws/main/jj134,[],"Пільги щодо сплати податків, зборів та інших платежів. Шлях: Бюджетно-фінансове законодавство / Пільги щодо сплати податків, зборів та інших платежів. Код: 20 70.",,,2026-10-05 18:41:38,2026-10-05 18:41:38
4574,20 80,20,2,Самообкладання сільського населення,Самообкладання сільського населення,20 / 20 80,Бюджетно-фінансове законодавство / Самообкладання сільського населення,0,0,1,1,https://zakon.rada.gov.ua/laws/main/jj135,https://zakon.rada.gov.ua/laws/main/jj135,[],Самообкладання сільського населення. Шлях: Бюджетно-фінансове законодавство / Самообкладання сільського населення. Код: 20 80.,,,2026-10-05 18:41:38,2026-10-05 18:41:38
4575,20 90,20,2,Державні витрати,Державні витрати,20 / 20 90,Бюджетно-фінансове законодавство / Державні витрати,1,2,1882,169,https://zakon.rada.gov.ua/laws/main/j136,https://zakon.rada.gov.ua/laws/main/jj136,[],Державні витрати. Шлях: Бюджетно-фінансове законодавство / Державні витрати. Код: 20 90.,,,2026-10-05 18:41:38,2026-10-05 18:41:38
4576,20 90 10,20 90,3,Державний внутрішній борг України,Державний внутрішній борг України,20 / 20 90 / 20 90 10,Бюджетно-фінансове законодавство / Державні витрати / Державний внутрішній борг України,0,0,47,47,https://zakon.rada.gov.ua/laws/main/jj137,https://zakon.rada.gov.ua/laws/main/jj137,[],Державний внутрішній борг України. Шлях: Бюджетно-фінансове законодавство / Державні витрати / Державний внутрішній борг України. Код: 20 90 10.,,,2026-10-05 18:41:38,2026-10-05 18:41:38
4577,20 90 20,20 90,3,Фінансування,Фінансування,20 / 20 90 / 20 90 20,Бюджетно-фінансове законодавство / Державні витрати / Фінансування,1,4,1678,338,https://zakon.rada.gov.ua/laws/main/j138,https://zakon.rada.gov.ua/laws/main/jj138,[],Фінансування. Шлях: Бюджетно-фінансове законодавство / Державні витрати / Фінансування. Код: 20 90 20.,,,2026-10-05 18:41:38,2026-10-05 18:41:38
4578,20 90 20 10,20 90 20,4,Фінансування галузей народного господарства,Фінансування галузей народного господарства,20 / 20 90 / 20 90 20 / 20 90 20 10,Бюджетно-фінансове законодавство / Державні витрати / Фінансування / Фінансування галузей народного господарства,0,0,523,523,https://zakon.rada.gov.ua/laws/main/jj139,https://zakon.rada.gov.ua/laws/main/jj139,[],Фінансування галузей народного господарства. Шлях: Бюджетно-фінансове законодавство / Державні витрати / Фінансування / Фінансування галузей народного господарства. Код: 20 90 20 10.,,,2026-10-05 18:41:38,2026-10-05 18:41:38
4579,20 90 20 20,20 90 20,4,Фінансування соціально-культурних заходів,Фінансування соціально-культурних заходів,20 / 20 90 / 20 90 20 / 20 90 20 20,Бюджетно-фінансове законодавство / Державні витрати / Фінансування / Фінансування соціально-культурних заходів,0,0,377,377,https://zakon.rada.gov.ua/laws/main/jj140,https://zakon.rada.gov.ua/laws/main/jj140,[],Фінансування соціально-культурних заходів. Шлях: Бюджетно-фінансове законодавство / Державні витрати / Фінансування / Фінансування соціально-культурних заходів. Код: 20 90 20 20.,,,2026-10-05 18:41:38,2026-10-05 18:41:38
4580,20 90 20 30,20 90 20,4,Фінансування науки. Інноваційний фонд,Фінансування науки. Інноваційний фонд,20 / 20 90 / 20 90 20 / 20 90 20 30,Бюджетно-фінансове законодавство / Державні витрати / Фінансування / Фінансування науки. Інноваційний фонд,0,0,273,273,https://zakon.rada.gov.ua/laws/main/jj141,https://zakon.rada.gov.ua/laws/main/jj141,[],Фінансування науки. Інноваційний фонд. Шлях: Бюджетно-фінансове законодавство / Державні витрати / Фінансування / Фінансування науки. Інноваційний фонд. Код: 20 90 20 30.,,,2026-10-05 18:41:38,2026-10-05 18:41:38
4581,20 90 20 40,20 90 20,4,Інші витрати,Інші витрати,20 / 20 90 / 20 90 20 / 20 90 20 40,Бюджетно-фінансове законодавство / Державні витрати / Фінансування / Інші витрати,0,0,184,184,https://zakon.rada.gov.ua/laws/main/jj142,https://zakon.rada.gov.ua/laws/main/jj142,[],Інші витрати. Шлях: Бюджетно-фінансове законодавство / Державні витрати / Фінансування / Інші витрати. Код: 20 90 20 40.,,,2026-10-05 18:41:38,2026-10-05 18:41:38
4582,20100,20,2,Державний зовнішній борг,Державний зовнішній борг,20 / 20100,Бюджетно-фінансове законодавство / Державний зовнішній борг,0,0,115,115,https://zakon.rada.gov.ua/laws/main/jj143,https://zakon.rada.gov.ua/laws/main/jj143,[],Державний зовнішній борг. Шлях: Бюджетно-фінансове законодавство / Державний зовнішній борг. Код: 20100.,,,2026-10-05 18:41:38,2026-10-05 18:41:38
4583,20110,20,2,Страхова діяльність,Страхова діяльність,20 / 20110,Бюджетно-фінансове законодавство / Страхова діяльність,1,3,1193,513,https://zakon.rada.gov.ua/laws/main/j144,https://zakon.rada.gov.ua/laws/main/jj144,[],Страхова діяльність. Шлях: Бюджетно-фінансове законодавство / Страхова діяльність. Код: 20110.,,,2026-10-05 18:41:38,2026-10-05 18:41:38
4584,20110 10,20110,3,Обов'язкове страхування,Обов'язкове страхування,20 / 20110 / 20110 10,Бюджетно-фінансове законодавство / Страхова діяльність / Обов'язкове страхування,0,0,496,496,https://zakon.rada.gov.ua/laws/main/jj145,https://zakon.rada.gov.ua/laws/main/jj145,[],Обов'язкове страхування. Шлях: Бюджетно-фінансове законодавство / Страхова діяльність / Обов'язкове страхування. Код: 20110 10.,,,2026-10-05 18:41:38,2026-10-05 18:41:38
4585,20110 20,20110,3,Добровільне страхування,Добровільне страхування,20 / 20110 / 20110 20,Бюджетно-фінансове законодавство / Страхова діяльність / Добровільне страхування,0,0,32,32,https://zakon.rada.gov.ua/laws/main/jj146,https://zakon.rada.gov.ua/laws/main/jj146,[],Добровільне страхування. Шлях: Бюджетно-фінансове законодавство / Страхова діяльність / Добровільне страхування. Код: 20110 20.,,,2026-10-05 18:41:38,2026-10-05 18:41:38
4586,20110 30,20110,3,Види страхування,Види страхування,20 / 20110 / 20110 30,Бюджетно-фінансове законодавство / Страхова діяльність / Види страхування,1,4,213,24,https://zakon.rada.gov.ua/laws/main/j147,https://zakon.rada.gov.ua/laws/main/jj147,[],Види страхування. Шлях: Бюджетно-фінансове законодавство / Страхова діяльність / Види страхування. Код: 20110 30.,,,2026-10-05 18:41:38,2026-10-05 18:41:38
4587,20110 30 10,20110 30,4,Особисте,Особисте,20 / 20110 / 20110 30 / 20110 30 10,Бюджетно-фінансове законодавство / Страхова діяльність / Види страхування / Особисте,0,0,42,42,https://zakon.rada.gov.ua/laws/main/jj148,https://zakon.rada.gov.ua/laws/main/jj148,[],Особисте. Шлях: Бюджетно-фінансове законодавство / Страхова діяльність / Види страхування / Особисте. Код: 20110 30 10.,,,2026-10-05 18:41:38,2026-10-05 18:41:38
4588,20110 30 20,20110 30,4,Майнове,Майнове,20 / 20110 / 20110 30 / 20110 30 20,Бюджетно-фінансове законодавство / Страхова діяльність / Види страхування / Майнове,0,0,30,30,https://zakon.rada.gov.ua/laws/main/jj149,https://zakon.rada.gov.ua/laws/main/jj149,[],Майнове. Шлях: Бюджетно-фінансове законодавство / Страхова діяльність / Види страхування / Майнове. Код: 20110 30 20.,,,2026-10-05 18:41:38,2026-10-05 18:41:38
4589,20110 30 30,20110 30,4,Відповідальності,Відповідальності,20 / 20110 / 20110 30 / 20110 30 30,Бюджетно-фінансове законодавство / Страхова діяльність / Види страхування / Відповідальності,0,0,104,104,https://zakon.rada.gov.ua/laws/main/jj150,https://zakon.rada.gov.ua/laws/main/jj150,[],Відповідальності. Шлях: Бюджетно-фінансове законодавство / Страхова діяльність / Види страхування / Відповідальності. Код: 20110 30 30.,,,2026-10-05 18:41:38,2026-10-05 18:41:38
4590,20110 30 40,20110 30,4,Перестрахування,Перестрахування,20 / 20110 / 20110 30 / 20110 30 40,Бюджетно-фінансове законодавство / Страхова діяльність / Види страхування / Перестрахування,0,0,17,17,https://zakon.rada.gov.ua/laws/main/jj151,https://zakon.rada.gov.ua/laws/main/jj151,[],Перестрахування. Шлях: Бюджетно-фінансове законодавство / Страхова діяльність / Види страхування / Перестрахування. Код: 20110 30 40.,,,2026-10-05 18:41:38,2026-10-05 18:41:38
4591,20120,20,2,Грошовий обіг. Грошова реформа,Грошовий обіг. Грошова реформа,20 / 20120,Бюджетно-фінансове законодавство / Грошовий обіг. Грошова реформа,0,0,8785,8785,https://zakon.rada.gov.ua/laws/main/jj152,https://zakon.rada.gov.ua/laws/main/jj152,[],Грошовий обіг. Грошова реформа. Шлях: Бюджетно-фінансове законодавство / Грошовий обіг. Грошова реформа. Код: 20120.,,,2026-10-05 18:41:38,2026-10-05 18:41:38
4592,20130,20,2,Валютне законодавство,Валютне законодавство,20 / 20130,Бюджетно-фінансове законодавство / Валютне законодавство,1,3,14925,9533,https://zakon.rada.gov.ua/laws/main/j153,https://zakon.rada.gov.ua/laws/main/jj153,[],Валютне законодавство. Шлях: Бюджетно-фінансове законодавство / Валютне законодавство. Код: 20130.,,,2026-10-05 18:41:38,2026-10-05 18:41:38
4593,20130 10,20130,3,Валютні фонди і рахунки,Валютні фонди і рахунки,20 / 20130 / 20130 10,Бюджетно-фінансове законодавство / Валютне законодавство / Валютні фонди і рахунки,0,0,65,65,https://zakon.rada.gov.ua/laws/main/jj154,https://zakon.rada.gov.ua/laws/main/jj154,[],Валютні фонди і рахунки. Шлях: Бюджетно-фінансове законодавство / Валютне законодавство / Валютні фонди і рахунки. Код: 20130 10.,,,2026-10-05 18:41:38,2026-10-05 18:41:38
4594,20130 20,20130,3,Валютні біржі,Валютні біржі,20 / 20130 / 20130 20,Бюджетно-фінансове законодавство / Валютне законодавство / Валютні біржі,0,0,9,9,https://zakon.rada.gov.ua/laws/main/jj155,https://zakon.rada.gov.ua/laws/main/jj155,[],Валютні біржі. Шлях: Бюджетно-фінансове законодавство / Валютне законодавство / Валютні біржі. Код: 20130 20.,,,2026-10-05 18:41:38,2026-10-05 18:41:38
4595,20130 30,20130,3,"Дорогоцінні метали, дорогоцінне каміння","Дорогоцінні метали, дорогоцінне каміння",20 / 20130 / 20130 30,"Бюджетно-фінансове законодавство / Валютне законодавство / Дорогоцінні метали, дорогоцінне каміння",0,0,5483,5483,https://zakon.rada.gov.ua/laws/main/jj156,https://zakon.rada.gov.ua/laws/main/jj156,[],"Дорогоцінні метали, дорогоцінне каміння. Шлях: Бюджетно-фінансове законодавство / Валютне законодавство / Дорогоцінні метали, дорогоцінне каміння. Код: 20130 30.",,,2026-10-05 18:41:38,2026-10-05 18:41:38
4596,20140,20,2,Кредит і кредитні розрахунки,Кредит і кредитні розрахунки,20 / 20140,Бюджетно-фінансове законодавство / Кредит і кредитні розрахунки,1,3,4223,3122,https://zakon.rada.gov.ua/laws/main/j157,https://zakon.rada.gov.ua/laws/main/jj157,[],Кредит і кредитні розрахунки. Шлях: Бюджетно-фінансове законодавство / Кредит і кредитні розрахунки. Код: 20140.,,,2026-10-05 18:41:38,2026-10-05 18:41:38
4597,20140 10,20140,3,Кредитування народного господарства,Кредитування народного господарства,20 / 20140 / 20140 10,Бюджетно-фінансове законодавство / Кредит і кредитні розрахунки / Кредитування народного господарства,0,0,279,279,https://zakon.rada.gov.ua/laws/main/jj158,https://zakon.rada.gov.ua/laws/main/jj158,[],Кредитування народного господарства. Шлях: Бюджетно-фінансове законодавство / Кредит і кредитні розрахунки / Кредитування народного господарства. Код: 20140 10.,,,2026-10-05 18:41:38,2026-10-05 18:41:38
4598,20140 20,20140,3,Кредити населенню. Кредитні спілки,Кредити населенню. Кредитні спілки,20 / 20140 / 20140 20,Бюджетно-фінансове законодавство / Кредит і кредитні розрахунки / Кредити населенню. Кредитні спілки,0,0,314,314,https://zakon.rada.gov.ua/laws/main/jj159,https://zakon.rada.gov.ua/laws/main/jj159,[],Кредити населенню. Кредитні спілки. Шлях: Бюджетно-фінансове законодавство / Кредит і кредитні розрахунки / Кредити населенню. Кредитні спілки. Код: 20140 20.,,,2026-10-05 18:41:38,2026-10-05 18:41:38
4599,20140 30,20140,3,Кредити і розрахунки з іншими державами,Кредити і розрахунки з іншими державами,20 / 20140 / 20140 30,Бюджетно-фінансове законодавство / Кредит і кредитні розрахунки / Кредити і розрахунки з іншими державами,0,0,542,542,https://zakon.rada.gov.ua/laws/main/jj160,https://zakon.rada.gov.ua/laws/main/jj160,[],Кредити і розрахунки з іншими державами. Шлях: Бюджетно-фінансове законодавство / Кредит і кредитні розрахунки / Кредити і розрахунки з іншими державами. Код: 20140 30.,,,2026-10-05 18:41:38,2026-10-05 18:41:38
4600,20150,20,2,Банки і банківська система,Банки і банківська система,20 / 20150,Бюджетно-фінансове законодавство / Банки і банківська система,1,6,16329,11700,https://zakon.rada.gov.ua/laws/main/j161,https://zakon.rada.gov.ua/laws/main/jj161,[],Банки і банківська система. Шлях: Бюджетно-фінансове законодавство / Банки і банківська система. Код: 20150.,,,2026-10-05 18:41:38,2026-10-05 18:41:38
4601,20150 10,20150,3,Національний банк,Національний банк,20 / 20150 / 20150 10,Бюджетно-фінансове законодавство / Банки і банківська система / Національний банк,0,0,2466,2466,https://zakon.rada.gov.ua/laws/main/jj162,https://zakon.rada.gov.ua/laws/main/jj162,[],Національний банк. Шлях: Бюджетно-фінансове законодавство / Банки і банківська система / Національний банк. Код: 20150 10.,,,2026-10-05 18:41:38,2026-10-05 18:41:38
4602,20150 20,20150,3,Комерційні банки,Комерційні банки,20 / 20150 / 20150 20,Бюджетно-фінансове законодавство / Банки і банківська система / Комерційні банки,0,0,1438,1438,https://zakon.rada.gov.ua/laws/main/jj163,https://zakon.rada.gov.ua/laws/main/jj163,[],Комерційні банки. Шлях: Бюджетно-фінансове законодавство / Банки і банківська система / Комерційні банки. Код: 20150 20.,,,2026-10-05 18:41:38,2026-10-05 18:41:38
4603,20150 30,20150,3,Зовнішньоекономічні банки,Зовнішньоекономічні банки,20 / 20150 / 20150 30,Бюджетно-фінансове законодавство / Банки і банківська система / Зовнішньоекономічні банки,0,0,188,188,https://zakon.rada.gov.ua/laws/main/jj164,https://zakon.rada.gov.ua/laws/main/jj164,[],Зовнішньоекономічні банки. Шлях: Бюджетно-фінансове законодавство / Банки і банківська система / Зовнішньоекономічні банки. Код: 20150 30.,,,2026-10-05 18:41:38,2026-10-05 18:41:38
4604,20150 40,20150,3,Ощадні банки. Грошові вклади населення,Ощадні банки. Грошові вклади населення,20 / 20150 / 20150 40,Бюджетно-фінансове законодавство / Банки і банківська система / Ощадні банки. Грошові вклади населення,0,0,766,766,https://zakon.rada.gov.ua/laws/main/jj165,https://zakon.rada.gov.ua/laws/main/jj165,[],Ощадні банки. Грошові вклади населення. Шлях: Бюджетно-фінансове законодавство / Банки і банківська система / Ощадні банки. Грошові вклади населення. Код: 20150 40.,,,2026-10-05 18:41:38,2026-10-05 18:41:38
4605,20150 50,20150,3,Інші банки,Інші банки,20 / 20150 / 20150 50,Бюджетно-фінансове законодавство / Банки і банківська система / Інші банки,0,0,71,71,https://zakon.rada.gov.ua/laws/main/jj166,https://zakon.rada.gov.ua/laws/main/jj166,[],Інші банки. Шлях: Бюджетно-фінансове законодавство / Банки і банківська система / Інші банки. Код: 20150 50.,,,2026-10-05 18:41:38,2026-10-05 18:41:38
4606,20150 60,20150,3,Банківські розрахунки,Банківські розрахунки,20 / 20150 / 20150 60,Бюджетно-фінансове законодавство / Банки і банківська система / Банківські розрахунки,0,0,1000,1000,https://zakon.rada.gov.ua/laws/main/jj167,https://zakon.rada.gov.ua/laws/main/jj167,[],Банківські розрахунки. Шлях: Бюджетно-фінансове законодавство / Банки і банківська система / Банківські розрахунки. Код: 20150 60.,,,2026-10-05 18:41:38,2026-10-05 18:41:38
4607,20160,20,2,Державна позика. Лотереї,Державна позика. Лотереї,20 / 20160,Бюджетно-фінансове законодавство / Державна позика. Лотереї,0,0,395,395,https://zakon.rada.gov.ua/laws/main/jj168,https://zakon.rada.gov.ua/laws/main/jj168,[],Державна позика. Лотереї. Шлях: Бюджетно-фінансове законодавство / Державна позика. Лотереї. Код: 20160.,,,2026-10-05 18:41:38,2026-10-05 18:41:38
4608,20170,20,2,"Акції, облігації, векселі, інші цінні папери. Дивіденди","Акції, облігації, векселі, інші цінні папери. Дивіденди",20 / 20170,"Бюджетно-фінансове законодавство / Акції, облігації, векселі, інші цінні папери. Дивіденди",0,0,4632,4632,https://zakon.rada.gov.ua/laws/main/jj169,https://zakon.rada.gov.ua/laws/main/jj169,[],"Акції, облігації, векселі, інші цінні папери. Дивіденди. Шлях: Бюджетно-фінансове законодавство / Акції, облігації, векселі, інші цінні папери. Дивіденди. Код: 20170.",,,2026-10-05 18:41:38,2026-10-05 18:41:38
4609,20180,20,2,Бухгалтерський облік та звітність,Бухгалтерський облік та звітність,20 / 20180,Бюджетно-фінансове законодавство / Бухгалтерський облік та звітність,0,0,2123,2123,https://zakon.rada.gov.ua/laws/main/jj170,https://zakon.rada.gov.ua/laws/main/jj170,[],Бухгалтерський облік та звітність. Шлях: Бюджетно-фінансове законодавство / Бухгалтерський облік та звітність. Код: 20180.,,,2026-10-05 18:41:38,2026-10-05 18:41:38
4610,30,,1,Цивільне законодавство,Цивільне законодавство,30,Цивільне законодавство,1,8,15063,295,https://zakon.rada.gov.ua/laws/main/j171,https://zakon.rada.gov.ua/laws/main/jj171,[],Цивільне законодавство. Шлях: Цивільне законодавство. Код: 30.,,,2026-10-05 18:41:38,2026-10-05 18:41:38
4611,30 10,30,2,Особи,Особи,30 / 30 10,Цивільне законодавство / Особи,1,2,292,3,https://zakon.rada.gov.ua/laws/main/j172,https://zakon.rada.gov.ua/laws/main/jj172,[],Особи. Шлях: Цивільне законодавство / Особи. Код: 30 10.,,,2026-10-05 18:41:38,2026-10-05 18:41:38
4612,30 10 10,30 10,3,Фізичні особи,Фізичні особи,30 / 30 10 / 30 10 10,Цивільне законодавство / Особи / Фізичні особи,0,0,168,168,https://zakon.rada.gov.ua/laws/main/jj173,https://zakon.rada.gov.ua/laws/main/jj173,[],Фізичні особи. Шлях: Цивільне законодавство / Особи / Фізичні особи. Код: 30 10 10.,,,2026-10-05 18:41:38,2026-10-05 18:41:38
4613,30 10 20,30 10,3,Юридичні особи,Юридичні особи,30 / 30 10 / 30 10 20,Цивільне законодавство / Особи / Юридичні особи,0,0,246,246,https://zakon.rada.gov.ua/laws/main/jj174,https://zakon.rada.gov.ua/laws/main/jj174,[],Юридичні особи. Шлях: Цивільне законодавство / Особи / Юридичні особи. Код: 30 10 20.,,,2026-10-05 18:41:38,2026-10-05 18:41:38
4614,30 20,30,2,Угоди,Угоди,30 / 30 20,Цивільне законодавство / Угоди,0,0,73,73,https://zakon.rada.gov.ua/laws/main/jj175,https://zakon.rada.gov.ua/laws/main/jj175,[],Угоди. Шлях: Цивільне законодавство / Угоди. Код: 30 20.,,,2026-10-05 18:41:38,2026-10-05 18:41:38
4615,30 30,30,2,Представництво і довіреність,Представництво і довіреність,30 / 30 30,Цивільне законодавство / Представництво і довіреність,0,0,36,36,https://zakon.rada.gov.ua/laws/main/jj176,https://zakon.rada.gov.ua/laws/main/jj176,[],Представництво і довіреність. Шлях: Цивільне законодавство / Представництво і довіреність. Код: 30 30.,,,2026-10-05 18:41:38,2026-10-05 18:41:38
4616,30 40,30,2,Позовна давність,Позовна давність,30 / 30 40,Цивільне законодавство / Позовна давність,0,0,20,20,https://zakon.rada.gov.ua/laws/main/jj177,https://zakon.rada.gov.ua/laws/main/jj177,[],Позовна давність. Шлях: Цивільне законодавство / Позовна давність. Код: 30 40.,,,2026-10-05 18:41:38,2026-10-05 18:41:38
4617,30 50,30,2,Право власності. Державна реєстрація прав на нерухоме майно,Право власності. Державна реєстрація прав на нерухоме майно,30 / 30 50,Цивільне законодавство / Право власності. Державна реєстрація прав на нерухоме майно,1,6,8124,1207,https://zakon.rada.gov.ua/laws/main/j178,https://zakon.rada.gov.ua/laws/main/jj178,[],Право власності. Державна реєстрація прав на нерухоме майно. Шлях: Цивільне законодавство / Право власності. Державна реєстрація прав на нерухоме майно. Код: 30 50.,,,2026-10-05 18:41:38,2026-10-05 18:41:38
4618,30 50 10,30 50,3,Державна власність,Державна власність,30 / 30 50 / 30 50 10,Цивільне законодавство / Право власності. Державна реєстрація прав на нерухоме майно / Державна власність,1,3,2957,2764,https://zakon.rada.gov.ua/laws/main/j179,https://zakon.rada.gov.ua/laws/main/jj179,[],Державна власність. Шлях: Цивільне законодавство / Право власності. Державна реєстрація прав на нерухоме майно / Державна власність. Код: 30 50 10.,,,2026-10-05 18:41:38,2026-10-05 18:41:38
4619,30 50 10 10,30 50 10,4,Загальнодержавна,Загальнодержавна,30 / 30 50 / 30 50 10 / 30 50 10 10,Цивільне законодавство / Право власності. Державна реєстрація прав на нерухоме майно / Державна власність / Загальнодержавна,0,0,47,47,https://zakon.rada.gov.ua/laws/main/jj180,https://zakon.rada.gov.ua/laws/main/jj180,[],Загальнодержавна. Шлях: Цивільне законодавство / Право власності. Державна реєстрація прав на нерухоме майно / Державна власність / Загальнодержавна. Код: 30 50 10 10.,,,2026-10-05 18:41:38,2026-10-05 18:41:38
4620,30 50 10 20,30 50 10,4,Комунальна,Комунальна,30 / 30 50 / 30 50 10 / 30 50 10 20,Цивільне законодавство / Право власності. Державна реєстрація прав на нерухоме майно / Державна власність / Комунальна,0,0,245,245,https://zakon.rada.gov.ua/laws/main/jj181,https://zakon.rada.gov.ua/laws/main/jj181,[],Комунальна. Шлях: Цивільне законодавство / Право власності. Державна реєстрація прав на нерухоме майно / Державна власність / Комунальна. Код: 30 50 10 20.,,,2026-10-05 18:41:38,2026-10-05 18:41:38
4621,30 50 10 30,30 50 10,4,Муніципальна (місцевого самоврядування),Муніципальна (місцевого самоврядування),30 / 30 50 / 30 50 10 / 30 50 10 30,Цивільне законодавство / Право власності. Державна реєстрація прав на нерухоме майно / Державна власність / Муніципальна (місцевого самоврядування),0,0,33,33,https://zakon.rada.gov.ua/laws/main/jj182,https://zakon.rada.gov.ua/laws/main/jj182,[],Муніципальна (місцевого самоврядування). Шлях: Цивільне законодавство / Право власності. Державна реєстрація прав на нерухоме майно / Державна власність / Муніципальна (місцевого самоврядування). Код: 30 50 10 30.,,,2026-10-05 18:41:38,2026-10-05 18:41:38
4622,30 50 20,30 50,3,Приватна власність,Приватна власність,30 / 30 50 / 30 50 20,Цивільне законодавство / Право власності. Державна реєстрація прав на нерухоме майно / Приватна власність,0,0,62,62,https://zakon.rada.gov.ua/laws/main/jj183,https://zakon.rada.gov.ua/laws/main/jj183,[],Приватна власність. Шлях: Цивільне законодавство / Право власності. Державна реєстрація прав на нерухоме майно / Приватна власність. Код: 30 50 20.,,,2026-10-05 18:41:38,2026-10-05 18:41:38
4623,30 50 30,30 50,3,Спільна власність,Спільна власність,30 / 30 50 / 30 50 30,Цивільне законодавство / Право власності. Державна реєстрація прав на нерухоме майно / Спільна власність,1,3,65,47,https://zakon.rada.gov.ua/laws/main/j184,https://zakon.rada.gov.ua/laws/main/jj184,[],Спільна власність. Шлях: Цивільне законодавство / Право власності. Державна реєстрація прав на нерухоме майно / Спільна власність. Код: 30 50 30.,,,2026-10-05 18:41:38,2026-10-05 18:41:38
4624,30 50 30 10,30 50 30,4,Колективна,Колективна,30 / 30 50 / 30 50 30 / 30 50 30 10,Цивільне законодавство / Право власності. Державна реєстрація прав на нерухоме майно / Спільна власність / Колективна,0,0,7,7,https://zakon.rada.gov.ua/laws/main/jj185,https://zakon.rada.gov.ua/laws/main/jj185,[],Колективна. Шлях: Цивільне законодавство / Право власності. Державна реєстрація прав на нерухоме майно / Спільна власність / Колективна. Код: 30 50 30 10.,,,2026-10-05 18:41:38,2026-10-05 18:41:38
4625,30 50 30 20,30 50 30,4,Кооперативна,Кооперативна,30 / 30 50 / 30 50 30 / 30 50 30 20,Цивільне законодавство / Право власності. Державна реєстрація прав на нерухоме майно / Спільна власність / Кооперативна,0,0,4,4,https://zakon.rada.gov.ua/laws/main/jj186,https://zakon.rada.gov.ua/laws/main/jj186,[],Кооперативна. Шлях: Цивільне законодавство / Право власності. Державна реєстрація прав на нерухоме майно / Спільна власність / Кооперативна. Код: 30 50 30 20.,,,2026-10-05 18:41:38,2026-10-05 18:41:38
4626,30 50 30 30,30 50 30,4,Інші,Інші,30 / 30 50 / 30 50 30 / 30 50 30 30,Цивільне законодавство / Право власності. Державна реєстрація прав на нерухоме майно / Спільна власність / Інші,0,0,7,7,https://zakon.rada.gov.ua/laws/main/jj187,https://zakon.rada.gov.ua/laws/main/jj187,[],Інші. Шлях: Цивільне законодавство / Право власності. Державна реєстрація прав на нерухоме майно / Спільна власність / Інші. Код: 30 50 30 30.,,,2026-10-05 18:41:38,2026-10-05 18:41:38
4627,30 50 40,30 50,3,"Націоналізація. Реквізиція, конфіскація","Націоналізація. Реквізиція, конфіскація",30 / 30 50 / 30 50 40,"Цивільне законодавство / Право власності. Державна реєстрація прав на нерухоме майно / Націоналізація. Реквізиція, конфіскація",0,0,221,221,https://zakon.rada.gov.ua/laws/main/jj188,https://zakon.rada.gov.ua/laws/main/jj188,[],"Націоналізація. Реквізиція, конфіскація. Шлях: Цивільне законодавство / Право власності. Державна реєстрація прав на нерухоме майно / Націоналізація. Реквізиція, конфіскація. Код: 30 50 40.",,,2026-10-05 18:41:38,2026-10-05 18:41:38
4628,30 50 50,30 50,3,Перехід права власності на майно,Перехід права власності на майно,30 / 30 50 / 30 50 50,Цивільне законодавство / Право власності. Державна реєстрація прав на нерухоме майно / Перехід права власності на майно,0,0,3499,3499,https://zakon.rada.gov.ua/laws/main/jj189,https://zakon.rada.gov.ua/laws/main/jj189,[],Перехід права власності на майно. Шлях: Цивільне законодавство / Право власності. Державна реєстрація прав на нерухоме майно / Перехід права власності на майно. Код: 30 50 50.,,,2026-10-05 18:41:38,2026-10-05 18:41:38
4629,30 50 60,30 50,3,Приватизація,Приватизація,30 / 30 50 / 30 50 60,Цивільне законодавство / Право власності. Державна реєстрація прав на нерухоме майно / Приватизація,1,5,2061,1577,https://zakon.rada.gov.ua/laws/main/j190,https://zakon.rada.gov.ua/laws/main/jj190,[],Приватизація. Шлях: Цивільне законодавство / Право власності. Державна реєстрація прав на нерухоме майно / Приватизація. Код: 30 50 60.,,,2026-10-05 18:41:38,2026-10-05 18:41:38
4630,30 50 60 10,30 50 60,4,Приватизація майна державних підприємств,Приватизація майна державних підприємств,30 / 30 50 / 30 50 60 / 30 50 60 10,Цивільне законодавство / Право власності. Державна реєстрація прав на нерухоме майно / Приватизація / Приватизація майна державних підприємств,0,0,351,351,https://zakon.rada.gov.ua/laws/main/jj191,https://zakon.rada.gov.ua/laws/main/jj191,[],Приватизація майна державних підприємств. Шлях: Цивільне законодавство / Право власності. Державна реєстрація прав на нерухоме майно / Приватизація / Приватизація майна державних підприємств. Код: 30 50 60 10.,,,2026-10-05 18:41:38,2026-10-05 18:41:38
4631,30 50 60 20,30 50 60,4,Мала приватизація,Мала приватизація,30 / 30 50 / 30 50 60 / 30 50 60 20,Цивільне законодавство / Право власності. Державна реєстрація прав на нерухоме майно / Приватизація / Мала приватизація,0,0,71,71,https://zakon.rada.gov.ua/laws/main/jj192,https://zakon.rada.gov.ua/laws/main/jj192,[],Мала приватизація. Шлях: Цивільне законодавство / Право власності. Державна реєстрація прав на нерухоме майно / Приватизація / Мала приватизація. Код: 30 50 60 20.,,,2026-10-05 18:41:38,2026-10-05 18:41:38
4632,30 50 60 30,30 50 60,4,Приватизаційні папери,Приватизаційні папери,30 / 30 50 / 30 50 60 / 30 50 60 30,Цивільне законодавство / Право власності. Державна реєстрація прав на нерухоме майно / Приватизація / Приватизаційні папери,0,0,66,66,https://zakon.rada.gov.ua/laws/main/jj193,https://zakon.rada.gov.ua/laws/main/jj193,[],Приватизаційні папери. Шлях: Цивільне законодавство / Право власності. Державна реєстрація прав на нерухоме майно / Приватизація / Приватизаційні папери. Код: 30 50 60 30.,,,2026-10-05 18:41:38,2026-10-05 18:41:38
4633,30 50 60 40,30 50 60,4,Приватизація житла,Приватизація житла,30 / 30 50 / 30 50 60 / 30 50 60 40,Цивільне законодавство / Право власності. Державна реєстрація прав на нерухоме майно / Приватизація / Приватизація житла,0,0,42,42,https://zakon.rada.gov.ua/laws/main/jj194,https://zakon.rada.gov.ua/laws/main/jj194,[],Приватизація житла. Шлях: Цивільне законодавство / Право власності. Державна реєстрація прав на нерухоме майно / Приватизація / Приватизація житла. Код: 30 50 60 40.,,,2026-10-05 18:41:38,2026-10-05 18:41:38
4634,30 50 60 50,30 50 60,4,Приватизація земельних ділянок,Приватизація земельних ділянок,30 / 30 50 / 30 50 60 / 30 50 60 50,Цивільне законодавство / Право власності. Державна реєстрація прав на нерухоме майно / Приватизація / Приватизація земельних ділянок,0,0,35,35,https://zakon.rada.gov.ua/laws/main/jj195,https://zakon.rada.gov.ua/laws/main/jj195,[],Приватизація земельних ділянок. Шлях: Цивільне законодавство / Право власності. Державна реєстрація прав на нерухоме майно / Приватизація / Приватизація земельних ділянок. Код: 30 50 60 50.,,,2026-10-05 18:41:38,2026-10-05 18:41:38
4635,30 60,30,2,Зобов'язальне право,Зобов'язальне право,30 / 30 60,Цивільне законодавство / Зобов'язальне право,1,4,5923,60,https://zakon.rada.gov.ua/laws/main/j196,https://zakon.rada.gov.ua/laws/main/jj196,[],Зобов'язальне право. Шлях: Цивільне законодавство / Зобов'язальне право. Код: 30 60.,,,2026-10-05 18:41:38,2026-10-05 18:41:38
4636,30 60 10,30 60,3,"Окремі види зобов'язань (оренда, лізинг, купівля-продаж, кредит, дарування, поставка, підряд, перевезення, страхування, доручення, комісія, спільна діяльність, концесія та ін.)","Окремі види зобов'язань (оренда, лізинг, купівля-продаж, кредит, дарування, поставка, підряд, перевезення, страхування, доручення, комісія, спільна діяльність, концесія та ін.)",30 / 30 60 / 30 60 10,"Цивільне законодавство / Зобов'язальне право / Окремі види зобов'язань (оренда, лізинг, купівля-продаж, кредит, дарування, поставка, підряд, перевезення, страхування, доручення, комісія, спільна діяльність, концесія та ін.)",0,0,2329,2329,https://zakon.rada.gov.ua/laws/main/jj197,https://zakon.rada.gov.ua/laws/main/jj197,[],"Окремі види зобов'язань (оренда, лізинг, купівля-продаж, кредит, дарування, поставка, підряд, перевезення, страхування, доручення, комісія, спільна діяльність, концесія та ін.). Шлях: Цивільне законодавство / Зобов'язальне право / Окремі види зобов'язань (оренда, лізинг, купівля-продаж, кредит, дарування, поставка, підряд, перевезення, страхування, доручення, комісія, спільна діяльність, концесія та ін.). Код: 30 60 10.",,,2026-10-05 18:41:38,2026-10-05 18:41:38
4637,30 60 20,30 60,3,"Забезпечення виконання зобов'язань (штраф, пеня, застава (ломбард), іпотека, порука, завдаток, гарантія)","Забезпечення виконання зобов'язань (штраф, пеня, застава (ломбард), іпотека, порука, завдаток, гарантія)",30 / 30 60 / 30 60 20,"Цивільне законодавство / Зобов'язальне право / Забезпечення виконання зобов'язань (штраф, пеня, застава (ломбард), іпотека, порука, завдаток, гарантія)",0,0,762,762,https://zakon.rada.gov.ua/laws/main/jj198,https://zakon.rada.gov.ua/laws/main/jj198,[],"Забезпечення виконання зобов'язань (штраф, пеня, застава (ломбард), іпотека, порука, завдаток, гарантія). Шлях: Цивільне законодавство / Зобов'язальне право / Забезпечення виконання зобов'язань (штраф, пеня, застава (ломбард), іпотека, порука, завдаток, гарантія). Код: 30 60 20.",,,2026-10-05 18:41:38,2026-10-05 18:41:38
4638,30 60 30,30 60,3,Відшкодування шкоди,Відшкодування шкоди,30 / 30 60 / 30 60 30,Цивільне законодавство / Зобов'язальне право / Відшкодування шкоди,0,0,218,218,https://zakon.rada.gov.ua/laws/main/jj199,https://zakon.rada.gov.ua/laws/main/jj199,[],Відшкодування шкоди. Шлях: Цивільне законодавство / Зобов'язальне право / Відшкодування шкоди. Код: 30 60 30.,,,2026-10-05 18:41:38,2026-10-05 18:41:38
4639,30 60 40,30 60,3,Безспірне списання ( стягнення ) коштів,Безспірне списання ( стягнення ) коштів,30 / 30 60 / 30 60 40,Цивільне законодавство / Зобов'язальне право / Безспірне списання ( стягнення ) коштів,0,0,2905,2905,https://zakon.rada.gov.ua/laws/main/jj200,https://zakon.rada.gov.ua/laws/main/jj200,[],Безспірне списання ( стягнення ) коштів. Шлях: Цивільне законодавство / Зобов'язальне право / Безспірне списання ( стягнення ) коштів. Код: 30 60 40.,,,2026-10-05 18:41:38,2026-10-05 18:41:38
4640,30 70,30,2,Право інтелектуальної власності,Право інтелектуальної власності,30 / 30 70,Цивільне законодавство / Право інтелектуальної власності,1,4,813,337,https://zakon.rada.gov.ua/laws/main/j201,https://zakon.rada.gov.ua/laws/main/jj201,[],Право інтелектуальної власності. Шлях: Цивільне законодавство / Право інтелектуальної власності. Код: 30 70.,,,2026-10-05 18:41:38,2026-10-05 18:41:38
4641,30 70 10,30 70,3,Авторське право,Авторське право,30 / 30 70 / 30 70 10,Цивільне законодавство / Право інтелектуальної власності / Авторське право,1,2,183,150,https://zakon.rada.gov.ua/laws/main/j202,https://zakon.rada.gov.ua/laws/main/jj202,[],Авторське право. Шлях: Цивільне законодавство / Право інтелектуальної власності / Авторське право. Код: 30 70 10.,,,2026-10-05 18:41:38,2026-10-05 18:41:38
4642,30 70 10 10,30 70 10,4,Авторський договір,Авторський договір,30 / 30 70 / 30 70 10 / 30 70 10 10,Цивільне законодавство / Право інтелектуальної власності / Авторське право / Авторський договір,0,0,6,6,https://zakon.rada.gov.ua/laws/main/jj203,https://zakon.rada.gov.ua/laws/main/jj203,[],Авторський договір. Шлях: Цивільне законодавство / Право інтелектуальної власності / Авторське право / Авторський договір. Код: 30 70 10 10.,,,2026-10-05 18:41:38,2026-10-05 18:41:38
4643,30 70 10 20,30 70 10,4,Винагорода авторам і їх спадкоємцям,Винагорода авторам і їх спадкоємцям,30 / 30 70 / 30 70 10 / 30 70 10 20,Цивільне законодавство / Право інтелектуальної власності / Авторське право / Винагорода авторам і їх спадкоємцям,0,0,33,33,https://zakon.rada.gov.ua/laws/main/jj204,https://zakon.rada.gov.ua/laws/main/jj204,[],Винагорода авторам і їх спадкоємцям. Шлях: Цивільне законодавство / Право інтелектуальної власності / Авторське право / Винагорода авторам і їх спадкоємцям. Код: 30 70 10 20.,,,2026-10-05 18:41:38,2026-10-05 18:41:38
4644,30 70 20,30 70,3,"Промислові зразки, знаки для товарів і послуг, виробничі марки","Промислові зразки, знаки для товарів і послуг, виробничі марки",30 / 30 70 / 30 70 20,"Цивільне законодавство / Право інтелектуальної власності / Промислові зразки, знаки для товарів і послуг, виробничі марки",0,0,212,212,https://zakon.rada.gov.ua/laws/main/jj205,https://zakon.rada.gov.ua/laws/main/jj205,[],"Промислові зразки, знаки для товарів і послуг, виробничі марки. Шлях: Цивільне законодавство / Право інтелектуальної власності / Промислові зразки, знаки для товарів і послуг, виробничі марки. Код: 30 70 20.",,,2026-10-05 18:41:38,2026-10-05 18:41:38
4645,30 70 30,30 70,3,Право на відкриття,Право на відкриття,30 / 30 70 / 30 70 30,Цивільне законодавство / Право інтелектуальної власності / Право на відкриття,0,0,1,1,https://zakon.rada.gov.ua/laws/main/jj206,https://zakon.rada.gov.ua/laws/main/jj206,[],Право на відкриття. Шлях: Цивільне законодавство / Право інтелектуальної власності / Право на відкриття. Код: 30 70 30.,,,2026-10-05 18:41:38,2026-10-05 18:41:38
4646,30 70 40,30 70,3,Право на винахід і корисні моделі. Раціоналізація,Право на винахід і корисні моделі. Раціоналізація,30 / 30 70 / 30 70 40,Цивільне законодавство / Право інтелектуальної власності / Право на винахід і корисні моделі. Раціоналізація,1,2,185,80,https://zakon.rada.gov.ua/laws/main/j207,https://zakon.rada.gov.ua/laws/main/jj207,[],Право на винахід і корисні моделі. Раціоналізація. Шлях: Цивільне законодавство / Право інтелектуальної власності / Право на винахід і корисні моделі. Раціоналізація. Код: 30 70 40.,,,2026-10-05 18:41:38,2026-10-05 18:41:38
4647,30 70 40 10,30 70 40,4,Авторське свідоцтво. Патент на винахід,Авторське свідоцтво. Патент на винахід,30 / 30 70 / 30 70 40 / 30 70 40 10,Цивільне законодавство / Право інтелектуальної власності / Право на винахід і корисні моделі. Раціоналізація / Авторське свідоцтво. Патент на винахід,0,0,106,106,https://zakon.rada.gov.ua/laws/main/jj208,https://zakon.rada.gov.ua/laws/main/jj208,[],Авторське свідоцтво. Патент на винахід. Шлях: Цивільне законодавство / Право інтелектуальної власності / Право на винахід і корисні моделі. Раціоналізація / Авторське свідоцтво. Патент на винахід. Код: 30 70 40 10.,,,2026-10-05 18:41:38,2026-10-05 18:41:38
4648,30 70 40 20,30 70 40,4,Права та винагороди винахідників і раціоналізаторів,Права та винагороди винахідників і раціоналізаторів,30 / 30 70 / 30 70 40 / 30 70 40 20,Цивільне законодавство / Право інтелектуальної власності / Право на винахід і корисні моделі. Раціоналізація / Права та винагороди винахідників і раціоналізаторів,0,0,8,8,https://zakon.rada.gov.ua/laws/main/jj209,https://zakon.rada.gov.ua/laws/main/jj209,[],Права та винагороди винахідників і раціоналізаторів. Шлях: Цивільне законодавство / Право інтелектуальної власності / Право на винахід і корисні моделі. Раціоналізація / Права та винагороди винахідників і раціоналізаторів. Код: 30 70 40 20.,,,2026-10-05 18:41:38,2026-10-05 18:41:38
4649,30 80,30,2,Спадкове право,Спадкове право,30 / 30 80,Цивільне законодавство / Спадкове право,1,2,131,83,https://zakon.rada.gov.ua/laws/main/j210,https://zakon.rada.gov.ua/laws/main/jj210,[],Спадкове право. Шлях: Цивільне законодавство / Спадкове право. Код: 30 80.,,,2026-10-05 18:41:38,2026-10-05 18:41:38
4650,30 80 10,30 80,3,Спадкоємство за законом,Спадкоємство за законом,30 / 30 80 / 30 80 10,Цивільне законодавство / Спадкове право / Спадкоємство за законом,0,0,10,10,https://zakon.rada.gov.ua/laws/main/jj211,https://zakon.rada.gov.ua/laws/main/jj211,[],Спадкоємство за законом. Шлях: Цивільне законодавство / Спадкове право / Спадкоємство за законом. Код: 30 80 10.,,,2026-10-05 18:41:38,2026-10-05 18:41:38
4651,30 80 20,30 80,3,Спадкоємство за заповітом,Спадкоємство за заповітом,30 / 30 80 / 30 80 20,Цивільне законодавство / Спадкове право / Спадкоємство за заповітом,0,0,38,38,https://zakon.rada.gov.ua/laws/main/jj212,https://zakon.rada.gov.ua/laws/main/jj212,[],Спадкоємство за заповітом. Шлях: Цивільне законодавство / Спадкове право / Спадкоємство за заповітом. Код: 30 80 20.,,,2026-10-05 18:41:38,2026-10-05 18:41:38
4652,40,,1,Природні ресурси. Охорона природи,Природні ресурси. Охорона природи,40,Природні ресурси. Охорона природи,1,22,8183,98,https://zakon.rada.gov.ua/laws/main/j213,https://zakon.rada.gov.ua/laws/main/jj213,[],Природні ресурси. Охорона природи. Шлях: Природні ресурси. Охорона природи. Код: 40.,,,2026-10-05 18:41:38,2026-10-05 18:41:38
4653,40 10,40,2,Земельне законодавство,Земельне законодавство,40 / 40 10,Природні ресурси. Охорона природи / Земельне законодавство,0,0,675,675,https://zakon.rada.gov.ua/laws/main/jj214,https://zakon.rada.gov.ua/laws/main/jj214,[],Земельне законодавство. Шлях: Природні ресурси. Охорона природи / Земельне законодавство. Код: 40 10.,,,2026-10-05 18:41:38,2026-10-05 18:41:38
4654,40 20,40,2,Власність на землю,Власність на землю,40 / 40 20,Природні ресурси. Охорона природи / Власність на землю,1,4,225,154,https://zakon.rada.gov.ua/laws/main/j215,https://zakon.rada.gov.ua/laws/main/jj215,[],Власність на землю. Шлях: Природні ресурси. Охорона природи / Власність на землю. Код: 40 20.,,,2026-10-05 18:41:38,2026-10-05 18:41:38
4655,40 20 10,40 20,3,Державна,Державна,40 / 40 20 / 40 20 10,Природні ресурси. Охорона природи / Власність на землю / Державна,0,0,40,40,https://zakon.rada.gov.ua/laws/main/jj216,https://zakon.rada.gov.ua/laws/main/jj216,[],Державна. Шлях: Природні ресурси. Охорона природи / Власність на землю / Державна. Код: 40 20 10.,,,2026-10-05 18:41:38,2026-10-05 18:41:38
4656,40 20 11,40 20,3,Комунальна,Комунальна,40 / 40 20 / 40 20 11,Природні ресурси. Охорона природи / Власність на землю / Комунальна,0,0,17,17,https://zakon.rada.gov.ua/laws/main/jj1078,https://zakon.rada.gov.ua/laws/main/jj1078,[],Комунальна. Шлях: Природні ресурси. Охорона природи / Власність на землю / Комунальна. Код: 40 20 11.,,,2026-10-05 18:41:38,2026-10-05 18:41:38
4657,40 20 20,40 20,3,Колективна,Колективна,40 / 40 20 / 40 20 20,Природні ресурси. Охорона природи / Власність на землю / Колективна,0,0,11,11,https://zakon.rada.gov.ua/laws/main/jj217,https://zakon.rada.gov.ua/laws/main/jj217,[],Колективна. Шлях: Природні ресурси. Охорона природи / Власність на землю / Колективна. Код: 40 20 20.,,,2026-10-05 18:41:38,2026-10-05 18:41:38
4658,40 20 30,40 20,3,Приватна,Приватна,40 / 40 20 / 40 20 30,Природні ресурси. Охорона природи / Власність на землю / Приватна,0,0,23,23,https://zakon.rada.gov.ua/laws/main/jj218,https://zakon.rada.gov.ua/laws/main/jj218,[],Приватна. Шлях: Природні ресурси. Охорона природи / Власність на землю / Приватна. Код: 40 20 30.,,,2026-10-05 18:41:38,2026-10-05 18:41:38
4659,40 30,40,2,"Передача землі у власність, надання у користування. Оренда землі","Передача землі у власність, надання у користування. Оренда землі",40 / 40 30,"Природні ресурси. Охорона природи / Передача землі у власність, надання у користування. Оренда землі",0,0,528,528,https://zakon.rada.gov.ua/laws/main/jj219,https://zakon.rada.gov.ua/laws/main/jj219,[],"Передача землі у власність, надання у користування. Оренда землі. Шлях: Природні ресурси. Охорона природи / Передача землі у власність, надання у користування. Оренда землі. Код: 40 30.",,,2026-10-05 18:41:38,2026-10-05 18:41:38
4660,40 40,40,2,Припинення і перехід прав на землю. Продаж землі,Припинення і перехід прав на землю. Продаж землі,40 / 40 40,Природні ресурси. Охорона природи / Припинення і перехід прав на землю. Продаж землі,0,0,156,156,https://zakon.rada.gov.ua/laws/main/jj220,https://zakon.rada.gov.ua/laws/main/jj220,[],Припинення і перехід прав на землю. Продаж землі. Шлях: Природні ресурси. Охорона природи / Припинення і перехід прав на землю. Продаж землі. Код: 40 40.,,,2026-10-05 18:41:38,2026-10-05 18:41:38
4661,40 50,40,2,Вилучення (викуп) землі,Вилучення (викуп) землі,40 / 40 50,Природні ресурси. Охорона природи / Вилучення (викуп) землі,0,0,89,89,https://zakon.rada.gov.ua/laws/main/jj221,https://zakon.rada.gov.ua/laws/main/jj221,[],Вилучення (викуп) землі. Шлях: Природні ресурси. Охорона природи / Вилучення (викуп) землі. Код: 40 50.,,,2026-10-05 18:41:38,2026-10-05 18:41:38
4662,40 60,40,2,Земельний податок. Орендна плата за землю,Земельний податок. Орендна плата за землю,40 / 40 60,Природні ресурси. Охорона природи / Земельний податок. Орендна плата за землю,0,0,169,169,https://zakon.rada.gov.ua/laws/main/jj222,https://zakon.rada.gov.ua/laws/main/jj222,[],Земельний податок. Орендна плата за землю. Шлях: Природні ресурси. Охорона природи / Земельний податок. Орендна плата за землю. Код: 40 60.,,,2026-10-05 18:41:38,2026-10-05 18:41:38
4663,40 70,40,2,Права і обов'язки власників землі та землекористувачів. Захист і гарантії їх прав,Права і обов'язки власників землі та землекористувачів. Захист і гарантії їх прав,40 / 40 70,Природні ресурси. Охорона природи / Права і обов'язки власників землі та землекористувачів. Захист і гарантії їх прав,0,0,76,76,https://zakon.rada.gov.ua/laws/main/jj223,https://zakon.rada.gov.ua/laws/main/jj223,[],Права і обов'язки власників землі та землекористувачів. Захист і гарантії їх прав. Шлях: Природні ресурси. Охорона природи / Права і обов'язки власників землі та землекористувачів. Захист і гарантії їх прав. Код: 40 70.,,,2026-10-05 18:41:38,2026-10-05 18:41:38
4664,40 80,40,2,Склад земель,Склад земель,40 / 40 80,Природні ресурси. Охорона природи / Склад земель,1,9,998,40,https://zakon.rada.gov.ua/laws/main/j224,https://zakon.rada.gov.ua/laws/main/jj224,[],Склад земель. Шлях: Природні ресурси. Охорона природи / Склад земель. Код: 40 80.,,,2026-10-05 18:41:38,2026-10-05 18:41:38
4665,40 80 10,40 80,3,"Віднесення земель до категорій і переведення їх з однієї категорії до іншої. Державний земельний кадастр, інвентаризація","Віднесення земель до категорій і переведення їх з однієї категорії до іншої. Державний земельний кадастр, інвентаризація",40 / 40 80 / 40 80 10,"Природні ресурси. Охорона природи / Склад земель / Віднесення земель до категорій і переведення їх з однієї категорії до іншої. Державний земельний кадастр, інвентаризація",0,0,447,447,https://zakon.rada.gov.ua/laws/main/jj225,https://zakon.rada.gov.ua/laws/main/jj225,[],"Віднесення земель до категорій і переведення їх з однієї категорії до іншої. Державний земельний кадастр, інвентаризація. Шлях: Природні ресурси. Охорона природи / Склад земель / Віднесення земель до категорій і переведення їх з однієї категорії до іншої. Державний земельний кадастр, інвентаризація. Код: 40 80 10.",,,2026-10-05 18:41:38,2026-10-05 18:41:38
4666,40 80 20,40 80,3,Землі сільськогосподарського призначення,Землі сільськогосподарського призначення,40 / 40 80 / 40 80 20,Природні ресурси. Охорона природи / Склад земель / Землі сільськогосподарського призначення,1,4,179,137,https://zakon.rada.gov.ua/laws/main/j226,https://zakon.rada.gov.ua/laws/main/jj226,[],Землі сільськогосподарського призначення. Шлях: Природні ресурси. Охорона природи / Склад земель / Землі сільськогосподарського призначення. Код: 40 80 20.,,,2026-10-05 18:41:38,2026-10-05 18:41:38
4667,40 80 20 10,40 80 20,4,"Земельні ділянки для ведення особистого підсобного господарства, садівництва, городництва, сінокосіння та випасання худоби","Земельні ділянки для ведення особистого підсобного господарства, садівництва, городництва, сінокосіння та випасання худоби",40 / 40 80 / 40 80 20 / 40 80 20 10,"Природні ресурси. Охорона природи / Склад земель / Землі сільськогосподарського призначення / Земельні ділянки для ведення особистого підсобного господарства, садівництва, городництва, сінокосіння та випасання худоби",0,0,6,6,https://zakon.rada.gov.ua/laws/main/jj227,https://zakon.rada.gov.ua/laws/main/jj227,[],"Земельні ділянки для ведення особистого підсобного господарства, садівництва, городництва, сінокосіння та випасання худоби. Шлях: Природні ресурси. Охорона природи / Склад земель / Землі сільськогосподарського призначення / Земельні ділянки для ведення особистого підсобного господарства, садівництва, городництва, сінокосіння та випасання худоби. Код: 40 80 20 10.",,,2026-10-05 18:41:38,2026-10-05 18:41:38
4668,40 80 20 20,40 80 20,4,"Землі колективних сільськогосподарських підприємств, сільськогосподарських акціонерних товариств, державних сільськогосподарських підприємств","Землі колективних сільськогосподарських підприємств, сільськогосподарських акціонерних товариств, державних сільськогосподарських підприємств",40 / 40 80 / 40 80 20 / 40 80 20 20,"Природні ресурси. Охорона природи / Склад земель / Землі сільськогосподарського призначення / Землі колективних сільськогосподарських підприємств, сільськогосподарських акціонерних товариств, державних сільськогосподарських підприємств",0,0,28,28,https://zakon.rada.gov.ua/laws/main/jj228,https://zakon.rada.gov.ua/laws/main/jj228,[],"Землі колективних сільськогосподарських підприємств, сільськогосподарських акціонерних товариств, державних сільськогосподарських підприємств. Шлях: Природні ресурси. Охорона природи / Склад земель / Землі сільськогосподарського призначення / Землі колективних сільськогосподарських підприємств, сільськогосподарських акціонерних товариств, державних сільськогосподарських підприємств. Код: 40 80 20 20.",,,2026-10-05 18:41:38,2026-10-05 18:41:38
4669,40 80 20 30,40 80 20,4,Надання земель для ведення селянського (фермерського) господарства,Надання земель для ведення селянського (фермерського) господарства,40 / 40 80 / 40 80 20 / 40 80 20 30,Природні ресурси. Охорона природи / Склад земель / Землі сільськогосподарського призначення / Надання земель для ведення селянського (фермерського) господарства,0,0,13,13,https://zakon.rada.gov.ua/laws/main/jj229,https://zakon.rada.gov.ua/laws/main/jj229,[],Надання земель для ведення селянського (фермерського) господарства. Шлях: Природні ресурси. Охорона природи / Склад земель / Землі сільськогосподарського призначення / Надання земель для ведення селянського (фермерського) господарства. Код: 40 80 20 30.,,,2026-10-05 18:41:38,2026-10-05 18:41:38
4670,40 80 20 40,40 80 20,4,Земельні ділянки для традиційних народних промислів,Земельні ділянки для традиційних народних промислів,40 / 40 80 / 40 80 20 / 40 80 20 40,Природні ресурси. Охорона природи / Склад земель / Землі сільськогосподарського призначення / Земельні ділянки для традиційних народних промислів,0,0,0,0,,,[],Земельні ділянки для традиційних народних промислів. Шлях: Природні ресурси. Охорона природи / Склад земель / Землі сільськогосподарського призначення / Земельні ділянки для традиційних народних промислів. Код: 40 80 20 40.,,,2026-10-05 18:41:38,2026-10-05 18:41:38
4671,40 80 30,40 80,3,Землі населених пунктів,Землі населених пунктів,40 / 40 80 / 40 80 30,Природні ресурси. Охорона природи / Склад земель / Землі населених пунктів,0,0,14,14,https://zakon.rada.gov.ua/laws/main/jj231,https://zakon.rada.gov.ua/laws/main/jj231,[],Землі населених пунктів. Шлях: Природні ресурси. Охорона природи / Склад земель / Землі населених пунктів. Код: 40 80 30.,,,2026-10-05 18:41:38,2026-10-05 18:41:38
4672,40 80 40,40 80,3,"Земельні ділянки для житлових, житлово-будівельних, гаражно-будівельних і дачно-будівельних кооперативів та індивідуального житлового будівництва","Земельні ділянки для житлових, житлово-будівельних, гаражно-будівельних і дачно-будівельних кооперативів та індивідуального житлового будівництва",40 / 40 80 / 40 80 40,"Природні ресурси. Охорона природи / Склад земель / Земельні ділянки для житлових, житлово-будівельних, гаражно-будівельних і дачно-будівельних кооперативів та індивідуального житлового будівництва",0,0,40,40,https://zakon.rada.gov.ua/laws/main/jj232,https://zakon.rada.gov.ua/laws/main/jj232,[],"Земельні ділянки для житлових, житлово-будівельних, гаражно-будівельних і дачно-будівельних кооперативів та індивідуального житлового будівництва. Шлях: Природні ресурси. Охорона природи / Склад земель / Земельні ділянки для житлових, житлово-будівельних, гаражно-будівельних і дачно-будівельних кооперативів та індивідуального житлового будівництва. Код: 40 80 40.",,,2026-10-05 18:41:38,2026-10-05 18:41:38
4673,40 80 50,40 80,3,"Землі промисловості, транспорту, зв'язку, оборони та іншого несільськогосподарського призначення","Землі промисловості, транспорту, зв'язку, оборони та іншого несільськогосподарського призначення",40 / 40 80 / 40 80 50,"Природні ресурси. Охорона природи / Склад земель / Землі промисловості, транспорту, зв'язку, оборони та іншого несільськогосподарського призначення",0,0,116,116,https://zakon.rada.gov.ua/laws/main/jj233,https://zakon.rada.gov.ua/laws/main/jj233,[],"Землі промисловості, транспорту, зв'язку, оборони та іншого несільськогосподарського призначення. Шлях: Природні ресурси. Охорона природи / Склад земель / Землі промисловості, транспорту, зв'язку, оборони та іншого несільськогосподарського призначення. Код: 40 80 50.",,,2026-10-05 18:41:38,2026-10-05 18:41:38
4674,40 80 60,40 80,3,"Землі природоохоронного, оздоровчого, рекреаційного та історико-культурного призначення","Землі природоохоронного, оздоровчого, рекреаційного та історико-культурного призначення",40 / 40 80 / 40 80 60,"Природні ресурси. Охорона природи / Склад земель / Землі природоохоронного, оздоровчого, рекреаційного та історико-культурного призначення",0,0,78,78,https://zakon.rada.gov.ua/laws/main/jj234,https://zakon.rada.gov.ua/laws/main/jj234,[],"Землі природоохоронного, оздоровчого, рекреаційного та історико-культурного призначення. Шлях: Природні ресурси. Охорона природи / Склад земель / Землі природоохоронного, оздоровчого, рекреаційного та історико-культурного призначення. Код: 40 80 60.",,,2026-10-05 18:41:38,2026-10-05 18:41:38
4675,40 80 70,40 80,3,Землі лісового фонду,Землі лісового фонду,40 / 40 80 / 40 80 70,Природні ресурси. Охорона природи / Склад земель / Землі лісового фонду,0,0,148,148,https://zakon.rada.gov.ua/laws/main/jj235,https://zakon.rada.gov.ua/laws/main/jj235,[],Землі лісового фонду. Шлях: Природні ресурси. Охорона природи / Склад земель / Землі лісового фонду. Код: 40 80 70.,,,2026-10-05 18:41:38,2026-10-05 18:41:38
4676,40 80 80,40 80,3,Землі водного фонду,Землі водного фонду,40 / 40 80 / 40 80 80,Природні ресурси. Охорона природи / Склад земель / Землі водного фонду,0,0,36,36,https://zakon.rada.gov.ua/laws/main/jj236,https://zakon.rada.gov.ua/laws/main/jj236,[],Землі водного фонду. Шлях: Природні ресурси. Охорона природи / Склад земель / Землі водного фонду. Код: 40 80 80.,,,2026-10-05 18:41:38,2026-10-05 18:41:38
4677,40 80 90,40 80,3,Землі запасу,Землі запасу,40 / 40 80 / 40 80 90,Природні ресурси. Охорона природи / Склад земель / Землі запасу,0,0,9,9,https://zakon.rada.gov.ua/laws/main/jj237,https://zakon.rada.gov.ua/laws/main/jj237,[],Землі запасу. Шлях: Природні ресурси. Охорона природи / Склад земель / Землі запасу. Код: 40 80 90.,,,2026-10-05 18:41:38,2026-10-05 18:41:38
4678,40 90,40,2,Контроль за використанням земель. Моніторинг земель,Контроль за використанням земель. Моніторинг земель,40 / 40 90,Природні ресурси. Охорона природи / Контроль за використанням земель. Моніторинг земель,0,0,193,193,https://zakon.rada.gov.ua/laws/main/jj238,https://zakon.rada.gov.ua/laws/main/jj238,[],Контроль за використанням земель. Моніторинг земель. Шлях: Природні ресурси. Охорона природи / Контроль за використанням земель. Моніторинг земель. Код: 40 90.,,,2026-10-05 18:41:38,2026-10-05 18:41:38
4679,40100,40,2,Відшкодування збитків власникам землі та землекористувачам і втрат сільськогосподарського та лісогосподарського виробництва,Відшкодування збитків власникам землі та землекористувачам і втрат сільськогосподарського та лісогосподарського виробництва,40 / 40100,Природні ресурси. Охорона природи / Відшкодування збитків власникам землі та землекористувачам і втрат сільськогосподарського та лісогосподарського виробництва,0,0,15,15,https://zakon.rada.gov.ua/laws/main/jj239,https://zakon.rada.gov.ua/laws/main/jj239,[],Відшкодування збитків власникам землі та землекористувачам і втрат сільськогосподарського та лісогосподарського виробництва. Шлях: Природні ресурси. Охорона природи / Відшкодування збитків власникам землі та землекористувачам і втрат сільськогосподарського та лісогосподарського виробництва. Код: 40100.,,,2026-10-05 18:41:38,2026-10-05 18:41:38
4680,40110,40,2,Відповідальність за порушення законодавства про землю. Вирішення земельних спорів,Відповідальність за порушення законодавства про землю. Вирішення земельних спорів,40 / 40110,Природні ресурси. Охорона природи / Відповідальність за порушення законодавства про землю. Вирішення земельних спорів,0,0,41,41,https://zakon.rada.gov.ua/laws/main/jj240,https://zakon.rada.gov.ua/laws/main/jj240,[],Відповідальність за порушення законодавства про землю. Вирішення земельних спорів. Шлях: Природні ресурси. Охорона природи / Відповідальність за порушення законодавства про землю. Вирішення земельних спорів. Код: 40110.,,,2026-10-05 18:41:38,2026-10-05 18:41:38
4681,40120,40,2,Законодавство про надра,Законодавство про надра,40 / 40120,Природні ресурси. Охорона природи / Законодавство про надра,1,3,853,547,https://zakon.rada.gov.ua/laws/main/j241,https://zakon.rada.gov.ua/laws/main/jj241,[],Законодавство про надра. Шлях: Природні ресурси. Охорона природи / Законодавство про надра. Код: 40120.,,,2026-10-05 18:41:38,2026-10-05 18:41:38
4682,40120 10,40120,3,Геологія. Геологорозвідувальні роботи,Геологія. Геологорозвідувальні роботи,40 / 40120 / 40120 10,Природні ресурси. Охорона природи / Законодавство про надра / Геологія. Геологорозвідувальні роботи,0,0,384,384,https://zakon.rada.gov.ua/laws/main/jj242,https://zakon.rada.gov.ua/laws/main/jj242,[],Геологія. Геологорозвідувальні роботи. Шлях: Природні ресурси. Охорона природи / Законодавство про надра / Геологія. Геологорозвідувальні роботи. Код: 40120 10.,,,2026-10-05 18:41:38,2026-10-05 18:41:38
4683,40120 20,40120,3,Гірничий нагляд,Гірничий нагляд,40 / 40120 / 40120 20,Природні ресурси. Охорона природи / Законодавство про надра / Гірничий нагляд,0,0,21,21,https://zakon.rada.gov.ua/laws/main/jj243,https://zakon.rada.gov.ua/laws/main/jj243,[],Гірничий нагляд. Шлях: Природні ресурси. Охорона природи / Законодавство про надра / Гірничий нагляд. Код: 40120 20.,,,2026-10-05 18:41:38,2026-10-05 18:41:38
4684,40120 30,40120,3,Відповідальність за порушення законодавства про надра,Відповідальність за порушення законодавства про надра,40 / 40120 / 40120 30,Природні ресурси. Охорона природи / Законодавство про надра / Відповідальність за порушення законодавства про надра,0,0,9,9,https://zakon.rada.gov.ua/laws/main/jj244,https://zakon.rada.gov.ua/laws/main/jj244,[],Відповідальність за порушення законодавства про надра. Шлях: Природні ресурси. Охорона природи / Законодавство про надра / Відповідальність за порушення законодавства про надра. Код: 40120 30.,,,2026-10-05 18:41:38,2026-10-05 18:41:38
4685,40130,40,2,Законодавство про ліси,Законодавство про ліси,40 / 40130,Природні ресурси. Охорона природи / Законодавство про ліси,1,4,481,338,https://zakon.rada.gov.ua/laws/main/j245,https://zakon.rada.gov.ua/laws/main/jj245,[],Законодавство про ліси. Шлях: Природні ресурси. Охорона природи / Законодавство про ліси. Код: 40130.,,,2026-10-05 18:41:38,2026-10-05 18:41:38
4686,40130 10,40130,3,Лісокористування,Лісокористування,40 / 40130 / 40130 10,Природні ресурси. Охорона природи / Законодавство про ліси / Лісокористування,0,0,91,91,https://zakon.rada.gov.ua/laws/main/jj246,https://zakon.rada.gov.ua/laws/main/jj246,[],Лісокористування. Шлях: Природні ресурси. Охорона природи / Законодавство про ліси / Лісокористування. Код: 40130 10.,,,2026-10-05 18:41:38,2026-10-05 18:41:38
4687,40130 20,40130,3,Рубка лісу,Рубка лісу,40 / 40130 / 40130 20,Природні ресурси. Охорона природи / Законодавство про ліси / Рубка лісу,0,0,78,78,https://zakon.rada.gov.ua/laws/main/jj247,https://zakon.rada.gov.ua/laws/main/jj247,[],Рубка лісу. Шлях: Природні ресурси. Охорона природи / Законодавство про ліси / Рубка лісу. Код: 40130 20.,,,2026-10-05 18:41:38,2026-10-05 18:41:38
4688,40130 30,40130,3,Такси,Такси,40 / 40130 / 40130 30,Природні ресурси. Охорона природи / Законодавство про ліси / Такси,0,0,14,14,https://zakon.rada.gov.ua/laws/main/jj248,https://zakon.rada.gov.ua/laws/main/jj248,[],Такси. Шлях: Природні ресурси. Охорона природи / Законодавство про ліси / Такси. Код: 40130 30.,,,2026-10-05 18:41:38,2026-10-05 18:41:38
4689,40130 40,40130,3,Відповідальність за порушення законодавства про ліси,Відповідальність за порушення законодавства про ліси,40 / 40130 / 40130 40,Природні ресурси. Охорона природи / Законодавство про ліси / Відповідальність за порушення законодавства про ліси,0,0,22,22,https://zakon.rada.gov.ua/laws/main/jj249,https://zakon.rada.gov.ua/laws/main/jj249,[],Відповідальність за порушення законодавства про ліси. Шлях: Природні ресурси. Охорона природи / Законодавство про ліси / Відповідальність за порушення законодавства про ліси. Код: 40130 40.,,,2026-10-05 18:41:38,2026-10-05 18:41:38
4690,40140,40,2,Законодавство про води,Законодавство про води,40 / 40140,Природні ресурси. Охорона природи / Законодавство про води,1,4,976,529,https://zakon.rada.gov.ua/laws/main/j250,https://zakon.rada.gov.ua/laws/main/jj250,[],Законодавство про води. Шлях: Природні ресурси. Охорона природи / Законодавство про води. Код: 40140.,,,2026-10-05 18:41:38,2026-10-05 18:41:38
4691,40140 10,40140,3,Водокористування. Якість питної води,Водокористування. Якість питної води,40 / 40140 / 40140 10,Природні ресурси. Охорона природи / Законодавство про води / Водокористування. Якість питної води,0,0,237,237,https://zakon.rada.gov.ua/laws/main/jj251,https://zakon.rada.gov.ua/laws/main/jj251,[],Водокористування. Якість питної води. Шлях: Природні ресурси. Охорона природи / Законодавство про води / Водокористування. Якість питної води. Код: 40140 10.,,,2026-10-05 18:41:38,2026-10-05 18:41:38
4692,40140 20,40140,3,Заходи проти повені. Підтоплення,Заходи проти повені. Підтоплення,40 / 40140 / 40140 20,Природні ресурси. Охорона природи / Законодавство про води / Заходи проти повені. Підтоплення,0,0,172,172,https://zakon.rada.gov.ua/laws/main/jj252,https://zakon.rada.gov.ua/laws/main/jj252,[],Заходи проти повені. Підтоплення. Шлях: Природні ресурси. Охорона природи / Законодавство про води / Заходи проти повені. Підтоплення. Код: 40140 20.,,,2026-10-05 18:41:38,2026-10-05 18:41:38
4693,40140 30,40140,3,Закріплення берегів. Протизсувні заходи,Закріплення берегів. Протизсувні заходи,40 / 40140 / 40140 30,Природні ресурси. Охорона природи / Законодавство про води / Закріплення берегів. Протизсувні заходи,0,0,71,71,https://zakon.rada.gov.ua/laws/main/jj253,https://zakon.rada.gov.ua/laws/main/jj253,[],Закріплення берегів. Протизсувні заходи. Шлях: Природні ресурси. Охорона природи / Законодавство про води / Закріплення берегів. Протизсувні заходи. Код: 40140 30.,,,2026-10-05 18:41:38,2026-10-05 18:41:38
4694,40140 40,40140,3,Відповідальність за порушення законодавства про води,Відповідальність за порушення законодавства про води,40 / 40140 / 40140 40,Природні ресурси. Охорона природи / Законодавство про води / Відповідальність за порушення законодавства про води,0,0,16,16,https://zakon.rada.gov.ua/laws/main/jj254,https://zakon.rada.gov.ua/laws/main/jj254,[],Відповідальність за порушення законодавства про води. Шлях: Природні ресурси. Охорона природи / Законодавство про води / Відповідальність за порушення законодавства про води. Код: 40140 40.,,,2026-10-05 18:41:38,2026-10-05 18:41:38
4695,40150,40,2,Законодавство про тваринний світ,Законодавство про тваринний світ,40 / 40150,Природні ресурси. Охорона природи / Законодавство про тваринний світ,1,4,789,49,https://zakon.rada.gov.ua/laws/main/j255,https://zakon.rada.gov.ua/laws/main/jj255,[],Законодавство про тваринний світ. Шлях: Природні ресурси. Охорона природи / Законодавство про тваринний світ. Код: 40150.,,,2026-10-05 18:41:38,2026-10-05 18:41:38
4696,40150 10,40150,3,Користування тваринним світом,Користування тваринним світом,40 / 40150 / 40150 10,Природні ресурси. Охорона природи / Законодавство про тваринний світ / Користування тваринним світом,0,0,16,16,https://zakon.rada.gov.ua/laws/main/jj256,https://zakon.rada.gov.ua/laws/main/jj256,[],Користування тваринним світом. Шлях: Природні ресурси. Охорона природи / Законодавство про тваринний світ / Користування тваринним світом. Код: 40150 10.,,,2026-10-05 18:41:38,2026-10-05 18:41:38
4697,40150 20,40150,3,Мисливство,Мисливство,40 / 40150 / 40150 20,Природні ресурси. Охорона природи / Законодавство про тваринний світ / Мисливство,1,1,236,231,https://zakon.rada.gov.ua/laws/main/j257,https://zakon.rada.gov.ua/laws/main/jj257,[],Мисливство. Шлях: Природні ресурси. Охорона природи / Законодавство про тваринний світ / Мисливство. Код: 40150 20.,,,2026-10-05 18:41:38,2026-10-05 18:41:38
4698,40150 20 10,40150 20,4,Такси. Ліцензії,Такси. Ліцензії,40 / 40150 / 40150 20 / 40150 20 10,Природні ресурси. Охорона природи / Законодавство про тваринний світ / Мисливство / Такси. Ліцензії,0,0,15,15,https://zakon.rada.gov.ua/laws/main/jj258,https://zakon.rada.gov.ua/laws/main/jj258,[],Такси. Ліцензії. Шлях: Природні ресурси. Охорона природи / Законодавство про тваринний світ / Мисливство / Такси. Ліцензії. Код: 40150 20 10.,,,2026-10-05 18:41:38,2026-10-05 18:41:38
4699,40150 30,40150,3,Рибальство,Рибальство,40 / 40150 / 40150 30,Природні ресурси. Охорона природи / Законодавство про тваринний світ / Рибальство,0,0,511,511,https://zakon.rada.gov.ua/laws/main/jj259,https://zakon.rada.gov.ua/laws/main/jj259,[],Рибальство. Шлях: Природні ресурси. Охорона природи / Законодавство про тваринний світ / Рибальство. Код: 40150 30.,,,2026-10-05 18:41:38,2026-10-05 18:41:38
4700,40150 40,40150,3,Відповідальність за порушення законодавства про тваринний світ,Відповідальність за порушення законодавства про тваринний світ,40 / 40150 / 40150 40,Природні ресурси. Охорона природи / Законодавство про тваринний світ / Відповідальність за порушення законодавства про тваринний світ,0,0,19,19,https://zakon.rada.gov.ua/laws/main/jj260,https://zakon.rada.gov.ua/laws/main/jj260,[],Відповідальність за порушення законодавства про тваринний світ. Шлях: Природні ресурси. Охорона природи / Законодавство про тваринний світ / Відповідальність за порушення законодавства про тваринний світ. Код: 40150 40.,,,2026-10-05 18:41:38,2026-10-05 18:41:38
4701,40160,40,2,"Законодавство про геодезію, картографію","Законодавство про геодезію, картографію",40 / 40160,"Природні ресурси. Охорона природи / Законодавство про геодезію, картографію",0,0,261,261,https://zakon.rada.gov.ua/laws/main/jj261,https://zakon.rada.gov.ua/laws/main/jj261,[],"Законодавство про геодезію, картографію. Шлях: Природні ресурси. Охорона природи / Законодавство про геодезію, картографію. Код: 40160.",,,2026-10-05 18:41:38,2026-10-05 18:41:38
4702,40170,40,2,Законодавство про гідрометеорологію,Законодавство про гідрометеорологію,40 / 40170,Природні ресурси. Охорона природи / Законодавство про гідрометеорологію,0,0,110,110,https://zakon.rada.gov.ua/laws/main/jj262,https://zakon.rada.gov.ua/laws/main/jj262,[],Законодавство про гідрометеорологію. Шлях: Природні ресурси. Охорона природи / Законодавство про гідрометеорологію. Код: 40170.,,,2026-10-05 18:41:38,2026-10-05 18:41:38
4703,40180,40,2,Законодавства про гідрологію,Законодавства про гідрологію,40 / 40180,Природні ресурси. Охорона природи / Законодавства про гідрологію,0,0,21,21,https://zakon.rada.gov.ua/laws/main/jj263,https://zakon.rada.gov.ua/laws/main/jj263,[],Законодавства про гідрологію. Шлях: Природні ресурси. Охорона природи / Законодавства про гідрологію. Код: 40180.,,,2026-10-05 18:41:38,2026-10-05 18:41:38
4704,40190,40,2,Охорона навколишнього природного середовища,Охорона навколишнього природного середовища,40 / 40190,Природні ресурси. Охорона природи / Охорона навколишнього природного середовища,1,6,2585,1657,https://zakon.rada.gov.ua/laws/main/j264,https://zakon.rada.gov.ua/laws/main/jj264,[],Охорона навколишнього природного середовища. Шлях: Природні ресурси. Охорона природи / Охорона навколишнього природного середовища. Код: 40190.,,,2026-10-05 18:41:38,2026-10-05 18:41:38
4705,40190 10,40190,3,Охорона землі,Охорона землі,40 / 40190 / 40190 10,Природні ресурси. Охорона природи / Охорона навколишнього природного середовища / Охорона землі,0,0,124,124,https://zakon.rada.gov.ua/laws/main/jj265,https://zakon.rada.gov.ua/laws/main/jj265,[],Охорона землі. Шлях: Природні ресурси. Охорона природи / Охорона навколишнього природного середовища / Охорона землі. Код: 40190 10.,,,2026-10-05 18:41:38,2026-10-05 18:41:38
4706,40190 20,40190,3,Охорона надр,Охорона надр,40 / 40190 / 40190 20,Природні ресурси. Охорона природи / Охорона навколишнього природного середовища / Охорона надр,0,0,46,46,https://zakon.rada.gov.ua/laws/main/jj266,https://zakon.rada.gov.ua/laws/main/jj266,[],Охорона надр. Шлях: Природні ресурси. Охорона природи / Охорона навколишнього природного середовища / Охорона надр. Код: 40190 20.,,,2026-10-05 18:41:38,2026-10-05 18:41:38
4707,40190 30,40190,3,Охорона рослинного світу,Охорона рослинного світу,40 / 40190 / 40190 30,Природні ресурси. Охорона природи / Охорона навколишнього природного середовища / Охорона рослинного світу,0,0,233,233,https://zakon.rada.gov.ua/laws/main/jj267,https://zakon.rada.gov.ua/laws/main/jj267,[],Охорона рослинного світу. Шлях: Природні ресурси. Охорона природи / Охорона навколишнього природного середовища / Охорона рослинного світу. Код: 40190 30.,,,2026-10-05 18:41:38,2026-10-05 18:41:38
4708,40190 40,40190,3,Охорона води,Охорона води,40 / 40190 / 40190 40,Природні ресурси. Охорона природи / Охорона навколишнього природного середовища / Охорона води,0,0,184,184,https://zakon.rada.gov.ua/laws/main/jj268,https://zakon.rada.gov.ua/laws/main/jj268,[],Охорона води. Шлях: Природні ресурси. Охорона природи / Охорона навколишнього природного середовища / Охорона води. Код: 40190 40.,,,2026-10-05 18:41:38,2026-10-05 18:41:38
4709,40190 50,40190,3,Охорона тваринного світу,Охорона тваринного світу,40 / 40190 / 40190 50,Природні ресурси. Охорона природи / Охорона навколишнього природного середовища / Охорона тваринного світу,0,0,256,256,https://zakon.rada.gov.ua/laws/main/jj269,https://zakon.rada.gov.ua/laws/main/jj269,[],Охорона тваринного світу. Шлях: Природні ресурси. Охорона природи / Охорона навколишнього природного середовища / Охорона тваринного світу. Код: 40190 50.,,,2026-10-05 18:41:38,2026-10-05 18:41:38
4710,40190 60,40190,3,Охорона атмосферного повітря,Охорона атмосферного повітря,40 / 40190 / 40190 60,Природні ресурси. Охорона природи / Охорона навколишнього природного середовища / Охорона атмосферного повітря,0,0,215,215,https://zakon.rada.gov.ua/laws/main/jj270,https://zakon.rada.gov.ua/laws/main/jj270,[],Охорона атмосферного повітря. Шлях: Природні ресурси. Охорона природи / Охорона навколишнього природного середовища / Охорона атмосферного повітря. Код: 40190 60.,,,2026-10-05 18:41:38,2026-10-05 18:41:38
4711,40200,40,2,"Території та об'єкти природно-заповідного фонду (заповідники, заказники, ботанічні сади та ін.)","Території та об'єкти природно-заповідного фонду (заповідники, заказники, ботанічні сади та ін.)",40 / 40200,"Природні ресурси. Охорона природи / Території та об'єкти природно-заповідного фонду (заповідники, заказники, ботанічні сади та ін.)",0,0,535,535,https://zakon.rada.gov.ua/laws/main/jj271,https://zakon.rada.gov.ua/laws/main/jj271,[],"Території та об'єкти природно-заповідного фонду (заповідники, заказники, ботанічні сади та ін.). Шлях: Природні ресурси. Охорона природи / Території та об'єкти природно-заповідного фонду (заповідники, заказники, ботанічні сади та ін.). Код: 40200.",,,2026-10-05 18:41:38,2026-10-05 18:41:38
4712,40210,40,2,Червона книга. Зелена книга,Червона книга. Зелена книга,40 / 40210,Природні ресурси. Охорона природи / Червона книга. Зелена книга,0,0,49,49,https://zakon.rada.gov.ua/laws/main/jj272,https://zakon.rada.gov.ua/laws/main/jj272,[],Червона книга. Зелена книга. Шлях: Природні ресурси. Охорона природи / Червона книга. Зелена книга. Код: 40210.,,,2026-10-05 18:41:38,2026-10-05 18:41:38
4713,40220,40,2,Екологічна експертиза,Екологічна експертиза,40 / 40220,Природні ресурси. Охорона природи / Екологічна експертиза,0,0,63,63,https://zakon.rada.gov.ua/laws/main/jj273,https://zakon.rada.gov.ua/laws/main/jj273,[],Екологічна експертиза. Шлях: Природні ресурси. Охорона природи / Екологічна експертиза. Код: 40220.,,,2026-10-05 18:41:38,2026-10-05 18:41:38
4714,50,,1,Трудове законодавство,Трудове законодавство,50,Трудове законодавство,1,16,13255,678,https://zakon.rada.gov.ua/laws/main/j274,https://zakon.rada.gov.ua/laws/main/jj274,[],Трудове законодавство. Шлях: Трудове законодавство. Код: 50.,,,2026-10-05 18:41:38,2026-10-05 18:41:38
4715,50 10,50,2,Трудовий колектив та його представники,Трудовий колектив та його представники,50 / 50 10,Трудове законодавство / Трудовий колектив та його представники,0,0,156,156,https://zakon.rada.gov.ua/laws/main/jj275,https://zakon.rada.gov.ua/laws/main/jj275,[],Трудовий колектив та його представники. Шлях: Трудове законодавство / Трудовий колектив та його представники. Код: 50 10.,,,2026-10-05 18:41:38,2026-10-05 18:41:38
4716,50 20,50,2,Трудовий договір. Контракт,Трудовий договір. Контракт,50 / 50 20,Трудове законодавство / Трудовий договір. Контракт,1,6,1496,198,https://zakon.rada.gov.ua/laws/main/j276,https://zakon.rada.gov.ua/laws/main/jj276,[],Трудовий договір. Контракт. Шлях: Трудове законодавство / Трудовий договір. Контракт. Код: 50 20.,,,2026-10-05 18:41:38,2026-10-05 18:41:38
4717,50 20 10,50 20,3,Прийняття на роботу. Випробування. Конкурс. Стажування,Прийняття на роботу. Випробування. Конкурс. Стажування,50 / 50 20 / 50 20 10,Трудове законодавство / Трудовий договір. Контракт / Прийняття на роботу. Випробування. Конкурс. Стажування,0,0,977,977,https://zakon.rada.gov.ua/laws/main/jj277,https://zakon.rada.gov.ua/laws/main/jj277,[],Прийняття на роботу. Випробування. Конкурс. Стажування. Шлях: Трудове законодавство / Трудовий договір. Контракт / Прийняття на роботу. Випробування. Конкурс. Стажування. Код: 50 20 10.,,,2026-10-05 18:41:38,2026-10-05 18:41:38
4718,50 20 20,50 20,3,Документи (трудові книжки та ін.),Документи (трудові книжки та ін.),50 / 50 20 / 50 20 20,Трудове законодавство / Трудовий договір. Контракт / Документи (трудові книжки та ін.),0,0,35,35,https://zakon.rada.gov.ua/laws/main/jj278,https://zakon.rada.gov.ua/laws/main/jj278,[],Документи (трудові книжки та ін.). Шлях: Трудове законодавство / Трудовий договір. Контракт / Документи (трудові книжки та ін.). Код: 50 20 20.,,,2026-10-05 18:41:38,2026-10-05 18:41:38
4719,50 20 30,50 20,3,Переведення на іншу роботу,Переведення на іншу роботу,50 / 50 20 / 50 20 30,Трудове законодавство / Трудовий договір. Контракт / Переведення на іншу роботу,0,0,278,278,https://zakon.rada.gov.ua/laws/main/jj279,https://zakon.rada.gov.ua/laws/main/jj279,[],Переведення на іншу роботу. Шлях: Трудове законодавство / Трудовий договір. Контракт / Переведення на іншу роботу. Код: 50 20 30.,,,2026-10-05 18:41:38,2026-10-05 18:41:38
4720,50 20 40,50 20,3,Припинення трудового договору (контракту),Припинення трудового договору (контракту),50 / 50 20 / 50 20 40,Трудове законодавство / Трудовий договір. Контракт / Припинення трудового договору (контракту),0,0,24,24,https://zakon.rada.gov.ua/laws/main/jj280,https://zakon.rada.gov.ua/laws/main/jj280,[],Припинення трудового договору (контракту). Шлях: Трудове законодавство / Трудовий договір. Контракт / Припинення трудового договору (контракту). Код: 50 20 40.,,,2026-10-05 18:41:38,2026-10-05 18:41:38
4721,50 20 50,50 20,3,Переважне право на залишення на роботі при вивільненні працівника у зв'язку із змінами в організації виробництва і праці,Переважне право на залишення на роботі при вивільненні працівника у зв'язку із змінами в організації виробництва і праці,50 / 50 20 / 50 20 50,Трудове законодавство / Трудовий договір. Контракт / Переважне право на залишення на роботі при вивільненні працівника у зв'язку із змінами в організації виробництва і праці,0,0,5,5,https://zakon.rada.gov.ua/laws/main/jj281,https://zakon.rada.gov.ua/laws/main/jj281,[],Переважне право на залишення на роботі при вивільненні працівника у зв'язку із змінами в організації виробництва і праці. Шлях: Трудове законодавство / Трудовий договір. Контракт / Переважне право на залишення на роботі при вивільненні працівника у зв'язку із змінами в організації виробництва і праці. Код: 50 20 50.,,,2026-10-05 18:41:38,2026-10-05 18:41:38
4722,50 20 60,50 20,3,Вихідна допомога,Вихідна допомога,50 / 50 20 / 50 20 60,Трудове законодавство / Трудовий договір. Контракт / Вихідна допомога,0,0,3,3,https://zakon.rada.gov.ua/laws/main/jj282,https://zakon.rada.gov.ua/laws/main/jj282,[],Вихідна допомога. Шлях: Трудове законодавство / Трудовий договір. Контракт / Вихідна допомога. Код: 50 20 60.,,,2026-10-05 18:41:38,2026-10-05 18:41:38
4723,50 30,50,2,Колективний договір,Колективний договір,50 / 50 30,Трудове законодавство / Колективний договір,0,0,91,91,https://zakon.rada.gov.ua/laws/main/jj283,https://zakon.rada.gov.ua/laws/main/jj283,[],Колективний договір. Шлях: Трудове законодавство / Колективний договір. Код: 50 30.,,,2026-10-05 18:41:38,2026-10-05 18:41:38
4724,50 40,50,2,Трудовий стаж,Трудовий стаж,50 / 50 40,Трудове законодавство / Трудовий стаж,0,0,85,85,https://zakon.rada.gov.ua/laws/main/jj284,https://zakon.rada.gov.ua/laws/main/jj284,[],Трудовий стаж. Шлях: Трудове законодавство / Трудовий стаж. Код: 50 40.,,,2026-10-05 18:41:38,2026-10-05 18:41:38
4725,50 50,50,2,"Суміщення професій, сумісництво та замісництво","Суміщення професій, сумісництво та замісництво",50 / 50 50,"Трудове законодавство / Суміщення професій, сумісництво та замісництво",0,0,176,176,https://zakon.rada.gov.ua/laws/main/jj285,https://zakon.rada.gov.ua/laws/main/jj285,[],"Суміщення професій, сумісництво та замісництво. Шлях: Трудове законодавство / Суміщення професій, сумісництво та замісництво. Код: 50 50.",,,2026-10-05 18:41:38,2026-10-05 18:41:38
4726,50 60,50,2,Робочий час і час відпочинку. Робочі місця,Робочий час і час відпочинку. Робочі місця,50 / 50 60,Трудове законодавство / Робочий час і час відпочинку. Робочі місця,1,6,813,89,https://zakon.rada.gov.ua/laws/main/j286,https://zakon.rada.gov.ua/laws/main/jj286,[],Робочий час і час відпочинку. Робочі місця. Шлях: Трудове законодавство / Робочий час і час відпочинку. Робочі місця. Код: 50 60.,,,2026-10-05 18:41:38,2026-10-05 18:41:38
4727,50 60 10,50 60,3,Тривалість робочого часу,Тривалість робочого часу,50 / 50 60 / 50 60 10,Трудове законодавство / Робочий час і час відпочинку. Робочі місця / Тривалість робочого часу,0,0,39,39,https://zakon.rada.gov.ua/laws/main/jj287,https://zakon.rada.gov.ua/laws/main/jj287,[],Тривалість робочого часу. Шлях: Трудове законодавство / Робочий час і час відпочинку. Робочі місця / Тривалість робочого часу. Код: 50 60 10.,,,2026-10-05 18:41:38,2026-10-05 18:41:38
4728,50 60 20,50 60,3,Надурочні роботи. Чергування,Надурочні роботи. Чергування,50 / 50 60 / 50 60 20,Трудове законодавство / Робочий час і час відпочинку. Робочі місця / Надурочні роботи. Чергування,0,0,120,120,https://zakon.rada.gov.ua/laws/main/jj288,https://zakon.rada.gov.ua/laws/main/jj288,[],Надурочні роботи. Чергування. Шлях: Трудове законодавство / Робочий час і час відпочинку. Робочі місця / Надурочні роботи. Чергування. Код: 50 60 20.,,,2026-10-05 18:41:38,2026-10-05 18:41:38
4729,50 60 30,50 60,3,Тимчасова та сезонна робота,Тимчасова та сезонна робота,50 / 50 60 / 50 60 30,Трудове законодавство / Робочий час і час відпочинку. Робочі місця / Тимчасова та сезонна робота,0,0,8,8,https://zakon.rada.gov.ua/laws/main/jj289,https://zakon.rada.gov.ua/laws/main/jj289,[],Тимчасова та сезонна робота. Шлях: Трудове законодавство / Робочий час і час відпочинку. Робочі місця / Тимчасова та сезонна робота. Код: 50 60 30.,,,2026-10-05 18:41:38,2026-10-05 18:41:38
4730,50 60 40,50 60,3,Вихідні та святкові дні,Вихідні та святкові дні,50 / 50 60 / 50 60 40,Трудове законодавство / Робочий час і час відпочинку. Робочі місця / Вихідні та святкові дні,0,0,142,142,https://zakon.rada.gov.ua/laws/main/jj290,https://zakon.rada.gov.ua/laws/main/jj290,[],Вихідні та святкові дні. Шлях: Трудове законодавство / Робочий час і час відпочинку. Робочі місця / Вихідні та святкові дні. Код: 50 60 40.,,,2026-10-05 18:41:38,2026-10-05 18:41:38
4731,50 60 50,50 60,3,"Дні святкування, професійні свята","Дні святкування, професійні свята",50 / 50 60 / 50 60 50,"Трудове законодавство / Робочий час і час відпочинку. Робочі місця / Дні святкування, професійні свята",0,0,229,229,https://zakon.rada.gov.ua/laws/main/jj291,https://zakon.rada.gov.ua/laws/main/jj291,[],"Дні святкування, професійні свята. Шлях: Трудове законодавство / Робочий час і час відпочинку. Робочі місця / Дні святкування, професійні свята. Код: 50 60 50.",,,2026-10-05 18:41:38,2026-10-05 18:41:38
4732,50 60 60,50 60,3,Відпустки,Відпустки,50 / 50 60 / 50 60 60,Трудове законодавство / Робочий час і час відпочинку. Робочі місця / Відпустки,1,6,197,93,https://zakon.rada.gov.ua/laws/main/j292,https://zakon.rada.gov.ua/laws/main/jj292,[],Відпустки. Шлях: Трудове законодавство / Робочий час і час відпочинку. Робочі місця / Відпустки. Код: 50 60 60.,,,2026-10-05 18:41:38,2026-10-05 18:41:38
4733,50 60 60 10,50 60 60,4,Щорічні,Щорічні,50 / 50 60 / 50 60 60 / 50 60 60 10,Трудове законодавство / Робочий час і час відпочинку. Робочі місця / Відпустки / Щорічні,0,0,61,61,https://zakon.rada.gov.ua/laws/main/jj293,https://zakon.rada.gov.ua/laws/main/jj293,[],Щорічні. Шлях: Трудове законодавство / Робочий час і час відпочинку. Робочі місця / Відпустки / Щорічні. Код: 50 60 60 10.,,,2026-10-05 18:41:38,2026-10-05 18:41:38
4734,50 60 60 20,50 60 60,4,Додаткові,Додаткові,50 / 50 60 / 50 60 60 / 50 60 60 20,Трудове законодавство / Робочий час і час відпочинку. Робочі місця / Відпустки / Додаткові,0,0,30,30,https://zakon.rada.gov.ua/laws/main/jj294,https://zakon.rada.gov.ua/laws/main/jj294,[],Додаткові. Шлях: Трудове законодавство / Робочий час і час відпочинку. Робочі місця / Відпустки / Додаткові. Код: 50 60 60 20.,,,2026-10-05 18:41:38,2026-10-05 18:41:38
4735,50 60 60 30,50 60 60,4,Учбові,Учбові,50 / 50 60 / 50 60 60 / 50 60 60 30,Трудове законодавство / Робочий час і час відпочинку. Робочі місця / Відпустки / Учбові,0,0,7,7,https://zakon.rada.gov.ua/laws/main/jj295,https://zakon.rada.gov.ua/laws/main/jj295,[],Учбові. Шлях: Трудове законодавство / Робочий час і час відпочинку. Робочі місця / Відпустки / Учбові. Код: 50 60 60 30.,,,2026-10-05 18:41:38,2026-10-05 18:41:38
4736,50 60 60 40,50 60 60,4,Без збереження заробітної плати,Без збереження заробітної плати,50 / 50 60 / 50 60 60 / 50 60 60 40,Трудове законодавство / Робочий час і час відпочинку. Робочі місця / Відпустки / Без збереження заробітної плати,0,0,5,5,https://zakon.rada.gov.ua/laws/main/jj296,https://zakon.rada.gov.ua/laws/main/jj296,[],Без збереження заробітної плати. Шлях: Трудове законодавство / Робочий час і час відпочинку. Робочі місця / Відпустки / Без збереження заробітної плати. Код: 50 60 60 40.,,,2026-10-05 18:41:38,2026-10-05 18:41:38
4737,50 60 60 50,50 60 60,4,"По вагітності, пологах і догляду за дитиною","По вагітності, пологах і догляду за дитиною",50 / 50 60 / 50 60 60 / 50 60 60 50,"Трудове законодавство / Робочий час і час відпочинку. Робочі місця / Відпустки / По вагітності, пологах і догляду за дитиною",0,0,9,9,https://zakon.rada.gov.ua/laws/main/jj297,https://zakon.rada.gov.ua/laws/main/jj297,[],"По вагітності, пологах і догляду за дитиною. Шлях: Трудове законодавство / Робочий час і час відпочинку. Робочі місця / Відпустки / По вагітності, пологах і догляду за дитиною. Код: 50 60 60 50.",,,2026-10-05 18:41:38,2026-10-05 18:41:38
4738,50 60 60 60,50 60 60,4,Інші,Інші,50 / 50 60 / 50 60 60 / 50 60 60 60,Трудове законодавство / Робочий час і час відпочинку. Робочі місця / Відпустки / Інші,0,0,3,3,https://zakon.rada.gov.ua/laws/main/jj298,https://zakon.rada.gov.ua/laws/main/jj298,[],Інші. Шлях: Трудове законодавство / Робочий час і час відпочинку. Робочі місця / Відпустки / Інші. Код: 50 60 60 60.,,,2026-10-05 18:41:38,2026-10-05 18:41:38
4739,50 70,50,2,Оплата праці,Оплата праці,50 / 50 70,Трудове законодавство / Оплата праці,1,10,4773,570,https://zakon.rada.gov.ua/laws/main/j299,https://zakon.rada.gov.ua/laws/main/jj299,[],Оплата праці. Шлях: Трудове законодавство / Оплата праці. Код: 50 70.,,,2026-10-05 18:41:38,2026-10-05 18:41:38
4740,50 70 10,50 70,3,Мінімальний розмір заробітної плати,Мінімальний розмір заробітної плати,50 / 50 70 / 50 70 10,Трудове законодавство / Оплата праці / Мінімальний розмір заробітної плати,0,0,95,95,https://zakon.rada.gov.ua/laws/main/jj300,https://zakon.rada.gov.ua/laws/main/jj300,[],Мінімальний розмір заробітної плати. Шлях: Трудове законодавство / Оплата праці / Мінімальний розмір заробітної плати. Код: 50 70 10.,,,2026-10-05 18:41:38,2026-10-05 18:41:38
4741,50 70 20,50 70,3,Середня заробітна плата,Середня заробітна плата,50 / 50 70 / 50 70 20,Трудове законодавство / Оплата праці / Середня заробітна плата,0,0,61,61,https://zakon.rada.gov.ua/laws/main/jj301,https://zakon.rada.gov.ua/laws/main/jj301,[],Середня заробітна плата. Шлях: Трудове законодавство / Оплата праці / Середня заробітна плата. Код: 50 70 20.,,,2026-10-05 18:41:38,2026-10-05 18:41:38
4742,50 70 30,50 70,3,Системи оплати праці. Тарифні ставки і оклади,Системи оплати праці. Тарифні ставки і оклади,50 / 50 70 / 50 70 30,Трудове законодавство / Оплата праці / Системи оплати праці. Тарифні ставки і оклади,0,0,2419,2419,https://zakon.rada.gov.ua/laws/main/jj302,https://zakon.rada.gov.ua/laws/main/jj302,[],Системи оплати праці. Тарифні ставки і оклади. Шлях: Трудове законодавство / Оплата праці / Системи оплати праці. Тарифні ставки і оклади. Код: 50 70 30.,,,2026-10-05 18:41:38,2026-10-05 18:41:38
4743,50 70 40,50 70,3,Надбавки і нарахування. Доплати (у т.ч. за використання іноземних мов). Відрахування. Винагорода за підсумками річної роботи,Надбавки і нарахування. Доплати (у т.ч. за використання іноземних мов). Відрахування. Винагорода за підсумками річної роботи,50 / 50 70 / 50 70 40,Трудове законодавство / Оплата праці / Надбавки і нарахування. Доплати (у т.ч. за використання іноземних мов). Відрахування. Винагорода за підсумками річної роботи,0,0,578,578,https://zakon.rada.gov.ua/laws/main/jj303,https://zakon.rada.gov.ua/laws/main/jj303,[],Надбавки і нарахування. Доплати (у т.ч. за використання іноземних мов). Відрахування. Винагорода за підсумками річної роботи. Шлях: Трудове законодавство / Оплата праці / Надбавки і нарахування. Доплати (у т.ч. за використання іноземних мов). Відрахування. Винагорода за підсумками річної роботи. Код: 50 70 40.,,,2026-10-05 18:41:38,2026-10-05 18:41:38
4744,50 70 50,50 70,3,Оплата праці окремих категорій робітників,Оплата праці окремих категорій робітників,50 / 50 70 / 50 70 50,Трудове законодавство / Оплата праці / Оплата праці окремих категорій робітників,0,0,3072,3072,https://zakon.rada.gov.ua/laws/main/jj304,https://zakon.rada.gov.ua/laws/main/jj304,[],Оплата праці окремих категорій робітників. Шлях: Трудове законодавство / Оплата праці / Оплата праці окремих категорій робітників. Код: 50 70 50.,,,2026-10-05 18:41:38,2026-10-05 18:41:38
4745,50 70 60,50 70,3,"Оплата роботи в надурочний час, при виконанні робіт різної кваліфікації, у святкові і неробочі дні, у нічний час, за незакінченим відрядним нарядом, при невиконанні норми виробітку, часу простою та браку","Оплата роботи в надурочний час, при виконанні робіт різної кваліфікації, у святкові і неробочі дні, у нічний час, за незакінченим відрядним нарядом, при невиконанні норми виробітку, часу простою та браку",50 / 50 70 / 50 70 60,"Трудове законодавство / Оплата праці / Оплата роботи в надурочний час, при виконанні робіт різної кваліфікації, у святкові і неробочі дні, у нічний час, за незакінченим відрядним нарядом, при невиконанні норми виробітку, часу простою та браку",0,0,20,20,https://zakon.rada.gov.ua/laws/main/jj305,https://zakon.rada.gov.ua/laws/main/jj305,[],"Оплата роботи в надурочний час, при виконанні робіт різної кваліфікації, у святкові і неробочі дні, у нічний час, за незакінченим відрядним нарядом, при невиконанні норми виробітку, часу простою та браку. Шлях: Трудове законодавство / Оплата праці / Оплата роботи в надурочний час, при виконанні робіт різної кваліфікації, у святкові і неробочі дні, у нічний час, за незакінченим відрядним нарядом, при невиконанні норми виробітку, часу простою та браку. Код: 50 70 60.",,,2026-10-05 18:41:38,2026-10-05 18:41:38
4746,50 70 70,50 70,3,Оплата при переведенні на іншу постійну нижчеоплачувану роботу та переміщенні,Оплата при переведенні на іншу постійну нижчеоплачувану роботу та переміщенні,50 / 50 70 / 50 70 70,Трудове законодавство / Оплата праці / Оплата при переведенні на іншу постійну нижчеоплачувану роботу та переміщенні,0,0,1,1,https://zakon.rada.gov.ua/laws/main/jj306,https://zakon.rada.gov.ua/laws/main/jj306,[],Оплата при переведенні на іншу постійну нижчеоплачувану роботу та переміщенні. Шлях: Трудове законодавство / Оплата праці / Оплата при переведенні на іншу постійну нижчеоплачувану роботу та переміщенні. Код: 50 70 70.,,,2026-10-05 18:41:38,2026-10-05 18:41:38
4747,50 70 80,50 70,3,"Оплата праці при сумісництві та замісництві, суміщенні професій або спеціальностей","Оплата праці при сумісництві та замісництві, суміщенні професій або спеціальностей",50 / 50 70 / 50 70 80,"Трудове законодавство / Оплата праці / Оплата праці при сумісництві та замісництві, суміщенні професій або спеціальностей",0,0,4,4,https://zakon.rada.gov.ua/laws/main/jj307,https://zakon.rada.gov.ua/laws/main/jj307,[],"Оплата праці при сумісництві та замісництві, суміщенні професій або спеціальностей. Шлях: Трудове законодавство / Оплата праці / Оплата праці при сумісництві та замісництві, суміщенні професій або спеціальностей. Код: 50 70 80.",,,2026-10-05 18:41:38,2026-10-05 18:41:38
4748,50 70 90,50 70,3,"Оплата праці вагітних жінок та жінок, які мають дітей віком до трьох років","Оплата праці вагітних жінок та жінок, які мають дітей віком до трьох років",50 / 50 70 / 50 70 90,"Трудове законодавство / Оплата праці / Оплата праці вагітних жінок та жінок, які мають дітей віком до трьох років",0,0,3,3,https://zakon.rada.gov.ua/laws/main/jj308,https://zakon.rada.gov.ua/laws/main/jj308,[],"Оплата праці вагітних жінок та жінок, які мають дітей віком до трьох років. Шлях: Трудове законодавство / Оплата праці / Оплата праці вагітних жінок та жінок, які мають дітей віком до трьох років. Код: 50 70 90.",,,2026-10-05 18:41:38,2026-10-05 18:41:38
4749,50 70100,50 70,3,Заробітна плата підлітків,Заробітна плата підлітків,50 / 50 70 / 50 70100,Трудове законодавство / Оплата праці / Заробітна плата підлітків,0,0,5,5,https://zakon.rada.gov.ua/laws/main/jj309,https://zakon.rada.gov.ua/laws/main/jj309,[],Заробітна плата підлітків. Шлях: Трудове законодавство / Оплата праці / Заробітна плата підлітків. Код: 50 70100.,,,2026-10-05 18:41:38,2026-10-05 18:41:38
4750,50 80,50,2,Заохочення за успіхи в роботі. Премії,Заохочення за успіхи в роботі. Премії,50 / 50 80,Трудове законодавство / Заохочення за успіхи в роботі. Премії,0,0,113,113,https://zakon.rada.gov.ua/laws/main/jj310,https://zakon.rada.gov.ua/laws/main/jj310,[],Заохочення за успіхи в роботі. Премії. Шлях: Трудове законодавство / Заохочення за успіхи в роботі. Премії. Код: 50 80.,,,2026-10-05 18:41:38,2026-10-05 18:41:38
4751,50 90,50,2,Гарантії і компенсації,Гарантії і компенсації,50 / 50 90,Трудове законодавство / Гарантії і компенсації,1,9,466,18,https://zakon.rada.gov.ua/laws/main/j311,https://zakon.rada.gov.ua/laws/main/jj311,[],Гарантії і компенсації. Шлях: Трудове законодавство / Гарантії і компенсації. Код: 50 90.,,,2026-10-05 18:41:38,2026-10-05 18:41:38
4752,50 90 10,50 90,3,При переїзді на роботу в іншу місцевість,При переїзді на роботу в іншу місцевість,50 / 50 90 / 50 90 10,Трудове законодавство / Гарантії і компенсації / При переїзді на роботу в іншу місцевість,0,0,18,18,https://zakon.rada.gov.ua/laws/main/jj312,https://zakon.rada.gov.ua/laws/main/jj312,[],При переїзді на роботу в іншу місцевість. Шлях: Трудове законодавство / Гарантії і компенсації / При переїзді на роботу в іншу місцевість. Код: 50 90 10.,,,2026-10-05 18:41:38,2026-10-05 18:41:38
4753,50 90 20,50 90,3,Обраних на виборні посади,Обраних на виборні посади,50 / 50 90 / 50 90 20,Трудове законодавство / Гарантії і компенсації / Обраних на виборні посади,0,0,0,0,,,[],Обраних на виборні посади. Шлях: Трудове законодавство / Гарантії і компенсації / Обраних на виборні посади. Код: 50 90 20.,,,2026-10-05 18:41:38,2026-10-05 18:41:38
4754,50 90 30,50 90,3,На час виконання державних або громадських обов'язків,На час виконання державних або громадських обов'язків,50 / 50 90 / 50 90 30,Трудове законодавство / Гарантії і компенсації / На час виконання державних або громадських обов'язків,0,0,6,6,https://zakon.rada.gov.ua/laws/main/jj314,https://zakon.rada.gov.ua/laws/main/jj314,[],На час виконання державних або громадських обов'язків. Шлях: Трудове законодавство / Гарантії і компенсації / На час виконання державних або громадських обов'язків. Код: 50 90 30.,,,2026-10-05 18:41:38,2026-10-05 18:41:38
4755,50 90 40,50 90,3,При службових відрядженнях,При службових відрядженнях,50 / 50 90 / 50 90 40,Трудове законодавство / Гарантії і компенсації / При службових відрядженнях,0,0,402,402,https://zakon.rada.gov.ua/laws/main/jj315,https://zakon.rada.gov.ua/laws/main/jj315,[],При службових відрядженнях. Шлях: Трудове законодавство / Гарантії і компенсації / При службових відрядженнях. Код: 50 90 40.,,,2026-10-05 18:41:38,2026-10-05 18:41:38
4756,50 90 50,50 90,3,При направленні для підвищення кваліфікації,При направленні для підвищення кваліфікації,50 / 50 90 / 50 90 50,Трудове законодавство / Гарантії і компенсації / При направленні для підвищення кваліфікації,0,0,4,4,https://zakon.rada.gov.ua/laws/main/jj316,https://zakon.rada.gov.ua/laws/main/jj316,[],При направленні для підвищення кваліфікації. Шлях: Трудове законодавство / Гарантії і компенсації / При направленні для підвищення кваліфікації. Код: 50 90 50.,,,2026-10-05 18:41:38,2026-10-05 18:41:38
4757,50 90 60,50 90,3,"Для донорів, для працівників, що направляються на обстеження до медичного закладу","Для донорів, для працівників, що направляються на обстеження до медичного закладу",50 / 50 90 / 50 90 60,"Трудове законодавство / Гарантії і компенсації / Для донорів, для працівників, що направляються на обстеження до медичного закладу",0,0,1,1,https://zakon.rada.gov.ua/laws/main/jj317,https://zakon.rada.gov.ua/laws/main/jj317,[],"Для донорів, для працівників, що направляються на обстеження до медичного закладу. Шлях: Трудове законодавство / Гарантії і компенсації / Для донорів, для працівників, що направляються на обстеження до медичного закладу. Код: 50 90 60.",,,2026-10-05 18:41:38,2026-10-05 18:41:38
4758,50 90 70,50 90,3,Винахідникам і раціоналізаторам,Винахідникам і раціоналізаторам,50 / 50 90 / 50 90 70,Трудове законодавство / Гарантії і компенсації / Винахідникам і раціоналізаторам,0,0,1,1,https://zakon.rada.gov.ua/laws/main/jj318,https://zakon.rada.gov.ua/laws/main/jj318,[],Винахідникам і раціоналізаторам. Шлях: Трудове законодавство / Гарантії і компенсації / Винахідникам і раціоналізаторам. Код: 50 90 70.,,,2026-10-05 18:41:38,2026-10-05 18:41:38
4759,50 90 80,50 90,3,За невикористану відпустку,За невикористану відпустку,50 / 50 90 / 50 90 80,Трудове законодавство / Гарантії і компенсації / За невикористану відпустку,0,0,2,2,https://zakon.rada.gov.ua/laws/main/jj319,https://zakon.rada.gov.ua/laws/main/jj319,[],За невикористану відпустку. Шлях: Трудове законодавство / Гарантії і компенсації / За невикористану відпустку. Код: 50 90 80.,,,2026-10-05 18:41:38,2026-10-05 18:41:38
4760,50 90 90,50 90,3,"При покладенні на працівників матеріальної відповідальності за шкоду, заподіяну підприємству, установі, організації","При покладенні на працівників матеріальної відповідальності за шкоду, заподіяну підприємству, установі, організації",50 / 50 90 / 50 90 90,"Трудове законодавство / Гарантії і компенсації / При покладенні на працівників матеріальної відповідальності за шкоду, заподіяну підприємству, установі, організації",0,0,16,16,https://zakon.rada.gov.ua/laws/main/jj320,https://zakon.rada.gov.ua/laws/main/jj320,[],"При покладенні на працівників матеріальної відповідальності за шкоду, заподіяну підприємству, установі, організації. Шлях: Трудове законодавство / Гарантії і компенсації / При покладенні на працівників матеріальної відповідальності за шкоду, заподіяну підприємству, установі, організації. Код: 50 90 90.",,,2026-10-05 18:41:38,2026-10-05 18:41:38
4761,50100,50,2,Пільги,Пільги,50 / 50100,Трудове законодавство / Пільги,1,3,11,7,https://zakon.rada.gov.ua/laws/main/j321,https://zakon.rada.gov.ua/laws/main/jj321,[],Пільги. Шлях: Трудове законодавство / Пільги. Код: 50100.,,,2026-10-05 18:41:38,2026-10-05 18:41:38
4762,50100 10,50100,3,Кваліфікованим працівникам,Кваліфікованим працівникам,50 / 50100 / 50100 10,Трудове законодавство / Пільги / Кваліфікованим працівникам,0,0,0,0,,,[],Кваліфікованим працівникам. Шлях: Трудове законодавство / Пільги / Кваліфікованим працівникам. Код: 50100 10.,,,2026-10-05 18:41:38,2026-10-05 18:41:38
4763,50100 20,50100,3,"Працівникам, які поєднують роботу з навчанням","Працівникам, які поєднують роботу з навчанням",50 / 50100 / 50100 20,"Трудове законодавство / Пільги / Працівникам, які поєднують роботу з навчанням",0,0,0,0,,,[],"Працівникам, які поєднують роботу з навчанням. Шлях: Трудове законодавство / Пільги / Працівникам, які поєднують роботу з навчанням. Код: 50100 20.",,,2026-10-05 18:41:38,2026-10-05 18:41:38
4764,50100 30,50100,3,Інші,Інші,50 / 50100 / 50100 30,Трудове законодавство / Пільги / Інші,0,0,4,4,https://zakon.rada.gov.ua/laws/main/jj324,https://zakon.rada.gov.ua/laws/main/jj324,[],Інші. Шлях: Трудове законодавство / Пільги / Інші. Код: 50100 30.,,,2026-10-05 18:41:38,2026-10-05 18:41:38
4765,50110,50,2,Охорона праці,Охорона праці,50 / 50110,Трудове законодавство / Охорона праці,1,5,1372,732,https://zakon.rada.gov.ua/laws/main/j325,https://zakon.rada.gov.ua/laws/main/jj325,[],Охорона праці. Шлях: Трудове законодавство / Охорона праці. Код: 50110.,,,2026-10-05 18:41:38,2026-10-05 18:41:38
4766,50110 10,50110,3,Інструкції по охороні праці,Інструкції по охороні праці,50 / 50110 / 50110 10,Трудове законодавство / Охорона праці / Інструкції по охороні праці,0,0,282,282,https://zakon.rada.gov.ua/laws/main/jj326,https://zakon.rada.gov.ua/laws/main/jj326,[],Інструкції по охороні праці. Шлях: Трудове законодавство / Охорона праці / Інструкції по охороні праці. Код: 50110 10.,,,2026-10-05 18:41:38,2026-10-05 18:41:38
4767,50110 20,50110,3,"Спецодяг, спецвзуття, спецхарчування, індивідуальні засоби захисту","Спецодяг, спецвзуття, спецхарчування, індивідуальні засоби захисту",50 / 50110 / 50110 20,"Трудове законодавство / Охорона праці / Спецодяг, спецвзуття, спецхарчування, індивідуальні засоби захисту",0,0,134,134,https://zakon.rada.gov.ua/laws/main/jj327,https://zakon.rada.gov.ua/laws/main/jj327,[],"Спецодяг, спецвзуття, спецхарчування, індивідуальні засоби захисту. Шлях: Трудове законодавство / Охорона праці / Спецодяг, спецвзуття, спецхарчування, індивідуальні засоби захисту. Код: 50110 20.",,,2026-10-05 18:41:38,2026-10-05 18:41:38
4768,50110 30,50110,3,Медичні огляди працівників деяких категорій. Професійні захворювання,Медичні огляди працівників деяких категорій. Професійні захворювання,50 / 50110 / 50110 30,Трудове законодавство / Охорона праці / Медичні огляди працівників деяких категорій. Професійні захворювання,0,0,146,146,https://zakon.rada.gov.ua/laws/main/jj328,https://zakon.rada.gov.ua/laws/main/jj328,[],Медичні огляди працівників деяких категорій. Професійні захворювання. Шлях: Трудове законодавство / Охорона праці / Медичні огляди працівників деяких категорій. Професійні захворювання. Код: 50110 30.,,,2026-10-05 18:41:38,2026-10-05 18:41:38
4769,50110 40,50110,3,"Відшкодування власником або уповноваженим ним органом шкоди працівникам, у разі ушкодження їх здоров'я","Відшкодування власником або уповноваженим ним органом шкоди працівникам, у разі ушкодження їх здоров'я",50 / 50110 / 50110 40,"Трудове законодавство / Охорона праці / Відшкодування власником або уповноваженим ним органом шкоди працівникам, у разі ушкодження їх здоров'я",0,0,102,102,https://zakon.rada.gov.ua/laws/main/jj329,https://zakon.rada.gov.ua/laws/main/jj329,[],"Відшкодування власником або уповноваженим ним органом шкоди працівникам, у разі ушкодження їх здоров'я. Шлях: Трудове законодавство / Охорона праці / Відшкодування власником або уповноваженим ним органом шкоди працівникам, у разі ушкодження їх здоров'я. Код: 50110 40.",,,2026-10-05 18:41:38,2026-10-05 18:41:38
4770,50110 50,50110,3,Виробництва з шкідливими і важкими умовами праці,Виробництва з шкідливими і важкими умовами праці,50 / 50110 / 50110 50,Трудове законодавство / Охорона праці / Виробництва з шкідливими і важкими умовами праці,0,0,105,105,https://zakon.rada.gov.ua/laws/main/jj330,https://zakon.rada.gov.ua/laws/main/jj330,[],Виробництва з шкідливими і важкими умовами праці. Шлях: Трудове законодавство / Охорона праці / Виробництва з шкідливими і важкими умовами праці. Код: 50110 50.,,,2026-10-05 18:41:38,2026-10-05 18:41:38
4771,50120,50,2,Трудова дисципліна. Відповідальність за її порушення,Трудова дисципліна. Відповідальність за її порушення,50 / 50120,Трудове законодавство / Трудова дисципліна. Відповідальність за її порушення,1,3,305,15,https://zakon.rada.gov.ua/laws/main/j331,https://zakon.rada.gov.ua/laws/main/jj331,[],Трудова дисципліна. Відповідальність за її порушення. Шлях: Трудове законодавство / Трудова дисципліна. Відповідальність за її порушення. Код: 50120.,,,2026-10-05 18:41:38,2026-10-05 18:41:38
4772,50120 10,50120,3,Правила внутрішнього трудового розпорядку,Правила внутрішнього трудового розпорядку,50 / 50120 / 50120 10,Трудове законодавство / Трудова дисципліна. Відповідальність за її порушення / Правила внутрішнього трудового розпорядку,0,0,17,17,https://zakon.rada.gov.ua/laws/main/jj332,https://zakon.rada.gov.ua/laws/main/jj332,[],Правила внутрішнього трудового розпорядку. Шлях: Трудове законодавство / Трудова дисципліна. Відповідальність за її порушення / Правила внутрішнього трудового розпорядку. Код: 50120 10.,,,2026-10-05 18:41:38,2026-10-05 18:41:38
4773,50120 20,50120,3,Статути про дисципліну. Окремі правила для деяких категорій працівників,Статути про дисципліну. Окремі правила для деяких категорій працівників,50 / 50120 / 50120 20,Трудове законодавство / Трудова дисципліна. Відповідальність за її порушення / Статути про дисципліну. Окремі правила для деяких категорій працівників,0,0,27,27,https://zakon.rada.gov.ua/laws/main/jj333,https://zakon.rada.gov.ua/laws/main/jj333,[],Статути про дисципліну. Окремі правила для деяких категорій працівників. Шлях: Трудове законодавство / Трудова дисципліна. Відповідальність за її порушення / Статути про дисципліну. Окремі правила для деяких категорій працівників. Код: 50120 20.,,,2026-10-05 18:41:38,2026-10-05 18:41:38
4774,50120 30,50120,3,Кримінальна та дисциплінарна відповідальність за порушення трудової дисципліни,Кримінальна та дисциплінарна відповідальність за порушення трудової дисципліни,50 / 50120 / 50120 30,Трудове законодавство / Трудова дисципліна. Відповідальність за її порушення / Кримінальна та дисциплінарна відповідальність за порушення трудової дисципліни,0,0,247,247,https://zakon.rada.gov.ua/laws/main/jj334,https://zakon.rada.gov.ua/laws/main/jj334,[],Кримінальна та дисциплінарна відповідальність за порушення трудової дисципліни. Шлях: Трудове законодавство / Трудова дисципліна. Відповідальність за її порушення / Кримінальна та дисциплінарна відповідальність за порушення трудової дисципліни. Код: 50120 30.,,,2026-10-05 18:41:38,2026-10-05 18:41:38
4775,50130,50,2,Трудові спори (конфлікти),Трудові спори (конфлікти),50 / 50130,Трудове законодавство / Трудові спори (конфлікти),1,6,200,40,https://zakon.rada.gov.ua/laws/main/j335,https://zakon.rada.gov.ua/laws/main/jj335,[],Трудові спори (конфлікти). Шлях: Трудове законодавство / Трудові спори (конфлікти). Код: 50130.,,,2026-10-05 18:41:38,2026-10-05 18:41:38
4776,50130 10,50130,3,Комісії по трудових спорах,Комісії по трудових спорах,50 / 50130 / 50130 10,Трудове законодавство / Трудові спори (конфлікти) / Комісії по трудових спорах,0,0,0,0,,,[],Комісії по трудових спорах. Шлях: Трудове законодавство / Трудові спори (конфлікти) / Комісії по трудових спорах. Код: 50130 10.,,,2026-10-05 18:41:38,2026-10-05 18:41:38
4777,50130 20,50130,3,Судовий порядок розгляду трудових спорів,Судовий порядок розгляду трудових спорів,50 / 50130 / 50130 20,Трудове законодавство / Трудові спори (конфлікти) / Судовий порядок розгляду трудових спорів,0,0,65,65,https://zakon.rada.gov.ua/laws/main/jj337,https://zakon.rada.gov.ua/laws/main/jj337,[],Судовий порядок розгляду трудових спорів. Шлях: Трудове законодавство / Трудові спори (конфлікти) / Судовий порядок розгляду трудових спорів. Код: 50130 20.,,,2026-10-05 18:41:38,2026-10-05 18:41:38
4778,50130 30,50130,3,Поновлення на роботі незаконно звільнених працівників. Оплата вимушеного прогулу,Поновлення на роботі незаконно звільнених працівників. Оплата вимушеного прогулу,50 / 50130 / 50130 30,Трудове законодавство / Трудові спори (конфлікти) / Поновлення на роботі незаконно звільнених працівників. Оплата вимушеного прогулу,0,0,51,51,https://zakon.rada.gov.ua/laws/main/jj338,https://zakon.rada.gov.ua/laws/main/jj338,[],Поновлення на роботі незаконно звільнених працівників. Оплата вимушеного прогулу. Шлях: Трудове законодавство / Трудові спори (конфлікти) / Поновлення на роботі незаконно звільнених працівників. Оплата вимушеного прогулу. Код: 50130 30.,,,2026-10-05 18:41:38,2026-10-05 18:41:38
4779,50130 40,50130,3,"Порядок розгляду трудових спорів деяких категорій працівників (суддів, прокурорсько-слідчих працівників та інших)","Порядок розгляду трудових спорів деяких категорій працівників (суддів, прокурорсько-слідчих працівників та інших)",50 / 50130 / 50130 40,"Трудове законодавство / Трудові спори (конфлікти) / Порядок розгляду трудових спорів деяких категорій працівників (суддів, прокурорсько-слідчих працівників та інших)",0,0,6,6,https://zakon.rada.gov.ua/laws/main/jj339,https://zakon.rada.gov.ua/laws/main/jj339,[],"Порядок розгляду трудових спорів деяких категорій працівників (суддів, прокурорсько-слідчих працівників та інших). Шлях: Трудове законодавство / Трудові спори (конфлікти) / Порядок розгляду трудових спорів деяких категорій працівників (суддів, прокурорсько-слідчих працівників та інших). Код: 50130 40.",,,2026-10-05 18:41:38,2026-10-05 18:41:38
4780,50130 50,50130,3,Порядок вирішення колективних трудових спорів (конфліктів),Порядок вирішення колективних трудових спорів (конфліктів),50 / 50130 / 50130 50,Трудове законодавство / Трудові спори (конфлікти) / Порядок вирішення колективних трудових спорів (конфліктів),0,0,38,38,https://zakon.rada.gov.ua/laws/main/jj340,https://zakon.rada.gov.ua/laws/main/jj340,[],Порядок вирішення колективних трудових спорів (конфліктів). Шлях: Трудове законодавство / Трудові спори (конфлікти) / Порядок вирішення колективних трудових спорів (конфліктів). Код: 50130 50.,,,2026-10-05 18:41:38,2026-10-05 18:41:38
4781,50130 60,50130,3,Порядок вирішення індивідуальних трудових спорів (конфліктів),Порядок вирішення індивідуальних трудових спорів (конфліктів),50 / 50130 / 50130 60,Трудове законодавство / Трудові спори (конфлікти) / Порядок вирішення індивідуальних трудових спорів (конфліктів),0,0,4,4,https://zakon.rada.gov.ua/laws/main/jj341,https://zakon.rada.gov.ua/laws/main/jj341,[],Порядок вирішення індивідуальних трудових спорів (конфліктів). Шлях: Трудове законодавство / Трудові спори (конфлікти) / Порядок вирішення індивідуальних трудових спорів (конфліктів). Код: 50130 60.,,,2026-10-05 18:41:38,2026-10-05 18:41:38
4782,50140,50,2,Страйки,Страйки,50 / 50140,Трудове законодавство / Страйки,0,0,15,15,https://zakon.rada.gov.ua/laws/main/jj342,https://zakon.rada.gov.ua/laws/main/jj342,[],Страйки. Шлях: Трудове законодавство / Страйки. Код: 50140.,,,2026-10-05 18:41:38,2026-10-05 18:41:38
4783,50150,50,2,Кадри. Трудоустрій,Кадри. Трудоустрій,50 / 50150,Трудове законодавство / Кадри. Трудоустрій,1,4,2848,1236,https://zakon.rada.gov.ua/laws/main/j343,https://zakon.rada.gov.ua/laws/main/jj343,[],Кадри. Трудоустрій. Шлях: Трудове законодавство / Кадри. Трудоустрій. Код: 50150.,,,2026-10-05 18:41:38,2026-10-05 18:41:38
4784,50150 10,50150,3,"Підготовка, перепідготовка та підвищення кваліфікації","Підготовка, перепідготовка та підвищення кваліфікації",50 / 50150 / 50150 10,"Трудове законодавство / Кадри. Трудоустрій / Підготовка, перепідготовка та підвищення кваліфікації",0,0,812,812,https://zakon.rada.gov.ua/laws/main/jj344,https://zakon.rada.gov.ua/laws/main/jj344,[],"Підготовка, перепідготовка та підвищення кваліфікації. Шлях: Трудове законодавство / Кадри. Трудоустрій / Підготовка, перепідготовка та підвищення кваліфікації. Код: 50150 10.",,,2026-10-05 18:41:38,2026-10-05 18:41:38
4785,50150 20,50150,3,Трудове використання молодих працівників,Трудове використання молодих працівників,50 / 50150 / 50150 20,Трудове законодавство / Кадри. Трудоустрій / Трудове використання молодих працівників,0,0,90,90,https://zakon.rada.gov.ua/laws/main/jj345,https://zakon.rada.gov.ua/laws/main/jj345,[],Трудове використання молодих працівників. Шлях: Трудове законодавство / Кадри. Трудоустрій / Трудове використання молодих працівників. Код: 50150 20.,,,2026-10-05 18:41:38,2026-10-05 18:41:38
4786,50150 30,50150,3,Атестація,Атестація,50 / 50150 / 50150 30,Трудове законодавство / Кадри. Трудоустрій / Атестація,0,0,421,421,https://zakon.rada.gov.ua/laws/main/jj346,https://zakon.rada.gov.ua/laws/main/jj346,[],Атестація. Шлях: Трудове законодавство / Кадри. Трудоустрій / Атестація. Код: 50150 30.,,,2026-10-05 18:41:38,2026-10-05 18:41:38
4787,50150 40,50150,3,Забезпечення зайнятості працівників,Забезпечення зайнятості працівників,50 / 50150 / 50150 40,Трудове законодавство / Кадри. Трудоустрій / Забезпечення зайнятості працівників,0,0,540,540,https://zakon.rada.gov.ua/laws/main/jj347,https://zakon.rada.gov.ua/laws/main/jj347,[],Забезпечення зайнятості працівників. Шлях: Трудове законодавство / Кадри. Трудоустрій / Забезпечення зайнятості працівників. Код: 50150 40.,,,2026-10-05 18:41:38,2026-10-05 18:41:38
4788,50160,50,2,"Професійні спілки. Участь працівників в управлінні підприємствами, установами, організаціями. Соціальне партнерство","Професійні спілки. Участь працівників в управлінні підприємствами, установами, організаціями. Соціальне партнерство",50 / 50160,"Трудове законодавство / Професійні спілки. Участь працівників в управлінні підприємствами, установами, організаціями. Соціальне партнерство",0,0,230,230,https://zakon.rada.gov.ua/laws/main/jj348,https://zakon.rada.gov.ua/laws/main/jj348,[],"Професійні спілки. Участь працівників в управлінні підприємствами, установами, організаціями. Соціальне партнерство. Шлях: Трудове законодавство / Професійні спілки. Участь працівників в управлінні підприємствами, установами, організаціями. Соціальне партнерство. Код: 50160.",,,2026-10-05 18:41:38,2026-10-05 18:41:38
4789,60,,1,Законодавство з питань соціального забезпечення та соціального страхування,Законодавство з питань соціального забезпечення та соціального страхування,60,Законодавство з питань соціального забезпечення та соціального страхування,1,8,10140,584,https://zakon.rada.gov.ua/laws/main/j349,https://zakon.rada.gov.ua/laws/main/jj349,[],Законодавство з питань соціального забезпечення та соціального страхування. Шлях: Законодавство з питань соціального забезпечення та соціального страхування. Код: 60.,,,2026-10-05 18:41:38,2026-10-05 18:41:38
4790,60 10,60,2,Пенсійний фонд,Пенсійний фонд,60 / 60 10,Законодавство з питань соціального забезпечення та соціального страхування / Пенсійний фонд,0,0,608,608,https://zakon.rada.gov.ua/laws/main/jj350,https://zakon.rada.gov.ua/laws/main/jj350,[],Пенсійний фонд. Шлях: Законодавство з питань соціального забезпечення та соціального страхування / Пенсійний фонд. Код: 60 10.,,,2026-10-05 18:41:38,2026-10-05 18:41:38
4791,60 20,60,2,Законодавство про пенсійне забезпечення,Законодавство про пенсійне забезпечення,60 / 60 20,Законодавство з питань соціального забезпечення та соціального страхування / Законодавство про пенсійне забезпечення,1,13,2148,481,https://zakon.rada.gov.ua/laws/main/j351,https://zakon.rada.gov.ua/laws/main/jj351,[],Законодавство про пенсійне забезпечення. Шлях: Законодавство з питань соціального забезпечення та соціального страхування / Законодавство про пенсійне забезпечення. Код: 60 20.,,,2026-10-05 18:41:38,2026-10-05 18:41:38
4792,60 20 10,60 20,3,Пенсії за віком,Пенсії за віком,60 / 60 20 / 60 20 10,Законодавство з питань соціального забезпечення та соціального страхування / Законодавство про пенсійне забезпечення / Пенсії за віком,0,0,30,30,https://zakon.rada.gov.ua/laws/main/jj352,https://zakon.rada.gov.ua/laws/main/jj352,[],Пенсії за віком. Шлях: Законодавство з питань соціального забезпечення та соціального страхування / Законодавство про пенсійне забезпечення / Пенсії за віком. Код: 60 20 10.,,,2026-10-05 18:41:38,2026-10-05 18:41:38
4793,60 20 20,60 20,3,Пенсії за віком на пільгових умовах,Пенсії за віком на пільгових умовах,60 / 60 20 / 60 20 20,Законодавство з питань соціального забезпечення та соціального страхування / Законодавство про пенсійне забезпечення / Пенсії за віком на пільгових умовах,0,0,43,43,https://zakon.rada.gov.ua/laws/main/jj353,https://zakon.rada.gov.ua/laws/main/jj353,[],Пенсії за віком на пільгових умовах. Шлях: Законодавство з питань соціального забезпечення та соціального страхування / Законодавство про пенсійне забезпечення / Пенсії за віком на пільгових умовах. Код: 60 20 20.,,,2026-10-05 18:41:38,2026-10-05 18:41:38
4794,60 20 30,60 20,3,"Пенсії інвалідам, учасникам війни та сім'ям загиблих воїнів","Пенсії інвалідам, учасникам війни та сім'ям загиблих воїнів",60 / 60 20 / 60 20 30,"Законодавство з питань соціального забезпечення та соціального страхування / Законодавство про пенсійне забезпечення / Пенсії інвалідам, учасникам війни та сім'ям загиблих воїнів",0,0,19,19,https://zakon.rada.gov.ua/laws/main/jj354,https://zakon.rada.gov.ua/laws/main/jj354,[],"Пенсії інвалідам, учасникам війни та сім'ям загиблих воїнів. Шлях: Законодавство з питань соціального забезпечення та соціального страхування / Законодавство про пенсійне забезпечення / Пенсії інвалідам, учасникам війни та сім'ям загиблих воїнів. Код: 60 20 30.",,,2026-10-05 18:41:38,2026-10-05 18:41:38
4795,60 20 31,60 20,3,Пенсії за особливі заслуги перед Україною,Пенсії за особливі заслуги перед Україною,60 / 60 20 / 60 20 31,Законодавство з питань соціального забезпечення та соціального страхування / Законодавство про пенсійне забезпечення / Пенсії за особливі заслуги перед Україною,0,0,51,51,https://zakon.rada.gov.ua/laws/main/jj355,https://zakon.rada.gov.ua/laws/main/jj355,[],Пенсії за особливі заслуги перед Україною. Шлях: Законодавство з питань соціального забезпечення та соціального страхування / Законодавство про пенсійне забезпечення / Пенсії за особливі заслуги перед Україною. Код: 60 20 31.,,,2026-10-05 18:41:38,2026-10-05 18:41:38
4796,60 20 40,60 20,3,Пенсії багатодітним матерям і матерям інвалідів з дитинства,Пенсії багатодітним матерям і матерям інвалідів з дитинства,60 / 60 20 / 60 20 40,Законодавство з питань соціального забезпечення та соціального страхування / Законодавство про пенсійне забезпечення / Пенсії багатодітним матерям і матерям інвалідів з дитинства,0,0,4,4,https://zakon.rada.gov.ua/laws/main/jj356,https://zakon.rada.gov.ua/laws/main/jj356,[],Пенсії багатодітним матерям і матерям інвалідів з дитинства. Шлях: Законодавство з питань соціального забезпечення та соціального страхування / Законодавство про пенсійне забезпечення / Пенсії багатодітним матерям і матерям інвалідів з дитинства. Код: 60 20 40.,,,2026-10-05 18:41:38,2026-10-05 18:41:38
4797,60 20 50,60 20,3,Пенсії по інвалідності,Пенсії по інвалідності,60 / 60 20 / 60 20 50,Законодавство з питань соціального забезпечення та соціального страхування / Законодавство про пенсійне забезпечення / Пенсії по інвалідності,1,1,30,30,https://zakon.rada.gov.ua/laws/main/j357,https://zakon.rada.gov.ua/laws/main/j357,[],Пенсії по інвалідності. Шлях: Законодавство з питань соціального забезпечення та соціального страхування / Законодавство про пенсійне забезпечення / Пенсії по інвалідності. Код: 60 20 50.,,,2026-10-05 18:41:38,2026-10-05 18:41:38
4798,60 20 50 10,60 20 50,4,Групи інвалідності,Групи інвалідності,60 / 60 20 / 60 20 50 / 60 20 50 10,Законодавство з питань соціального забезпечення та соціального страхування / Законодавство про пенсійне забезпечення / Пенсії по інвалідності / Групи інвалідності,0,0,0,0,,,[],Групи інвалідності. Шлях: Законодавство з питань соціального забезпечення та соціального страхування / Законодавство про пенсійне забезпечення / Пенсії по інвалідності / Групи інвалідності. Код: 60 20 50 10.,,,2026-10-05 18:41:38,2026-10-05 18:41:38
4799,60 20 60,60 20,3,Пенсії в разі втрати годувальника,Пенсії в разі втрати годувальника,60 / 60 20 / 60 20 60,Законодавство з питань соціального забезпечення та соціального страхування / Законодавство про пенсійне забезпечення / Пенсії в разі втрати годувальника,0,0,20,20,https://zakon.rada.gov.ua/laws/main/jj359,https://zakon.rada.gov.ua/laws/main/jj359,[],Пенсії в разі втрати годувальника. Шлях: Законодавство з питань соціального забезпечення та соціального страхування / Законодавство про пенсійне забезпечення / Пенсії в разі втрати годувальника. Код: 60 20 60.,,,2026-10-05 18:41:38,2026-10-05 18:41:38
4800,60 20 70,60 20,3,Пенсії за вислугу років,Пенсії за вислугу років,60 / 60 20 / 60 20 70,Законодавство з питань соціального забезпечення та соціального страхування / Законодавство про пенсійне забезпечення / Пенсії за вислугу років,0,0,32,32,https://zakon.rada.gov.ua/laws/main/jj360,https://zakon.rada.gov.ua/laws/main/jj360,[],Пенсії за вислугу років. Шлях: Законодавство з питань соціального забезпечення та соціального страхування / Законодавство про пенсійне забезпечення / Пенсії за вислугу років. Код: 60 20 70.,,,2026-10-05 18:41:38,2026-10-05 18:41:38
4801,60 20 80,60 20,3,Соціальні пенсії,Соціальні пенсії,60 / 60 20 / 60 20 80,Законодавство з питань соціального забезпечення та соціального страхування / Законодавство про пенсійне забезпечення / Соціальні пенсії,0,0,19,19,https://zakon.rada.gov.ua/laws/main/jj361,https://zakon.rada.gov.ua/laws/main/jj361,[],Соціальні пенсії. Шлях: Законодавство з питань соціального забезпечення та соціального страхування / Законодавство про пенсійне забезпечення / Соціальні пенсії. Код: 60 20 80.,,,2026-10-05 18:41:38,2026-10-05 18:41:38
4802,60 20 90,60 20,3,"Пенсії громадянам України - переселенцям з інших держав та тим, що виїхали до інших держав","Пенсії громадянам України - переселенцям з інших держав та тим, що виїхали до інших держав",60 / 60 20 / 60 20 90,"Законодавство з питань соціального забезпечення та соціального страхування / Законодавство про пенсійне забезпечення / Пенсії громадянам України - переселенцям з інших держав та тим, що виїхали до інших держав",0,0,12,12,https://zakon.rada.gov.ua/laws/main/jj362,https://zakon.rada.gov.ua/laws/main/jj362,[],"Пенсії громадянам України - переселенцям з інших держав та тим, що виїхали до інших держав. Шлях: Законодавство з питань соціального забезпечення та соціального страхування / Законодавство про пенсійне забезпечення / Пенсії громадянам України - переселенцям з інших держав та тим, що виїхали до інших держав. Код: 60 20 90.",,,2026-10-05 18:41:38,2026-10-05 18:41:38
4803,60 20100,60 20,3,Обчислення стажу роботи для призначення трудових пенсій,Обчислення стажу роботи для призначення трудових пенсій,60 / 60 20 / 60 20100,Законодавство з питань соціального забезпечення та соціального страхування / Законодавство про пенсійне забезпечення / Обчислення стажу роботи для призначення трудових пенсій,0,0,25,25,https://zakon.rada.gov.ua/laws/main/jj363,https://zakon.rada.gov.ua/laws/main/jj363,[],Обчислення стажу роботи для призначення трудових пенсій. Шлях: Законодавство з питань соціального забезпечення та соціального страхування / Законодавство про пенсійне забезпечення / Обчислення стажу роботи для призначення трудових пенсій. Код: 60 20100.,,,2026-10-05 18:41:38,2026-10-05 18:41:38
4804,60 20110,60 20,3,Обчислення пенсій. Розмір і перерахування пенсій. Надбавки. Виплата пенсій. Відрахування,Обчислення пенсій. Розмір і перерахування пенсій. Надбавки. Виплата пенсій. Відрахування,60 / 60 20 / 60 20110,Законодавство з питань соціального забезпечення та соціального страхування / Законодавство про пенсійне забезпечення / Обчислення пенсій. Розмір і перерахування пенсій. Надбавки. Виплата пенсій. Відрахування,1,2,1146,1123,https://zakon.rada.gov.ua/laws/main/j364,https://zakon.rada.gov.ua/laws/main/jj364,[],Обчислення пенсій. Розмір і перерахування пенсій. Надбавки. Виплата пенсій. Відрахування. Шлях: Законодавство з питань соціального забезпечення та соціального страхування / Законодавство про пенсійне забезпечення / Обчислення пенсій. Розмір і перерахування пенсій. Надбавки. Виплата пенсій. Відрахування. Код: 60 20110.,,,2026-10-05 18:41:38,2026-10-05 18:41:38
4805,60 20110 10,60 20110,4,Підвищення мінімальних розмірів пенсій,Підвищення мінімальних розмірів пенсій,60 / 60 20 / 60 20110 / 60 20110 10,Законодавство з питань соціального забезпечення та соціального страхування / Законодавство про пенсійне забезпечення / Обчислення пенсій. Розмір і перерахування пенсій. Надбавки. Виплата пенсій. Відрахування / Підвищення мінімальних розмірів пенсій,0,0,8,8,https://zakon.rada.gov.ua/laws/main/jj365,https://zakon.rada.gov.ua/laws/main/jj365,[],Підвищення мінімальних розмірів пенсій. Шлях: Законодавство з питань соціального забезпечення та соціального страхування / Законодавство про пенсійне забезпечення / Обчислення пенсій. Розмір і перерахування пенсій. Надбавки. Виплата пенсій. Відрахування / Підвищення мінімальних розмірів пенсій. Код: 60 20110 10.,,,2026-10-05 18:41:38,2026-10-05 18:41:38
4806,60 20110 20,60 20110,4,Підвищення пенсій деяким категоріям громадян,Підвищення пенсій деяким категоріям громадян,60 / 60 20 / 60 20110 / 60 20110 20,Законодавство з питань соціального забезпечення та соціального страхування / Законодавство про пенсійне забезпечення / Обчислення пенсій. Розмір і перерахування пенсій. Надбавки. Виплата пенсій. Відрахування / Підвищення пенсій деяким категоріям громадян,0,0,25,25,https://zakon.rada.gov.ua/laws/main/jj366,https://zakon.rada.gov.ua/laws/main/jj366,[],Підвищення пенсій деяким категоріям громадян. Шлях: Законодавство з питань соціального забезпечення та соціального страхування / Законодавство про пенсійне забезпечення / Обчислення пенсій. Розмір і перерахування пенсій. Надбавки. Виплата пенсій. Відрахування / Підвищення пенсій деяким категоріям громадян. Код: 60 20110 20.,,,2026-10-05 18:41:38,2026-10-05 18:41:38
4807,60 20120,60 20,3,"Пенсійне забезпечення військовослужбовців та осіб начальницького і рядового складу органів внутрішніх справ, кримінально-виконавчої системи","Пенсійне забезпечення військовослужбовців та осіб начальницького і рядового складу органів внутрішніх справ, кримінально-виконавчої системи",60 / 60 20 / 60 20120,"Законодавство з питань соціального забезпечення та соціального страхування / Законодавство про пенсійне забезпечення / Пенсійне забезпечення військовослужбовців та осіб начальницького і рядового складу органів внутрішніх справ, кримінально-виконавчої системи",1,5,397,312,https://zakon.rada.gov.ua/laws/main/j367,https://zakon.rada.gov.ua/laws/main/jj367,[],"Пенсійне забезпечення військовослужбовців та осіб начальницького і рядового складу органів внутрішніх справ, кримінально-виконавчої системи. Шлях: Законодавство з питань соціального забезпечення та соціального страхування / Законодавство про пенсійне забезпечення / Пенсійне забезпечення військовослужбовців та осіб начальницького і рядового складу органів внутрішніх справ, кримінально-виконавчої системи. Код: 60 20120.",,,2026-10-05 18:41:38,2026-10-05 18:41:38
4808,60 20120 10,60 20120,4,Пенсії за вислугою строків служби,Пенсії за вислугою строків служби,60 / 60 20 / 60 20120 / 60 20120 10,"Законодавство з питань соціального забезпечення та соціального страхування / Законодавство про пенсійне забезпечення / Пенсійне забезпечення військовослужбовців та осіб начальницького і рядового складу органів внутрішніх справ, кримінально-виконавчої системи / Пенсії за вислугою строків служби",0,0,38,38,https://zakon.rada.gov.ua/laws/main/jj368,https://zakon.rada.gov.ua/laws/main/jj368,[],"Пенсії за вислугою строків служби. Шлях: Законодавство з питань соціального забезпечення та соціального страхування / Законодавство про пенсійне забезпечення / Пенсійне забезпечення військовослужбовців та осіб начальницького і рядового складу органів внутрішніх справ, кримінально-виконавчої системи / Пенсії за вислугою строків служби. Код: 60 20120 10.",,,2026-10-05 18:41:38,2026-10-05 18:41:38
4809,60 20120 20,60 20120,4,Пенсії по інвалідності,Пенсії по інвалідності,60 / 60 20 / 60 20120 / 60 20120 20,"Законодавство з питань соціального забезпечення та соціального страхування / Законодавство про пенсійне забезпечення / Пенсійне забезпечення військовослужбовців та осіб начальницького і рядового складу органів внутрішніх справ, кримінально-виконавчої системи / Пенсії по інвалідності",0,0,2,2,https://zakon.rada.gov.ua/laws/main/jj369,https://zakon.rada.gov.ua/laws/main/jj369,[],"Пенсії по інвалідності. Шлях: Законодавство з питань соціального забезпечення та соціального страхування / Законодавство про пенсійне забезпечення / Пенсійне забезпечення військовослужбовців та осіб начальницького і рядового складу органів внутрішніх справ, кримінально-виконавчої системи / Пенсії по інвалідності. Код: 60 20120 20.",,,2026-10-05 18:41:38,2026-10-05 18:41:38
4810,60 20120 30,60 20120,4,Пенсії в разі втрати годувальника,Пенсії в разі втрати годувальника,60 / 60 20 / 60 20120 / 60 20120 30,"Законодавство з питань соціального забезпечення та соціального страхування / Законодавство про пенсійне забезпечення / Пенсійне забезпечення військовослужбовців та осіб начальницького і рядового складу органів внутрішніх справ, кримінально-виконавчої системи / Пенсії в разі втрати годувальника",0,0,6,6,https://zakon.rada.gov.ua/laws/main/jj370,https://zakon.rada.gov.ua/laws/main/jj370,[],"Пенсії в разі втрати годувальника. Шлях: Законодавство з питань соціального забезпечення та соціального страхування / Законодавство про пенсійне забезпечення / Пенсійне забезпечення військовослужбовців та осіб начальницького і рядового складу органів внутрішніх справ, кримінально-виконавчої системи / Пенсії в разі втрати годувальника. Код: 60 20120 30.",,,2026-10-05 18:41:38,2026-10-05 18:41:38
4811,60 20120 40,60 20120,4,Розмір і перерахування пенсій. Обчислення пенсій. Надбавки. Виплата,Розмір і перерахування пенсій. Обчислення пенсій. Надбавки. Виплата,60 / 60 20 / 60 20120 / 60 20120 40,"Законодавство з питань соціального забезпечення та соціального страхування / Законодавство про пенсійне забезпечення / Пенсійне забезпечення військовослужбовців та осіб начальницького і рядового складу органів внутрішніх справ, кримінально-виконавчої системи / Розмір і перерахування пенсій. Обчислення пенсій. Надбавки. Виплата",0,0,113,113,https://zakon.rada.gov.ua/laws/main/jj371,https://zakon.rada.gov.ua/laws/main/jj371,[],"Розмір і перерахування пенсій. Обчислення пенсій. Надбавки. Виплата. Шлях: Законодавство з питань соціального забезпечення та соціального страхування / Законодавство про пенсійне забезпечення / Пенсійне забезпечення військовослужбовців та осіб начальницького і рядового складу органів внутрішніх справ, кримінально-виконавчої системи / Розмір і перерахування пенсій. Обчислення пенсій. Надбавки. Виплата. Код: 60 20120 40.",,,2026-10-05 18:41:38,2026-10-05 18:41:38
4812,60 20120 50,60 20120,4,Призначення пенсій,Призначення пенсій,60 / 60 20 / 60 20120 / 60 20120 50,"Законодавство з питань соціального забезпечення та соціального страхування / Законодавство про пенсійне забезпечення / Пенсійне забезпечення військовослужбовців та осіб начальницького і рядового складу органів внутрішніх справ, кримінально-виконавчої системи / Призначення пенсій",0,0,6,6,https://zakon.rada.gov.ua/laws/main/jj372,https://zakon.rada.gov.ua/laws/main/jj372,[],"Призначення пенсій. Шлях: Законодавство з питань соціального забезпечення та соціального страхування / Законодавство про пенсійне забезпечення / Пенсійне забезпечення військовослужбовців та осіб начальницького і рядового складу органів внутрішніх справ, кримінально-виконавчої системи / Призначення пенсій. Код: 60 20120 50.",,,2026-10-05 18:41:38,2026-10-05 18:41:38
4813,60 30,60,2,Соціальне страхування,Соціальне страхування,60 / 60 30,Законодавство з питань соціального забезпечення та соціального страхування / Соціальне страхування,1,2,2200,868,https://zakon.rada.gov.ua/laws/main/j373,https://zakon.rada.gov.ua/laws/main/jj373,[],Соціальне страхування. Шлях: Законодавство з питань соціального забезпечення та соціального страхування / Соціальне страхування. Код: 60 30.,,,2026-10-05 18:41:38,2026-10-05 18:41:38
4814,60 30 10,60 30,3,Кошти соціального страхування,Кошти соціального страхування,60 / 60 30 / 60 30 10,Законодавство з питань соціального забезпечення та соціального страхування / Соціальне страхування / Кошти соціального страхування,0,0,130,130,https://zakon.rada.gov.ua/laws/main/jj374,https://zakon.rada.gov.ua/laws/main/jj374,[],Кошти соціального страхування. Шлях: Законодавство з питань соціального забезпечення та соціального страхування / Соціальне страхування / Кошти соціального страхування. Код: 60 30 10.,,,2026-10-05 18:41:38,2026-10-05 18:41:38
4815,60 30 20,60 30,3,Види забезпечення,Види забезпечення,60 / 60 30 / 60 30 20,Законодавство з питань соціального забезпечення та соціального страхування / Соціальне страхування / Види забезпечення,1,6,1394,157,https://zakon.rada.gov.ua/laws/main/j375,https://zakon.rada.gov.ua/laws/main/jj375,[],Види забезпечення. Шлях: Законодавство з питань соціального забезпечення та соціального страхування / Соціальне страхування / Види забезпечення. Код: 60 30 20.,,,2026-10-05 18:41:38,2026-10-05 18:41:38
4816,60 30 20 10,60 30 20,4,По тимчасовій непрацездатності,По тимчасовій непрацездатності,60 / 60 30 / 60 30 20 / 60 30 20 10,Законодавство з питань соціального забезпечення та соціального страхування / Соціальне страхування / Види забезпечення / По тимчасовій непрацездатності,0,0,269,269,https://zakon.rada.gov.ua/laws/main/jj376,https://zakon.rada.gov.ua/laws/main/jj376,[],По тимчасовій непрацездатності. Шлях: Законодавство з питань соціального забезпечення та соціального страхування / Соціальне страхування / Види забезпечення / По тимчасовій непрацездатності. Код: 60 30 20 10.,,,2026-10-05 18:41:38,2026-10-05 18:41:38
4817,60 30 20 20,60 30 20,4,"По вагітності та пологах, з нагоди народження дитини і догляду за дитиною","По вагітності та пологах, з нагоди народження дитини і догляду за дитиною",60 / 60 30 / 60 30 20 / 60 30 20 20,"Законодавство з питань соціального забезпечення та соціального страхування / Соціальне страхування / Види забезпечення / По вагітності та пологах, з нагоди народження дитини і догляду за дитиною",0,0,82,82,https://zakon.rada.gov.ua/laws/main/jj377,https://zakon.rada.gov.ua/laws/main/jj377,[],"По вагітності та пологах, з нагоди народження дитини і догляду за дитиною. Шлях: Законодавство з питань соціального забезпечення та соціального страхування / Соціальне страхування / Види забезпечення / По вагітності та пологах, з нагоди народження дитини і догляду за дитиною. Код: 60 30 20 20.",,,2026-10-05 18:41:38,2026-10-05 18:41:38
4818,60 30 20 30,60 30 20,4,Сім'ям з дітьми. Багатодітним і малозабезпеченим сім'ям,Сім'ям з дітьми. Багатодітним і малозабезпеченим сім'ям,60 / 60 30 / 60 30 20 / 60 30 20 30,Законодавство з питань соціального забезпечення та соціального страхування / Соціальне страхування / Види забезпечення / Сім'ям з дітьми. Багатодітним і малозабезпеченим сім'ям,0,0,390,390,https://zakon.rada.gov.ua/laws/main/jj378,https://zakon.rada.gov.ua/laws/main/jj378,[],Сім'ям з дітьми. Багатодітним і малозабезпеченим сім'ям. Шлях: Законодавство з питань соціального забезпечення та соціального страхування / Соціальне страхування / Види забезпечення / Сім'ям з дітьми. Багатодітним і малозабезпеченим сім'ям. Код: 60 30 20 30.,,,2026-10-05 18:41:38,2026-10-05 18:41:38
4819,60 30 20 31,60 30 20,4,По безробіттю,По безробіттю,60 / 60 30 / 60 30 20 / 60 30 20 31,Законодавство з питань соціального забезпечення та соціального страхування / Соціальне страхування / Види забезпечення / По безробіттю,0,0,287,287,https://zakon.rada.gov.ua/laws/main/jj1088,https://zakon.rada.gov.ua/laws/main/jj1088,[],По безробіттю. Шлях: Законодавство з питань соціального забезпечення та соціального страхування / Соціальне страхування / Види забезпечення / По безробіттю. Код: 60 30 20 31.,,,2026-10-05 18:41:38,2026-10-05 18:41:38
4820,60 30 20 40,60 30 20,4,На поховання,На поховання,60 / 60 30 / 60 30 20 / 60 30 20 40,Законодавство з питань соціального забезпечення та соціального страхування / Соціальне страхування / Види забезпечення / На поховання,0,0,204,204,https://zakon.rada.gov.ua/laws/main/jj379,https://zakon.rada.gov.ua/laws/main/jj379,[],На поховання. Шлях: Законодавство з питань соціального забезпечення та соціального страхування / Соціальне страхування / Види забезпечення / На поховання. Код: 60 30 20 40.,,,2026-10-05 18:41:38,2026-10-05 18:41:38
4821,60 30 20 50,60 30 20,4,"Інші види допомоги (санаторно-курортне лікування, на лікувальне харчування тощо)","Інші види допомоги (санаторно-курортне лікування, на лікувальне харчування тощо)",60 / 60 30 / 60 30 20 / 60 30 20 50,"Законодавство з питань соціального забезпечення та соціального страхування / Соціальне страхування / Види забезпечення / Інші види допомоги (санаторно-курортне лікування, на лікувальне харчування тощо)",0,0,128,128,https://zakon.rada.gov.ua/laws/main/jj380,https://zakon.rada.gov.ua/laws/main/jj380,[],"Інші види допомоги (санаторно-курортне лікування, на лікувальне харчування тощо). Шлях: Законодавство з питань соціального забезпечення та соціального страхування / Соціальне страхування / Види забезпечення / Інші види допомоги (санаторно-курортне лікування, на лікувальне харчування тощо). Код: 60 30 20 50.",,,2026-10-05 18:41:38,2026-10-05 18:41:38
4822,60 40,60,2,Соціальна захищеність населення,Соціальна захищеність населення,60 / 60 40,Законодавство з питань соціального забезпечення та соціального страхування / Соціальна захищеність населення,1,1,4956,2507,https://zakon.rada.gov.ua/laws/main/j381,https://zakon.rada.gov.ua/laws/main/jj381,[],Соціальна захищеність населення. Шлях: Законодавство з питань соціального забезпечення та соціального страхування / Соціальна захищеність населення. Код: 60 40.,,,2026-10-05 18:41:38,2026-10-05 18:41:38
4823,60 40 10,60 40,3,"Соціальна захищеність інвалідів, ветеранів війни, учасників воєнних конфліктів, ветеранів праці. Жертви нацистських переслідувань","Соціальна захищеність інвалідів, ветеранів війни, учасників воєнних конфліктів, ветеранів праці. Жертви нацистських переслідувань",60 / 60 40 / 60 40 10,"Законодавство з питань соціального забезпечення та соціального страхування / Соціальна захищеність населення / Соціальна захищеність інвалідів, ветеранів війни, учасників воєнних конфліктів, ветеранів праці. Жертви нацистських переслідувань",1,6,2562,2214,https://zakon.rada.gov.ua/laws/main/j382,https://zakon.rada.gov.ua/laws/main/jj382,[],"Соціальна захищеність інвалідів, ветеранів війни, учасників воєнних конфліктів, ветеранів праці. Жертви нацистських переслідувань. Шлях: Законодавство з питань соціального забезпечення та соціального страхування / Соціальна захищеність населення / Соціальна захищеність інвалідів, ветеранів війни, учасників воєнних конфліктів, ветеранів праці. Жертви нацистських переслідувань. Код: 60 40 10.",,,2026-10-05 18:41:38,2026-10-05 18:41:38
4824,60 40 10 10,60 40 10,4,Працевлаштування,Працевлаштування,60 / 60 40 / 60 40 10 / 60 40 10 10,"Законодавство з питань соціального забезпечення та соціального страхування / Соціальна захищеність населення / Соціальна захищеність інвалідів, ветеранів війни, учасників воєнних конфліктів, ветеранів праці. Жертви нацистських переслідувань / Працевлаштування",0,0,95,95,https://zakon.rada.gov.ua/laws/main/jj383,https://zakon.rada.gov.ua/laws/main/jj383,[],"Працевлаштування. Шлях: Законодавство з питань соціального забезпечення та соціального страхування / Соціальна захищеність населення / Соціальна захищеність інвалідів, ветеранів війни, учасників воєнних конфліктів, ветеранів праці. Жертви нацистських переслідувань / Працевлаштування. Код: 60 40 10 10.",,,2026-10-05 18:41:38,2026-10-05 18:41:38
4825,60 40 10 20,60 40 10,4,Забезпечення інвалідів засобами пересування,Забезпечення інвалідів засобами пересування,60 / 60 40 / 60 40 10 / 60 40 10 20,"Законодавство з питань соціального забезпечення та соціального страхування / Соціальна захищеність населення / Соціальна захищеність інвалідів, ветеранів війни, учасників воєнних конфліктів, ветеранів праці. Жертви нацистських переслідувань / Забезпечення інвалідів засобами пересування",0,0,168,168,https://zakon.rada.gov.ua/laws/main/jj384,https://zakon.rada.gov.ua/laws/main/jj384,[],"Забезпечення інвалідів засобами пересування. Шлях: Законодавство з питань соціального забезпечення та соціального страхування / Соціальна захищеність населення / Соціальна захищеність інвалідів, ветеранів війни, учасників воєнних конфліктів, ветеранів праці. Жертви нацистських переслідувань / Забезпечення інвалідів засобами пересування. Код: 60 40 10 20.",,,2026-10-05 18:41:38,2026-10-05 18:41:38
4826,60 40 10 30,60 40 10,4,Медичне обслуговування. Протезування,Медичне обслуговування. Протезування,60 / 60 40 / 60 40 10 / 60 40 10 30,"Законодавство з питань соціального забезпечення та соціального страхування / Соціальна захищеність населення / Соціальна захищеність інвалідів, ветеранів війни, учасників воєнних конфліктів, ветеранів праці. Жертви нацистських переслідувань / Медичне обслуговування. Протезування",0,0,149,149,https://zakon.rada.gov.ua/laws/main/jj385,https://zakon.rada.gov.ua/laws/main/jj385,[],"Медичне обслуговування. Протезування. Шлях: Законодавство з питань соціального забезпечення та соціального страхування / Соціальна захищеність населення / Соціальна захищеність інвалідів, ветеранів війни, учасників воєнних конфліктів, ветеранів праці. Жертви нацистських переслідувань / Медичне обслуговування. Протезування. Код: 60 40 10 30.",,,2026-10-05 18:41:38,2026-10-05 18:41:38
4827,60 40 10 40,60 40 10,4,Виплата компенсаційних платежів,Виплата компенсаційних платежів,60 / 60 40 / 60 40 10 / 60 40 10 40,"Законодавство з питань соціального забезпечення та соціального страхування / Соціальна захищеність населення / Соціальна захищеність інвалідів, ветеранів війни, учасників воєнних конфліктів, ветеранів праці. Жертви нацистських переслідувань / Виплата компенсаційних платежів",0,0,85,85,https://zakon.rada.gov.ua/laws/main/jj386,https://zakon.rada.gov.ua/laws/main/jj386,[],"Виплата компенсаційних платежів. Шлях: Законодавство з питань соціального забезпечення та соціального страхування / Соціальна захищеність населення / Соціальна захищеність інвалідів, ветеранів війни, учасників воєнних конфліктів, ветеранів праці. Жертви нацистських переслідувань / Виплата компенсаційних платежів. Код: 60 40 10 40.",,,2026-10-05 18:41:38,2026-10-05 18:41:38
4828,60 40 10 50,60 40 10,4,Забезпечення глухонімих і сліпих,Забезпечення глухонімих і сліпих,60 / 60 40 / 60 40 10 / 60 40 10 50,"Законодавство з питань соціального забезпечення та соціального страхування / Соціальна захищеність населення / Соціальна захищеність інвалідів, ветеранів війни, учасників воєнних конфліктів, ветеранів праці. Жертви нацистських переслідувань / Забезпечення глухонімих і сліпих",0,0,21,21,https://zakon.rada.gov.ua/laws/main/jj387,https://zakon.rada.gov.ua/laws/main/jj387,[],"Забезпечення глухонімих і сліпих. Шлях: Законодавство з питань соціального забезпечення та соціального страхування / Соціальна захищеність населення / Соціальна захищеність інвалідів, ветеранів війни, учасників воєнних конфліктів, ветеранів праці. Жертви нацистських переслідувань / Забезпечення глухонімих і сліпих. Код: 60 40 10 50.",,,2026-10-05 18:41:38,2026-10-05 18:41:38
4829,60 40 10 60,60 40 10,4,Будинки-інтернати для престарілих та інвалідів,Будинки-інтернати для престарілих та інвалідів,60 / 60 40 / 60 40 10 / 60 40 10 60,"Законодавство з питань соціального забезпечення та соціального страхування / Соціальна захищеність населення / Соціальна захищеність інвалідів, ветеранів війни, учасників воєнних конфліктів, ветеранів праці. Жертви нацистських переслідувань / Будинки-інтернати для престарілих та інвалідів",0,0,15,15,https://zakon.rada.gov.ua/laws/main/jj388,https://zakon.rada.gov.ua/laws/main/jj388,[],"Будинки-інтернати для престарілих та інвалідів. Шлях: Законодавство з питань соціального забезпечення та соціального страхування / Соціальна захищеність населення / Соціальна захищеність інвалідів, ветеранів війни, учасників воєнних конфліктів, ветеранів праці. Жертви нацистських переслідувань / Будинки-інтернати для престарілих та інвалідів. Код: 60 40 10 60.",,,2026-10-05 18:41:38,2026-10-05 18:41:38
4830,60 50,60,2,Індексація доходів населення,Індексація доходів населення,60 / 60 50,Законодавство з питань соціального забезпечення та соціального страхування / Індексація доходів населення,0,0,48,48,https://zakon.rada.gov.ua/laws/main/jj389,https://zakon.rada.gov.ua/laws/main/jj389,[],Індексація доходів населення. Шлях: Законодавство з питань соціального забезпечення та соціального страхування / Індексація доходів населення. Код: 60 50.,,,2026-10-05 18:41:38,2026-10-05 18:41:38
4831,60 60,60,2,Пенсійне страхування,Пенсійне страхування,60 / 60 60,Законодавство з питань соціального забезпечення та соціального страхування / Пенсійне страхування,0,0,544,544,https://zakon.rada.gov.ua/laws/main/jj390,https://zakon.rada.gov.ua/laws/main/jj390,[],Пенсійне страхування. Шлях: Законодавство з питань соціального забезпечення та соціального страхування / Пенсійне страхування. Код: 60 60.,,,2026-10-05 18:41:38,2026-10-05 18:41:38
4832,60 70,60,2,Недержавне пенсійне забезпечення,Недержавне пенсійне забезпечення,60 / 60 70,Законодавство з питань соціального забезпечення та соціального страхування / Недержавне пенсійне забезпечення,0,0,110,110,https://zakon.rada.gov.ua/laws/main/jj1100,https://zakon.rada.gov.ua/laws/main/jj1100,[],Недержавне пенсійне забезпечення. Шлях: Законодавство з питань соціального забезпечення та соціального страхування / Недержавне пенсійне забезпечення. Код: 60 70.,,,2026-10-05 18:41:38,2026-10-05 18:41:38
4833,60 80,60,2,Волонтерська діяльність.Волонтерство,Волонтерська діяльність.Волонтерство,60 / 60 80,Законодавство з питань соціального забезпечення та соціального страхування / Волонтерська діяльність.Волонтерство,0,0,0,0,,,[],Волонтерська діяльність.Волонтерство. Шлях: Законодавство з питань соціального забезпечення та соціального страхування / Волонтерська діяльність.Волонтерство. Код: 60 80.,,,2026-10-05 18:41:38,2026-10-05 18:41:38
4834,70,,1,Законодавство про шлюб і сім'ю,Законодавство про шлюб і сім'ю,70,Законодавство про шлюб і сім'ю,1,7,1069,243,https://zakon.rada.gov.ua/laws/main/j391,https://zakon.rada.gov.ua/laws/main/jj391,[],Законодавство про шлюб і сім'ю. Шлях: Законодавство про шлюб і сім'ю. Код: 70.,,,2026-10-05 18:41:38,2026-10-05 18:41:38
4835,70 10,70,2,Шлюб,Шлюб,70 / 70 10,Законодавство про шлюб і сім'ю / Шлюб,1,5,69,32,https://zakon.rada.gov.ua/laws/main/j392,https://zakon.rada.gov.ua/laws/main/jj392,[],Шлюб. Шлях: Законодавство про шлюб і сім'ю / Шлюб. Код: 70 10.,,,2026-10-05 18:41:38,2026-10-05 18:41:38
4836,70 10 10,70 10,3,Умови укладення шлюбу. Шлюбний контракт,Умови укладення шлюбу. Шлюбний контракт,70 / 70 10 / 70 10 10,Законодавство про шлюб і сім'ю / Шлюб / Умови укладення шлюбу. Шлюбний контракт,0,0,11,11,https://zakon.rada.gov.ua/laws/main/jj393,https://zakon.rada.gov.ua/laws/main/jj393,[],Умови укладення шлюбу. Шлюбний контракт. Шлях: Законодавство про шлюб і сім'ю / Шлюб / Умови укладення шлюбу. Шлюбний контракт. Код: 70 10 10.,,,2026-10-05 18:41:38,2026-10-05 18:41:38
4837,70 10 20,70 10,3,Недійсність шлюбу,Недійсність шлюбу,70 / 70 10 / 70 10 20,Законодавство про шлюб і сім'ю / Шлюб / Недійсність шлюбу,0,0,2,2,https://zakon.rada.gov.ua/laws/main/jj394,https://zakon.rada.gov.ua/laws/main/jj394,[],Недійсність шлюбу. Шлях: Законодавство про шлюб і сім'ю / Шлюб / Недійсність шлюбу. Код: 70 10 20.,,,2026-10-05 18:41:38,2026-10-05 18:41:38
4838,70 10 30,70 10,3,Припинення шлюбу. Розлучення,Припинення шлюбу. Розлучення,70 / 70 10 / 70 10 30,Законодавство про шлюб і сім'ю / Шлюб / Припинення шлюбу. Розлучення,0,0,20,20,https://zakon.rada.gov.ua/laws/main/jj395,https://zakon.rada.gov.ua/laws/main/jj395,[],Припинення шлюбу. Розлучення. Шлях: Законодавство про шлюб і сім'ю / Шлюб / Припинення шлюбу. Розлучення. Код: 70 10 30.,,,2026-10-05 18:41:38,2026-10-05 18:41:38
4839,70 10 40,70 10,3,Фактичний шлюб,Фактичний шлюб,70 / 70 10 / 70 10 40,Законодавство про шлюб і сім'ю / Шлюб / Фактичний шлюб,0,0,6,6,https://zakon.rada.gov.ua/laws/main/jj396,https://zakon.rada.gov.ua/laws/main/jj396,[],Фактичний шлюб. Шлях: Законодавство про шлюб і сім'ю / Шлюб / Фактичний шлюб. Код: 70 10 40.,,,2026-10-05 18:41:38,2026-10-05 18:41:38
4840,70 10 50,70 10,3,"Матеріальна допомога тим, хто вступає до шлюбу","Матеріальна допомога тим, хто вступає до шлюбу",70 / 70 10 / 70 10 50,"Законодавство про шлюб і сім'ю / Шлюб / Матеріальна допомога тим, хто вступає до шлюбу",0,0,0,0,,,[],"Матеріальна допомога тим, хто вступає до шлюбу. Шлях: Законодавство про шлюб і сім'ю / Шлюб / Матеріальна допомога тим, хто вступає до шлюбу. Код: 70 10 50.",,,2026-10-05 18:41:38,2026-10-05 18:41:38
4841,70 20,70,2,Права та обов'язки подружжя,Права та обов'язки подружжя,70 / 70 20,Законодавство про шлюб і сім'ю / Права та обов'язки подружжя,1,4,141,6,https://zakon.rada.gov.ua/laws/main/j398,https://zakon.rada.gov.ua/laws/main/jj398,[],Права та обов'язки подружжя. Шлях: Законодавство про шлюб і сім'ю / Права та обов'язки подружжя. Код: 70 20.,,,2026-10-05 18:41:38,2026-10-05 18:41:38
4842,70 20 10,70 20,3,Прізвище,Прізвище,70 / 70 20 / 70 20 10,Законодавство про шлюб і сім'ю / Права та обов'язки подружжя / Прізвище,0,0,0,0,,,[],Прізвище. Шлях: Законодавство про шлюб і сім'ю / Права та обов'язки подружжя / Прізвище. Код: 70 20 10.,,,2026-10-05 18:41:38,2026-10-05 18:41:38
4843,70 20 20,70 20,3,Громадянство,Громадянство,70 / 70 20 / 70 20 20,Законодавство про шлюб і сім'ю / Права та обов'язки подружжя / Громадянство,0,0,0,0,,,[],Громадянство. Шлях: Законодавство про шлюб і сім'ю / Права та обов'язки подружжя / Громадянство. Код: 70 20 20.,,,2026-10-05 18:41:38,2026-10-05 18:41:38
4844,70 20 30,70 20,3,Майно,Майно,70 / 70 20 / 70 20 30,Законодавство про шлюб і сім'ю / Права та обов'язки подружжя / Майно,0,0,53,53,https://zakon.rada.gov.ua/laws/main/jj401,https://zakon.rada.gov.ua/laws/main/jj401,[],Майно. Шлях: Законодавство про шлюб і сім'ю / Права та обов'язки подружжя / Майно. Код: 70 20 30.,,,2026-10-05 18:41:38,2026-10-05 18:41:38
4845,70 20 40,70 20,3,Аліментні обов'язки під час шлюбу та після його припинення,Аліментні обов'язки під час шлюбу та після його припинення,70 / 70 20 / 70 20 40,Законодавство про шлюб і сім'ю / Права та обов'язки подружжя / Аліментні обов'язки під час шлюбу та після його припинення,0,0,83,83,https://zakon.rada.gov.ua/laws/main/jj402,https://zakon.rada.gov.ua/laws/main/jj402,[],Аліментні обов'язки під час шлюбу та після його припинення. Шлях: Законодавство про шлюб і сім'ю / Права та обов'язки подружжя / Аліментні обов'язки під час шлюбу та після його припинення. Код: 70 20 40.,,,2026-10-05 18:41:38,2026-10-05 18:41:38
4846,70 30,70,2,"Права та обов'язки осіб, що перебувають у спорідненості","Права та обов'язки осіб, що перебувають у спорідненості",70 / 70 30,"Законодавство про шлюб і сім'ю / Права та обов'язки осіб, що перебувають у спорідненості",1,7,47,9,https://zakon.rada.gov.ua/laws/main/j403,https://zakon.rada.gov.ua/laws/main/jj403,[],"Права та обов'язки осіб, що перебувають у спорідненості. Шлях: Законодавство про шлюб і сім'ю / Права та обов'язки осіб, що перебувають у спорідненості. Код: 70 30.",,,2026-10-05 18:41:38,2026-10-05 18:41:38
4847,70 30 10,70 30,3,Встановлення материнства та батьківства,Встановлення материнства та батьківства,70 / 70 30 / 70 30 10,"Законодавство про шлюб і сім'ю / Права та обов'язки осіб, що перебувають у спорідненості / Встановлення материнства та батьківства",0,0,19,19,https://zakon.rada.gov.ua/laws/main/jj404,https://zakon.rada.gov.ua/laws/main/jj404,[],"Встановлення материнства та батьківства. Шлях: Законодавство про шлюб і сім'ю / Права та обов'язки осіб, що перебувають у спорідненості / Встановлення материнства та батьківства. Код: 70 30 10.",,,2026-10-05 18:41:38,2026-10-05 18:41:38
4848,70 30 20,70 30,3,Прізвище дітей,Прізвище дітей,70 / 70 30 / 70 30 20,"Законодавство про шлюб і сім'ю / Права та обов'язки осіб, що перебувають у спорідненості / Прізвище дітей",0,0,2,2,https://zakon.rada.gov.ua/laws/main/jj405,https://zakon.rada.gov.ua/laws/main/jj405,[],"Прізвище дітей. Шлях: Законодавство про шлюб і сім'ю / Права та обов'язки осіб, що перебувають у спорідненості / Прізвище дітей. Код: 70 30 20.",,,2026-10-05 18:41:38,2026-10-05 18:41:38
4849,70 30 30,70 30,3,Громадянство та національність дітей,Громадянство та національність дітей,70 / 70 30 / 70 30 30,"Законодавство про шлюб і сім'ю / Права та обов'язки осіб, що перебувають у спорідненості / Громадянство та національність дітей",0,0,0,0,,,[],"Громадянство та національність дітей. Шлях: Законодавство про шлюб і сім'ю / Права та обов'язки осіб, що перебувають у спорідненості / Громадянство та національність дітей. Код: 70 30 30.",,,2026-10-05 18:41:38,2026-10-05 18:41:38
4850,70 30 40,70 30,3,Взаємні аліментні та інші права та обов'язки,Взаємні аліментні та інші права та обов'язки,70 / 70 30 / 70 30 40,"Законодавство про шлюб і сім'ю / Права та обов'язки осіб, що перебувають у спорідненості / Взаємні аліментні та інші права та обов'язки",0,0,9,9,https://zakon.rada.gov.ua/laws/main/jj407,https://zakon.rada.gov.ua/laws/main/jj407,[],"Взаємні аліментні та інші права та обов'язки. Шлях: Законодавство про шлюб і сім'ю / Права та обов'язки осіб, що перебувають у спорідненості / Взаємні аліментні та інші права та обов'язки. Код: 70 30 40.",,,2026-10-05 18:41:38,2026-10-05 18:41:38
4851,70 30 50,70 30,3,Позбавлення батьківських прав,Позбавлення батьківських прав,70 / 70 30 / 70 30 50,"Законодавство про шлюб і сім'ю / Права та обов'язки осіб, що перебувають у спорідненості / Позбавлення батьківських прав",0,0,10,10,https://zakon.rada.gov.ua/laws/main/jj408,https://zakon.rada.gov.ua/laws/main/jj408,[],"Позбавлення батьківських прав. Шлях: Законодавство про шлюб і сім'ю / Права та обов'язки осіб, що перебувають у спорідненості / Позбавлення батьківських прав. Код: 70 30 50.",,,2026-10-05 18:41:38,2026-10-05 18:41:38
4852,70 30 60,70 30,3,"Брати та сестри. Дід, баба, онуки та інші родичі","Брати та сестри. Дід, баба, онуки та інші родичі",70 / 70 30 / 70 30 60,"Законодавство про шлюб і сім'ю / Права та обов'язки осіб, що перебувають у спорідненості / Брати та сестри. Дід, баба, онуки та інші родичі",0,0,2,2,https://zakon.rada.gov.ua/laws/main/jj409,https://zakon.rada.gov.ua/laws/main/jj409,[],"Брати та сестри. Дід, баба, онуки та інші родичі. Шлях: Законодавство про шлюб і сім'ю / Права та обов'язки осіб, що перебувають у спорідненості / Брати та сестри. Дід, баба, онуки та інші родичі. Код: 70 30 60.",,,2026-10-05 18:41:38,2026-10-05 18:41:38
4853,70 30 70,70 30,3,Вітчим та мачуха. Пасинок та падчерка,Вітчим та мачуха. Пасинок та падчерка,70 / 70 30 / 70 30 70,"Законодавство про шлюб і сім'ю / Права та обов'язки осіб, що перебувають у спорідненості / Вітчим та мачуха. Пасинок та падчерка",0,0,0,0,,,[],"Вітчим та мачуха. Пасинок та падчерка. Шлях: Законодавство про шлюб і сім'ю / Права та обов'язки осіб, що перебувають у спорідненості / Вітчим та мачуха. Пасинок та падчерка. Код: 70 30 70.",,,2026-10-05 18:41:38,2026-10-05 18:41:38
4854,70 40,70,2,Усиновлення,Усиновлення,70 / 70 40,Законодавство про шлюб і сім'ю / Усиновлення,1,3,149,90,https://zakon.rada.gov.ua/laws/main/j411,https://zakon.rada.gov.ua/laws/main/jj411,[],Усиновлення. Шлях: Законодавство про шлюб і сім'ю / Усиновлення. Код: 70 40.,,,2026-10-05 18:41:38,2026-10-05 18:41:38
4855,70 40 10,70 40,3,Умови та порядок усиновлення,Умови та порядок усиновлення,70 / 70 40 / 70 40 10,Законодавство про шлюб і сім'ю / Усиновлення / Умови та порядок усиновлення,0,0,46,46,https://zakon.rada.gov.ua/laws/main/jj412,https://zakon.rada.gov.ua/laws/main/jj412,[],Умови та порядок усиновлення. Шлях: Законодавство про шлюб і сім'ю / Усиновлення / Умови та порядок усиновлення. Код: 70 40 10.,,,2026-10-05 18:41:38,2026-10-05 18:41:38
4856,70 40 20,70 40,3,Особисті та майнові правостосунки усиновителя та усиновленого,Особисті та майнові правостосунки усиновителя та усиновленого,70 / 70 40 / 70 40 20,Законодавство про шлюб і сім'ю / Усиновлення / Особисті та майнові правостосунки усиновителя та усиновленого,0,0,2,2,https://zakon.rada.gov.ua/laws/main/jj413,https://zakon.rada.gov.ua/laws/main/jj413,[],Особисті та майнові правостосунки усиновителя та усиновленого. Шлях: Законодавство про шлюб і сім'ю / Усиновлення / Особисті та майнові правостосунки усиновителя та усиновленого. Код: 70 40 20.,,,2026-10-05 18:41:38,2026-10-05 18:41:38
4857,70 40 30,70 40,3,Патронат,Патронат,70 / 70 40 / 70 40 30,Законодавство про шлюб і сім'ю / Усиновлення / Патронат,0,0,11,11,https://zakon.rada.gov.ua/laws/main/jj414,https://zakon.rada.gov.ua/laws/main/jj414,[],Патронат. Шлях: Законодавство про шлюб і сім'ю / Усиновлення / Патронат. Код: 70 40 30.,,,2026-10-05 18:41:38,2026-10-05 18:41:38
4858,70 50,70,2,Опіка та піклування,Опіка та піклування,70 / 70 50,Законодавство про шлюб і сім'ю / Опіка та піклування,1,2,93,69,https://zakon.rada.gov.ua/laws/main/j415,https://zakon.rada.gov.ua/laws/main/jj415,[],Опіка та піклування. Шлях: Законодавство про шлюб і сім'ю / Опіка та піклування. Код: 70 50.,,,2026-10-05 18:41:38,2026-10-05 18:41:38
4859,70 50 10,70 50,3,Органи опіки та піклування,Органи опіки та піклування,70 / 70 50 / 70 50 10,Законодавство про шлюб і сім'ю / Опіка та піклування / Органи опіки та піклування,0,0,42,42,https://zakon.rada.gov.ua/laws/main/jj416,https://zakon.rada.gov.ua/laws/main/jj416,[],Органи опіки та піклування. Шлях: Законодавство про шлюб і сім'ю / Опіка та піклування / Органи опіки та піклування. Код: 70 50 10.,,,2026-10-05 18:41:38,2026-10-05 18:41:38
4860,70 50 20,70 50,3,Права та обов'язки опікунів і піклувальників,Права та обов'язки опікунів і піклувальників,70 / 70 50 / 70 50 20,Законодавство про шлюб і сім'ю / Опіка та піклування / Права та обов'язки опікунів і піклувальників,0,0,9,9,https://zakon.rada.gov.ua/laws/main/jj417,https://zakon.rada.gov.ua/laws/main/jj417,[],Права та обов'язки опікунів і піклувальників. Шлях: Законодавство про шлюб і сім'ю / Опіка та піклування / Права та обов'язки опікунів і піклувальників. Код: 70 50 20.,,,2026-10-05 18:41:38,2026-10-05 18:41:38
4861,70 60,70,2,Зміна імен і прізвищ,Зміна імен і прізвищ,70 / 70 60,Законодавство про шлюб і сім'ю / Зміна імен і прізвищ,0,0,20,20,https://zakon.rada.gov.ua/laws/main/jj418,https://zakon.rada.gov.ua/laws/main/jj418,[],Зміна імен і прізвищ. Шлях: Законодавство про шлюб і сім'ю / Зміна імен і прізвищ. Код: 70 60.,,,2026-10-05 18:41:38,2026-10-05 18:41:38
4862,70 70,70,2,Акти громадянського стану. ЗАГС,Акти громадянського стану. ЗАГС,70 / 70 70,Законодавство про шлюб і сім'ю / Акти громадянського стану. ЗАГС,1,1,384,371,https://zakon.rada.gov.ua/laws/main/j419,https://zakon.rada.gov.ua/laws/main/jj419,[],Акти громадянського стану. ЗАГС. Шлях: Законодавство про шлюб і сім'ю / Акти громадянського стану. ЗАГС. Код: 70 70.,,,2026-10-05 18:41:38,2026-10-05 18:41:38
4863,70 70 10,70 70,3,"Книги реєстрації актів громадянського стану та свідоцтв, що видаються на підставі записів у цих книгах","Книги реєстрації актів громадянського стану та свідоцтв, що видаються на підставі записів у цих книгах",70 / 70 70 / 70 70 10,"Законодавство про шлюб і сім'ю / Акти громадянського стану. ЗАГС / Книги реєстрації актів громадянського стану та свідоцтв, що видаються на підставі записів у цих книгах",0,0,16,16,https://zakon.rada.gov.ua/laws/main/jj420,https://zakon.rada.gov.ua/laws/main/jj420,[],"Книги реєстрації актів громадянського стану та свідоцтв, що видаються на підставі записів у цих книгах. Шлях: Законодавство про шлюб і сім'ю / Акти громадянського стану. ЗАГС / Книги реєстрації актів громадянського стану та свідоцтв, що видаються на підставі записів у цих книгах. Код: 70 70 10.",,,2026-10-05 18:41:38,2026-10-05 18:41:38
4864,80,,1,Житлове законодавство. Житлово-комунальне господарство,Житлове законодавство. Житлово-комунальне господарство,80,Житлове законодавство. Житлово-комунальне господарство,1,10,3804,474,https://zakon.rada.gov.ua/laws/main/j421,https://zakon.rada.gov.ua/laws/main/jj421,[],Житлове законодавство. Житлово-комунальне господарство. Шлях: Житлове законодавство. Житлово-комунальне господарство. Код: 80.,,,2026-10-05 18:41:38,2026-10-05 18:41:38
4865,80 10,80,2,Житловий фонд,Житловий фонд,80 / 80 10,Житлове законодавство. Житлово-комунальне господарство / Житловий фонд,1,5,287,176,https://zakon.rada.gov.ua/laws/main/j422,https://zakon.rada.gov.ua/laws/main/jj422,[],Житловий фонд. Шлях: Житлове законодавство. Житлово-комунальне господарство / Житловий фонд. Код: 80 10.,,,2026-10-05 18:41:38,2026-10-05 18:41:38
4866,80 10 10,80 10,3,"Державний (фонд місцевих Рад, відомчий)","Державний (фонд місцевих Рад, відомчий)",80 / 80 10 / 80 10 10,"Житлове законодавство. Житлово-комунальне господарство / Житловий фонд / Державний (фонд місцевих Рад, відомчий)",0,0,14,14,https://zakon.rada.gov.ua/laws/main/jj423,https://zakon.rada.gov.ua/laws/main/jj423,[],"Державний (фонд місцевих Рад, відомчий). Шлях: Житлове законодавство. Житлово-комунальне господарство / Житловий фонд / Державний (фонд місцевих Рад, відомчий). Код: 80 10 10.",,,2026-10-05 18:41:38,2026-10-05 18:41:38
4867,80 10 20,80 10,3,Громадський,Громадський,80 / 80 10 / 80 10 20,Житлове законодавство. Житлово-комунальне господарство / Житловий фонд / Громадський,0,0,0,0,,,[],Громадський. Шлях: Житлове законодавство. Житлово-комунальне господарство / Житловий фонд / Громадський. Код: 80 10 20.,,,2026-10-05 18:41:38,2026-10-05 18:41:38
4868,80 10 30,80 10,3,Фонд житлово-будівельних кооперативів,Фонд житлово-будівельних кооперативів,80 / 80 10 / 80 10 30,Житлове законодавство. Житлово-комунальне господарство / Житловий фонд / Фонд житлово-будівельних кооперативів,0,0,16,16,https://zakon.rada.gov.ua/laws/main/jj425,https://zakon.rada.gov.ua/laws/main/jj425,[],Фонд житлово-будівельних кооперативів. Шлях: Житлове законодавство. Житлово-комунальне господарство / Житловий фонд / Фонд житлово-будівельних кооперативів. Код: 80 10 30.,,,2026-10-05 18:41:38,2026-10-05 18:41:38
4869,80 10 40,80 10,3,Приватний,Приватний,80 / 80 10 / 80 10 40,Житлове законодавство. Житлово-комунальне господарство / Житловий фонд / Приватний,0,0,10,10,https://zakon.rada.gov.ua/laws/main/jj426,https://zakon.rada.gov.ua/laws/main/jj426,[],Приватний. Шлях: Житлове законодавство. Житлово-комунальне господарство / Житловий фонд / Приватний. Код: 80 10 40.,,,2026-10-05 18:41:38,2026-10-05 18:41:38
4870,80 10 50,80 10,3,"Схоронність житлового фонду, його експлуатація. Житлово-експлуатаційні організації. Об'єднання співвласників багатоквартирного будинку.","Схоронність житлового фонду, його експлуатація. Житлово-експлуатаційні організації. Об'єднання співвласників багатоквартирного будинку.",80 / 80 10 / 80 10 50,"Житлове законодавство. Житлово-комунальне господарство / Житловий фонд / Схоронність житлового фонду, його експлуатація. Житлово-експлуатаційні організації. Об'єднання співвласників багатоквартирного будинку.",0,0,76,76,https://zakon.rada.gov.ua/laws/main/jj427,https://zakon.rada.gov.ua/laws/main/jj427,[],"Схоронність житлового фонду, його експлуатація. Житлово-експлуатаційні організації. Об'єднання співвласників багатоквартирного будинку.. Шлях: Житлове законодавство. Житлово-комунальне господарство / Житловий фонд / Схоронність житлового фонду, його експлуатація. Житлово-експлуатаційні організації. Об'єднання співвласників багатоквартирного будинку.. Код: 80 10 50.",,,2026-10-05 18:41:38,2026-10-05 18:41:38
4871,80 20,80,2,Приватизація житлового фонду. Ринок житла,Приватизація житлового фонду. Ринок житла,80 / 80 20,Житлове законодавство. Житлово-комунальне господарство / Приватизація житлового фонду. Ринок житла,0,0,15,15,https://zakon.rada.gov.ua/laws/main/jj428,https://zakon.rada.gov.ua/laws/main/jj428,[],Приватизація житлового фонду. Ринок житла. Шлях: Житлове законодавство. Житлово-комунальне господарство / Приватизація житлового фонду. Ринок житла. Код: 80 20.,,,2026-10-05 18:41:38,2026-10-05 18:41:38
4872,80 30,80,2,Надання житлових приміщень,Надання житлових приміщень,80 / 80 30,Житлове законодавство. Житлово-комунальне господарство / Надання житлових приміщень,1,5,454,422,https://zakon.rada.gov.ua/laws/main/j429,https://zakon.rada.gov.ua/laws/main/jj429,[],Надання житлових приміщень. Шлях: Житлове законодавство. Житлово-комунальне господарство / Надання житлових приміщень. Код: 80 30.,,,2026-10-05 18:41:38,2026-10-05 18:41:38
4873,80 30 10,80 30,3,Першочергове надання жилих приміщень,Першочергове надання жилих приміщень,80 / 80 30 / 80 30 10,Житлове законодавство. Житлово-комунальне господарство / Надання житлових приміщень / Першочергове надання жилих приміщень,0,0,24,24,https://zakon.rada.gov.ua/laws/main/jj430,https://zakon.rada.gov.ua/laws/main/jj430,[],Першочергове надання жилих приміщень. Шлях: Житлове законодавство. Житлово-комунальне господарство / Надання житлових приміщень / Першочергове надання жилих приміщень. Код: 80 30 10.,,,2026-10-05 18:41:38,2026-10-05 18:41:38
4874,80 30 20,80 30,3,Позачергове надання жилих приміщень,Позачергове надання жилих приміщень,80 / 80 30 / 80 30 20,Житлове законодавство. Житлово-комунальне господарство / Надання житлових приміщень / Позачергове надання жилих приміщень,0,0,11,11,https://zakon.rada.gov.ua/laws/main/jj431,https://zakon.rada.gov.ua/laws/main/jj431,[],Позачергове надання жилих приміщень. Шлях: Житлове законодавство. Житлово-комунальне господарство / Надання житлових приміщень / Позачергове надання жилих приміщень. Код: 80 30 20.,,,2026-10-05 18:41:38,2026-10-05 18:41:38
4875,80 30 30,80 30,3,Норма жилої площі,Норма жилої площі,80 / 80 30 / 80 30 30,Житлове законодавство. Житлово-комунальне господарство / Надання житлових приміщень / Норма жилої площі,0,0,3,3,https://zakon.rada.gov.ua/laws/main/jj432,https://zakon.rada.gov.ua/laws/main/jj432,[],Норма жилої площі. Шлях: Житлове законодавство. Житлово-комунальне господарство / Надання житлових приміщень / Норма жилої площі. Код: 80 30 30.,,,2026-10-05 18:41:38,2026-10-05 18:41:38
4876,80 30 40,80 30,3,Додаткова жила площа,Додаткова жила площа,80 / 80 30 / 80 30 40,Житлове законодавство. Житлово-комунальне господарство / Надання житлових приміщень / Додаткова жила площа,0,0,3,3,https://zakon.rada.gov.ua/laws/main/jj433,https://zakon.rada.gov.ua/laws/main/jj433,[],Додаткова жила площа. Шлях: Житлове законодавство. Житлово-комунальне господарство / Надання житлових приміщень / Додаткова жила площа. Код: 80 30 40.,,,2026-10-05 18:41:38,2026-10-05 18:41:38
4877,80 30 50,80 30,3,Ордер на жиле приміщення,Ордер на жиле приміщення,80 / 80 30 / 80 30 50,Житлове законодавство. Житлово-комунальне господарство / Надання житлових приміщень / Ордер на жиле приміщення,0,0,1,1,https://zakon.rada.gov.ua/laws/main/jj434,https://zakon.rada.gov.ua/laws/main/jj434,[],Ордер на жиле приміщення. Шлях: Житлове законодавство. Житлово-комунальне господарство / Надання житлових приміщень / Ордер на жиле приміщення. Код: 80 30 50.,,,2026-10-05 18:41:38,2026-10-05 18:41:38
4878,80 40,80,2,Користування жилими приміщеннями,Користування жилими приміщеннями,80 / 80 40,Житлове законодавство. Житлово-комунальне господарство / Користування жилими приміщеннями,1,6,255,56,https://zakon.rada.gov.ua/laws/main/j435,https://zakon.rada.gov.ua/laws/main/jj435,[],Користування жилими приміщеннями. Шлях: Житлове законодавство. Житлово-комунальне господарство / Користування жилими приміщеннями. Код: 80 40.,,,2026-10-05 18:41:38,2026-10-05 18:41:38
4879,80 40 10,80 40,3,Квартирна плата. Плата за комунальні послуги. Пільги,Квартирна плата. Плата за комунальні послуги. Пільги,80 / 80 40 / 80 40 10,Житлове законодавство. Житлово-комунальне господарство / Користування жилими приміщеннями / Квартирна плата. Плата за комунальні послуги. Пільги,0,0,47,47,https://zakon.rada.gov.ua/laws/main/jj436,https://zakon.rada.gov.ua/laws/main/jj436,[],Квартирна плата. Плата за комунальні послуги. Пільги. Шлях: Житлове законодавство. Житлово-комунальне господарство / Користування жилими приміщеннями / Квартирна плата. Плата за комунальні послуги. Пільги. Код: 80 40 10.,,,2026-10-05 18:41:38,2026-10-05 18:41:38
4880,80 40 20,80 40,3,Збереження жилого приміщення за тимчасово відсутнім,Збереження жилого приміщення за тимчасово відсутнім,80 / 80 40 / 80 40 20,Житлове законодавство. Житлово-комунальне господарство / Користування жилими приміщеннями / Збереження жилого приміщення за тимчасово відсутнім,0,0,6,6,https://zakon.rada.gov.ua/laws/main/jj437,https://zakon.rada.gov.ua/laws/main/jj437,[],Збереження жилого приміщення за тимчасово відсутнім. Шлях: Житлове законодавство. Житлово-комунальне господарство / Користування жилими приміщеннями / Збереження жилого приміщення за тимчасово відсутнім. Код: 80 40 20.,,,2026-10-05 18:41:38,2026-10-05 18:41:38
4881,80 40 30,80 40,3,Бронювання жилого приміщення,Бронювання жилого приміщення,80 / 80 40 / 80 40 30,Житлове законодавство. Житлово-комунальне господарство / Користування жилими приміщеннями / Бронювання жилого приміщення,0,0,7,7,https://zakon.rada.gov.ua/laws/main/jj438,https://zakon.rada.gov.ua/laws/main/jj438,[],Бронювання жилого приміщення. Шлях: Житлове законодавство. Житлово-комунальне господарство / Користування жилими приміщеннями / Бронювання жилого приміщення. Код: 80 40 30.,,,2026-10-05 18:41:38,2026-10-05 18:41:38
4882,80 40 40,80 40,3,Обмін жилого приміщення,Обмін жилого приміщення,80 / 80 40 / 80 40 40,Житлове законодавство. Житлово-комунальне господарство / Користування жилими приміщеннями / Обмін жилого приміщення,0,0,13,13,https://zakon.rada.gov.ua/laws/main/jj439,https://zakon.rada.gov.ua/laws/main/jj439,[],Обмін жилого приміщення. Шлях: Житлове законодавство. Житлово-комунальне господарство / Користування жилими приміщеннями / Обмін жилого приміщення. Код: 80 40 40.,,,2026-10-05 18:41:38,2026-10-05 18:41:38
4883,80 40 50,80 40,3,Найм та оренда жилого приміщення,Найм та оренда жилого приміщення,80 / 80 40 / 80 40 50,Житлове законодавство. Житлово-комунальне господарство / Користування жилими приміщеннями / Найм та оренда жилого приміщення,0,0,47,47,https://zakon.rada.gov.ua/laws/main/jj440,https://zakon.rada.gov.ua/laws/main/jj440,[],Найм та оренда жилого приміщення. Шлях: Житлове законодавство. Житлово-комунальне господарство / Користування жилими приміщеннями / Найм та оренда жилого приміщення. Код: 80 40 50.,,,2026-10-05 18:41:38,2026-10-05 18:41:38
4884,80 40 60,80 40,3,Виселення. Відселення,Виселення. Відселення,80 / 80 40 / 80 40 60,Житлове законодавство. Житлово-комунальне господарство / Користування жилими приміщеннями / Виселення. Відселення,0,0,83,83,https://zakon.rada.gov.ua/laws/main/jj441,https://zakon.rada.gov.ua/laws/main/jj441,[],Виселення. Відселення. Шлях: Житлове законодавство. Житлово-комунальне господарство / Користування жилими приміщеннями / Виселення. Відселення. Код: 80 40 60.,,,2026-10-05 18:41:38,2026-10-05 18:41:38
4885,80 50,80,2,Службові жилі приміщення,Службові жилі приміщення,80 / 80 50,Житлове законодавство. Житлово-комунальне господарство / Службові жилі приміщення,0,0,115,115,https://zakon.rada.gov.ua/laws/main/jj442,https://zakon.rada.gov.ua/laws/main/jj442,[],Службові жилі приміщення. Шлях: Житлове законодавство. Житлово-комунальне господарство / Службові жилі приміщення. Код: 80 50.,,,2026-10-05 18:41:38,2026-10-05 18:41:38
4886,80 60,80,2,Гуртожитки. Готелі. Мотелі. Кемпінги,Гуртожитки. Готелі. Мотелі. Кемпінги,80 / 80 60,Житлове законодавство. Житлово-комунальне господарство / Гуртожитки. Готелі. Мотелі. Кемпінги,0,0,154,154,https://zakon.rada.gov.ua/laws/main/jj443,https://zakon.rada.gov.ua/laws/main/jj443,[],Гуртожитки. Готелі. Мотелі. Кемпінги. Шлях: Житлове законодавство. Житлово-комунальне господарство / Гуртожитки. Готелі. Мотелі. Кемпінги. Код: 80 60.,,,2026-10-05 18:41:38,2026-10-05 18:41:38
4887,80 70,80,2,Вирішення житлових спорів,Вирішення житлових спорів,80 / 80 70,Житлове законодавство. Житлово-комунальне господарство / Вирішення житлових спорів,0,0,103,103,https://zakon.rada.gov.ua/laws/main/jj444,https://zakon.rada.gov.ua/laws/main/jj444,[],Вирішення житлових спорів. Шлях: Житлове законодавство. Житлово-комунальне господарство / Вирішення житлових спорів. Код: 80 70.,,,2026-10-05 18:41:38,2026-10-05 18:41:38
4888,80 80,80,2,Комунальні послуги. Тарифи та пільги,Комунальні послуги. Тарифи та пільги,80 / 80 80,Житлове законодавство. Житлово-комунальне господарство / Комунальні послуги. Тарифи та пільги,1,5,2113,1094,https://zakon.rada.gov.ua/laws/main/j445,https://zakon.rada.gov.ua/laws/main/jj445,[],Комунальні послуги. Тарифи та пільги. Шлях: Житлове законодавство. Житлово-комунальне господарство / Комунальні послуги. Тарифи та пільги. Код: 80 80.,,,2026-10-05 18:41:38,2026-10-05 18:41:38
4889,80 80 10,80 80,3,Електроенергія,Електроенергія,80 / 80 80 / 80 80 10,Житлове законодавство. Житлово-комунальне господарство / Комунальні послуги. Тарифи та пільги / Електроенергія,0,0,118,118,https://zakon.rada.gov.ua/laws/main/jj446,https://zakon.rada.gov.ua/laws/main/jj446,[],Електроенергія. Шлях: Житлове законодавство. Житлово-комунальне господарство / Комунальні послуги. Тарифи та пільги / Електроенергія. Код: 80 80 10.,,,2026-10-05 18:41:38,2026-10-05 18:41:38
4890,80 80 20,80 80,3,Газ,Газ,80 / 80 80 / 80 80 20,Житлове законодавство. Житлово-комунальне господарство / Комунальні послуги. Тарифи та пільги / Газ,0,0,200,200,https://zakon.rada.gov.ua/laws/main/jj447,https://zakon.rada.gov.ua/laws/main/jj447,[],Газ. Шлях: Житлове законодавство. Житлово-комунальне господарство / Комунальні послуги. Тарифи та пільги / Газ. Код: 80 80 20.,,,2026-10-05 18:41:38,2026-10-05 18:41:38
4891,80 80 30,80 80,3,Опалення. Паливо для населення,Опалення. Паливо для населення,80 / 80 80 / 80 80 30,Житлове законодавство. Житлово-комунальне господарство / Комунальні послуги. Тарифи та пільги / Опалення. Паливо для населення,0,0,363,363,https://zakon.rada.gov.ua/laws/main/jj448,https://zakon.rada.gov.ua/laws/main/jj448,[],Опалення. Паливо для населення. Шлях: Житлове законодавство. Житлово-комунальне господарство / Комунальні послуги. Тарифи та пільги / Опалення. Паливо для населення. Код: 80 80 30.,,,2026-10-05 18:41:38,2026-10-05 18:41:38
4892,80 80 40,80 80,3,"Водопостачання, каналізація","Водопостачання, каналізація",80 / 80 80 / 80 80 40,"Житлове законодавство. Житлово-комунальне господарство / Комунальні послуги. Тарифи та пільги / Водопостачання, каналізація",0,0,705,705,https://zakon.rada.gov.ua/laws/main/jj449,https://zakon.rada.gov.ua/laws/main/jj449,[],"Водопостачання, каналізація. Шлях: Житлове законодавство. Житлово-комунальне господарство / Комунальні послуги. Тарифи та пільги / Водопостачання, каналізація. Код: 80 80 40.",,,2026-10-05 18:41:38,2026-10-05 18:41:38
4893,80 80 50,80 80,3,Ліфти,Ліфти,80 / 80 80 / 80 80 50,Житлове законодавство. Житлово-комунальне господарство / Комунальні послуги. Тарифи та пільги / Ліфти,0,0,22,22,https://zakon.rada.gov.ua/laws/main/jj450,https://zakon.rada.gov.ua/laws/main/jj450,[],Ліфти. Шлях: Житлове законодавство. Житлово-комунальне господарство / Комунальні послуги. Тарифи та пільги / Ліфти. Код: 80 80 50.,,,2026-10-05 18:41:38,2026-10-05 18:41:38
4894,80 81,80,2,"Засоби обліку витрачання і прилади регулювання споживання газу, води та теплової енергії, газу у побуті","Засоби обліку витрачання і прилади регулювання споживання газу, води та теплової енергії, газу у побуті",80 / 80 81,"Житлове законодавство. Житлово-комунальне господарство / Засоби обліку витрачання і прилади регулювання споживання газу, води та теплової енергії, газу у побуті",0,0,69,69,https://zakon.rada.gov.ua/laws/main/jj451,https://zakon.rada.gov.ua/laws/main/jj451,[],"Засоби обліку витрачання і прилади регулювання споживання газу, води та теплової енергії, газу у побуті. Шлях: Житлове законодавство. Житлово-комунальне господарство / Засоби обліку витрачання і прилади регулювання споживання газу, води та теплової енергії, газу у побуті. Код: 80 81.",,,2026-10-05 18:41:38,2026-10-05 18:41:38
4895,80 90,80,2,Утримання домашніх тварин. Боротьба зі сказом,Утримання домашніх тварин. Боротьба зі сказом,80 / 80 90,Житлове законодавство. Житлово-комунальне господарство / Утримання домашніх тварин. Боротьба зі сказом,0,0,14,14,https://zakon.rada.gov.ua/laws/main/jj452,https://zakon.rada.gov.ua/laws/main/jj452,[],Утримання домашніх тварин. Боротьба зі сказом. Шлях: Житлове законодавство. Житлово-комунальне господарство / Утримання домашніх тварин. Боротьба зі сказом. Код: 80 90.,,,2026-10-05 18:41:38,2026-10-05 18:41:38
4896,90,,1,Законодавство про охорону здоров'я,Законодавство про охорону здоров'я,90,Законодавство про охорону здоров'я,1,18,13269,883,https://zakon.rada.gov.ua/laws/main/j453,https://zakon.rada.gov.ua/laws/main/jj453,[],Законодавство про охорону здоров'я. Шлях: Законодавство про охорону здоров'я. Код: 90.,,,2026-10-05 18:41:38,2026-10-05 18:41:38
4897,90 10,90,2,Державні медичні програми,Державні медичні програми,90 / 90 10,Законодавство про охорону здоров'я / Державні медичні програми,0,0,218,218,https://zakon.rada.gov.ua/laws/main/jj454,https://zakon.rada.gov.ua/laws/main/jj454,[],Державні медичні програми. Шлях: Законодавство про охорону здоров'я / Державні медичні програми. Код: 90 10.,,,2026-10-05 18:41:38,2026-10-05 18:41:38
4898,90 20,90,2,Органи та заклади охорони здоров'я,Органи та заклади охорони здоров'я,90 / 90 20,Законодавство про охорону здоров'я / Органи та заклади охорони здоров'я,0,0,1813,1813,https://zakon.rada.gov.ua/laws/main/jj455,https://zakon.rada.gov.ua/laws/main/jj455,[],Органи та заклади охорони здоров'я. Шлях: Законодавство про охорону здоров'я / Органи та заклади охорони здоров'я. Код: 90 20.,,,2026-10-05 18:41:38,2026-10-05 18:41:38
4899,90 30,90,2,"Лікувально-профілактична допомога населенню (безплатна, платна, пільги по оплаті). Медичні огляди","Лікувально-профілактична допомога населенню (безплатна, платна, пільги по оплаті). Медичні огляди",90 / 90 30,"Законодавство про охорону здоров'я / Лікувально-профілактична допомога населенню (безплатна, платна, пільги по оплаті). Медичні огляди",1,8,4982,2408,https://zakon.rada.gov.ua/laws/main/j456,https://zakon.rada.gov.ua/laws/main/jj456,[],"Лікувально-профілактична допомога населенню (безплатна, платна, пільги по оплаті). Медичні огляди. Шлях: Законодавство про охорону здоров'я / Лікувально-профілактична допомога населенню (безплатна, платна, пільги по оплаті). Медичні огляди. Код: 90 30.",,,2026-10-05 18:41:38,2026-10-05 18:41:38
4900,90 30 10,90 30,3,Протезування,Протезування,90 / 90 30 / 90 30 10,"Законодавство про охорону здоров'я / Лікувально-профілактична допомога населенню (безплатна, платна, пільги по оплаті). Медичні огляди / Протезування",0,0,55,55,https://zakon.rada.gov.ua/laws/main/jj457,https://zakon.rada.gov.ua/laws/main/jj457,[],"Протезування. Шлях: Законодавство про охорону здоров'я / Лікувально-профілактична допомога населенню (безплатна, платна, пільги по оплаті). Медичні огляди / Протезування. Код: 90 30 10.",,,2026-10-05 18:41:38,2026-10-05 18:41:38
4901,90 30 20,90 30,3,Донорство,Донорство,90 / 90 30 / 90 30 20,"Законодавство про охорону здоров'я / Лікувально-профілактична допомога населенню (безплатна, платна, пільги по оплаті). Медичні огляди / Донорство",0,0,142,142,https://zakon.rada.gov.ua/laws/main/jj458,https://zakon.rada.gov.ua/laws/main/jj458,[],"Донорство. Шлях: Законодавство про охорону здоров'я / Лікувально-профілактична допомога населенню (безплатна, платна, пільги по оплаті). Медичні огляди / Донорство. Код: 90 30 20.",,,2026-10-05 18:41:38,2026-10-05 18:41:38
4902,90 30 30,90 30,3,Трансплантація органів,Трансплантація органів,90 / 90 30 / 90 30 30,"Законодавство про охорону здоров'я / Лікувально-профілактична допомога населенню (безплатна, платна, пільги по оплаті). Медичні огляди / Трансплантація органів",0,0,114,114,https://zakon.rada.gov.ua/laws/main/jj459,https://zakon.rada.gov.ua/laws/main/jj459,[],"Трансплантація органів. Шлях: Законодавство про охорону здоров'я / Лікувально-профілактична допомога населенню (безплатна, платна, пільги по оплаті). Медичні огляди / Трансплантація органів. Код: 90 30 30.",,,2026-10-05 18:41:38,2026-10-05 18:41:38
4903,90 30 40,90 30,3,Наркологічна допомога. Алкоголізм. Примусове лікування,Наркологічна допомога. Алкоголізм. Примусове лікування,90 / 90 30 / 90 30 40,"Законодавство про охорону здоров'я / Лікувально-профілактична допомога населенню (безплатна, платна, пільги по оплаті). Медичні огляди / Наркологічна допомога. Алкоголізм. Примусове лікування",0,0,121,121,https://zakon.rada.gov.ua/laws/main/jj460,https://zakon.rada.gov.ua/laws/main/jj460,[],"Наркологічна допомога. Алкоголізм. Примусове лікування. Шлях: Законодавство про охорону здоров'я / Лікувально-профілактична допомога населенню (безплатна, платна, пільги по оплаті). Медичні огляди / Наркологічна допомога. Алкоголізм. Примусове лікування. Код: 90 30 40.",,,2026-10-05 18:41:38,2026-10-05 18:41:38
4904,90 30 50,90 30,3,Психіатрична допомога та дотримання прав громадян при її наданні,Психіатрична допомога та дотримання прав громадян при її наданні,90 / 90 30 / 90 30 50,"Законодавство про охорону здоров'я / Лікувально-профілактична допомога населенню (безплатна, платна, пільги по оплаті). Медичні огляди / Психіатрична допомога та дотримання прав громадян при її наданні",0,0,181,181,https://zakon.rada.gov.ua/laws/main/jj461,https://zakon.rada.gov.ua/laws/main/jj461,[],"Психіатрична допомога та дотримання прав громадян при її наданні. Шлях: Законодавство про охорону здоров'я / Лікувально-профілактична допомога населенню (безплатна, платна, пільги по оплаті). Медичні огляди / Психіатрична допомога та дотримання прав громадян при її наданні. Код: 90 30 50.",,,2026-10-05 18:41:38,2026-10-05 18:41:38
4905,90 30 60,90 30,3,Заходи по боротьбі зі СНІДом. Венеричні захворювання,Заходи по боротьбі зі СНІДом. Венеричні захворювання,90 / 90 30 / 90 30 60,"Законодавство про охорону здоров'я / Лікувально-профілактична допомога населенню (безплатна, платна, пільги по оплаті). Медичні огляди / Заходи по боротьбі зі СНІДом. Венеричні захворювання",0,0,317,317,https://zakon.rada.gov.ua/laws/main/jj462,https://zakon.rada.gov.ua/laws/main/jj462,[],"Заходи по боротьбі зі СНІДом. Венеричні захворювання. Шлях: Законодавство про охорону здоров'я / Лікувально-профілактична допомога населенню (безплатна, платна, пільги по оплаті). Медичні огляди / Заходи по боротьбі зі СНІДом. Венеричні захворювання. Код: 90 30 60.",,,2026-10-05 18:41:38,2026-10-05 18:41:38
4906,90 30 70,90 30,3,Забезпечення медикаментами та ліками. Медтехніка,Забезпечення медикаментами та ліками. Медтехніка,90 / 90 30 / 90 30 70,"Законодавство про охорону здоров'я / Лікувально-профілактична допомога населенню (безплатна, платна, пільги по оплаті). Медичні огляди / Забезпечення медикаментами та ліками. Медтехніка",0,0,1997,1997,https://zakon.rada.gov.ua/laws/main/jj463,https://zakon.rada.gov.ua/laws/main/jj463,[],"Забезпечення медикаментами та ліками. Медтехніка. Шлях: Законодавство про охорону здоров'я / Лікувально-профілактична допомога населенню (безплатна, платна, пільги по оплаті). Медичні огляди / Забезпечення медикаментами та ліками. Медтехніка. Код: 90 30 70.",,,2026-10-05 18:41:38,2026-10-05 18:41:38
4907,90 30 80,90 30,3,Диспансеризація населення,Диспансеризація населення,90 / 90 30 / 90 30 80,"Законодавство про охорону здоров'я / Лікувально-профілактична допомога населенню (безплатна, платна, пільги по оплаті). Медичні огляди / Диспансеризація населення",0,0,18,18,https://zakon.rada.gov.ua/laws/main/jj464,https://zakon.rada.gov.ua/laws/main/jj464,[],"Диспансеризація населення. Шлях: Законодавство про охорону здоров'я / Лікувально-профілактична допомога населенню (безплатна, платна, пільги по оплаті). Медичні огляди / Диспансеризація населення. Код: 90 30 80.",,,2026-10-05 18:41:38,2026-10-05 18:41:38
4908,90 31,90,2,Наркотичні засоби. Психотропні речовини,Наркотичні засоби. Психотропні речовини,90 / 90 31,Законодавство про охорону здоров'я / Наркотичні засоби. Психотропні речовини,0,0,485,485,https://zakon.rada.gov.ua/laws/main/jj465,https://zakon.rada.gov.ua/laws/main/jj465,[],Наркотичні засоби. Психотропні речовини. Шлях: Законодавство про охорону здоров'я / Наркотичні засоби. Психотропні речовини. Код: 90 31.,,,2026-10-05 18:41:38,2026-10-05 18:41:38
4909,90 40,90,2,Санітарно-епідеміологічне благополуччя. Державний санітарний нагляд,Санітарно-епідеміологічне благополуччя. Державний санітарний нагляд,90 / 90 40,Законодавство про охорону здоров'я / Санітарно-епідеміологічне благополуччя. Державний санітарний нагляд,0,0,1395,1395,https://zakon.rada.gov.ua/laws/main/jj466,https://zakon.rada.gov.ua/laws/main/jj466,[],Санітарно-епідеміологічне благополуччя. Державний санітарний нагляд. Шлях: Законодавство про охорону здоров'я / Санітарно-епідеміологічне благополуччя. Державний санітарний нагляд. Код: 90 40.,,,2026-10-05 18:41:38,2026-10-05 18:41:38
4910,90 50,90,2,Медичне страхування,Медичне страхування,90 / 90 50,Законодавство про охорону здоров'я / Медичне страхування,0,0,62,62,https://zakon.rada.gov.ua/laws/main/jj467,https://zakon.rada.gov.ua/laws/main/jj467,[],Медичне страхування. Шлях: Законодавство про охорону здоров'я / Медичне страхування. Код: 90 50.,,,2026-10-05 18:41:38,2026-10-05 18:41:38
4911,90 60,90,2,Нетрадиційна медицина,Нетрадиційна медицина,90 / 90 60,Законодавство про охорону здоров'я / Нетрадиційна медицина,0,0,16,16,https://zakon.rada.gov.ua/laws/main/jj468,https://zakon.rada.gov.ua/laws/main/jj468,[],Нетрадиційна медицина. Шлях: Законодавство про охорону здоров'я / Нетрадиційна медицина. Код: 90 60.,,,2026-10-05 18:41:38,2026-10-05 18:41:38
4912,90 70,90,2,Приватна медична практика,Приватна медична практика,90 / 90 70,Законодавство про охорону здоров'я / Приватна медична практика,0,0,19,19,https://zakon.rada.gov.ua/laws/main/jj469,https://zakon.rada.gov.ua/laws/main/jj469,[],Приватна медична практика. Шлях: Законодавство про охорону здоров'я / Приватна медична практика. Код: 90 70.,,,2026-10-05 18:41:38,2026-10-05 18:41:38
4913,90 80,90,2,"Захворювання, при яких надаються пільги на житло","Захворювання, при яких надаються пільги на житло",90 / 90 80,"Законодавство про охорону здоров'я / Захворювання, при яких надаються пільги на житло",0,0,6,6,https://zakon.rada.gov.ua/laws/main/jj470,https://zakon.rada.gov.ua/laws/main/jj470,[],"Захворювання, при яких надаються пільги на житло. Шлях: Законодавство про охорону здоров'я / Захворювання, при яких надаються пільги на житло. Код: 90 80.",,,2026-10-05 18:41:38,2026-10-05 18:41:38
4914,90 90,90,2,Пільги медпрацівникам,Пільги медпрацівникам,90 / 90 90,Законодавство про охорону здоров'я / Пільги медпрацівникам,0,0,5,5,https://zakon.rada.gov.ua/laws/main/jj471,https://zakon.rada.gov.ua/laws/main/jj471,[],Пільги медпрацівникам. Шлях: Законодавство про охорону здоров'я / Пільги медпрацівникам. Код: 90 90.,,,2026-10-05 18:41:38,2026-10-05 18:41:38
4915,90100,90,2,Лікарські рослини,Лікарські рослини,90 / 90100,Законодавство про охорону здоров'я / Лікарські рослини,0,0,8,8,https://zakon.rada.gov.ua/laws/main/jj472,https://zakon.rada.gov.ua/laws/main/jj472,[],Лікарські рослини. Шлях: Законодавство про охорону здоров'я / Лікарські рослини. Код: 90100.,,,2026-10-05 18:41:38,2026-10-05 18:41:38
4916,90110,90,2,Листки непрацездатності,Листки непрацездатності,90 / 90110,Законодавство про охорону здоров'я / Листки непрацездатності,0,0,53,53,https://zakon.rada.gov.ua/laws/main/jj473,https://zakon.rada.gov.ua/laws/main/jj473,[],Листки непрацездатності. Шлях: Законодавство про охорону здоров'я / Листки непрацездатності. Код: 90110.,,,2026-10-05 18:41:38,2026-10-05 18:41:38
4917,90120,90,2,Медико-соціальна експертиза. Встановлення інвалідності,Медико-соціальна експертиза. Встановлення інвалідності,90 / 90120,Законодавство про охорону здоров'я / Медико-соціальна експертиза. Встановлення інвалідності,0,0,196,196,https://zakon.rada.gov.ua/laws/main/jj474,https://zakon.rada.gov.ua/laws/main/jj474,[],Медико-соціальна експертиза. Встановлення інвалідності. Шлях: Законодавство про охорону здоров'я / Медико-соціальна експертиза. Встановлення інвалідності. Код: 90120.,,,2026-10-05 18:41:38,2026-10-05 18:41:38
4918,90130,90,2,Охорона материнства і дитинства,Охорона материнства і дитинства,90 / 90130,Законодавство про охорону здоров'я / Охорона материнства і дитинства,0,0,1548,1548,https://zakon.rada.gov.ua/laws/main/jj475,https://zakon.rada.gov.ua/laws/main/jj475,[],Охорона материнства і дитинства. Шлях: Законодавство про охорону здоров'я / Охорона материнства і дитинства. Код: 90130.,,,2026-10-05 18:41:38,2026-10-05 18:41:38
4919,90140,90,2,Дитяче харчування,Дитяче харчування,90 / 90140,Законодавство про охорону здоров'я / Дитяче харчування,0,0,63,63,https://zakon.rada.gov.ua/laws/main/jj476,https://zakon.rada.gov.ua/laws/main/jj476,[],Дитяче харчування. Шлях: Законодавство про охорону здоров'я / Дитяче харчування. Код: 90140.,,,2026-10-05 18:41:38,2026-10-05 18:41:38
4920,90150,90,2,"Санаторно-курортне лікування (санаторії, бази, будинки відпочинку. Путівки)","Санаторно-курортне лікування (санаторії, бази, будинки відпочинку. Путівки)",90 / 90150,"Законодавство про охорону здоров'я / Санаторно-курортне лікування (санаторії, бази, будинки відпочинку. Путівки)",0,0,696,696,https://zakon.rada.gov.ua/laws/main/jj477,https://zakon.rada.gov.ua/laws/main/jj477,[],"Санаторно-курортне лікування (санаторії, бази, будинки відпочинку. Путівки). Шлях: Законодавство про охорону здоров'я / Санаторно-курортне лікування (санаторії, бази, будинки відпочинку. Путівки). Код: 90150.",,,2026-10-05 18:41:38,2026-10-05 18:41:38
4921,90160,90,2,Фізкультура і спорт,Фізкультура і спорт,90 / 90160,Законодавство про охорону здоров'я / Фізкультура і спорт,0,0,2862,2862,https://zakon.rada.gov.ua/laws/main/jj478,https://zakon.rada.gov.ua/laws/main/jj478,[],Фізкультура і спорт. Шлях: Законодавство про охорону здоров'я / Фізкультура і спорт. Код: 90160.,,,2026-10-05 18:41:38,2026-10-05 18:41:38
4922,90170,90,2,Рятувальні служби,Рятувальні служби,90 / 90170,Законодавство про охорону здоров'я / Рятувальні служби,0,0,305,305,https://zakon.rada.gov.ua/laws/main/jj479,https://zakon.rada.gov.ua/laws/main/jj479,[],Рятувальні служби. Шлях: Законодавство про охорону здоров'я / Рятувальні служби. Код: 90170.,,,2026-10-05 18:41:38,2026-10-05 18:41:38
4923,100,,1,"Законодавство з питань освіти, науки, культури","Законодавство з питань освіти, науки, культури",100,"Законодавство з питань освіти, науки, культури",1,20,18335,1635,https://zakon.rada.gov.ua/laws/main/j480,https://zakon.rada.gov.ua/laws/main/jj480,[],"Законодавство з питань освіти, науки, культури. Шлях: Законодавство з питань освіти, науки, культури. Код: 100.",,,2026-10-05 18:41:38,2026-10-05 18:41:38
4924,100 10,100,2,Загальні засади молодіжної політики,Загальні засади молодіжної політики,100 / 100 10,"Законодавство з питань освіти, науки, культури / Загальні засади молодіжної політики",0,0,921,921,https://zakon.rada.gov.ua/laws/main/jj481,https://zakon.rada.gov.ua/laws/main/jj481,[],"Загальні засади молодіжної політики. Шлях: Законодавство з питань освіти, науки, культури / Загальні засади молодіжної політики. Код: 100 10.",,,2026-10-05 18:41:38,2026-10-05 18:41:38
4925,100 20,100,2,"Загальні початкова, базова і середня освіта.Інклюзивна освіта","Загальні початкова, базова і середня освіта.Інклюзивна освіта",100 / 100 20,"Законодавство з питань освіти, науки, культури / Загальні початкова, базова і середня освіта.Інклюзивна освіта",1,3,1695,218,https://zakon.rada.gov.ua/laws/main/j482,https://zakon.rada.gov.ua/laws/main/jj482,[],"Загальні початкова, базова і середня освіта.Інклюзивна освіта. Шлях: Законодавство з питань освіти, науки, культури / Загальні початкова, базова і середня освіта.Інклюзивна освіта. Код: 100 20.",,,2026-10-05 18:41:38,2026-10-05 18:41:38
4926,100 20 10,100 20,3,Дошкільна освіта. Дошкільні виховні заклади,Дошкільна освіта. Дошкільні виховні заклади,100 / 100 20 / 100 20 10,"Законодавство з питань освіти, науки, культури / Загальні початкова, базова і середня освіта.Інклюзивна освіта / Дошкільна освіта. Дошкільні виховні заклади",0,0,245,245,https://zakon.rada.gov.ua/laws/main/jj483,https://zakon.rada.gov.ua/laws/main/jj483,[],"Дошкільна освіта. Дошкільні виховні заклади. Шлях: Законодавство з питань освіти, науки, культури / Загальні початкова, базова і середня освіта.Інклюзивна освіта / Дошкільна освіта. Дошкільні виховні заклади. Код: 100 20 10.",,,2026-10-05 18:41:38,2026-10-05 18:41:38
4927,100 20 20,100 20,3,"Загальна середня освіта. Середні загальноосвітні навчально-виховні заклади (початкова, основна, старша школи). Учнівські олімпіади і конкурси","Загальна середня освіта. Середні загальноосвітні навчально-виховні заклади (початкова, основна, старша школи). Учнівські олімпіади і конкурси",100 / 100 20 / 100 20 20,"Законодавство з питань освіти, науки, культури / Загальні початкова, базова і середня освіта.Інклюзивна освіта / Загальна середня освіта. Середні загальноосвітні навчально-виховні заклади (початкова, основна, старша школи). Учнівські олімпіади і конкурси",0,0,1111,1111,https://zakon.rada.gov.ua/laws/main/jj484,https://zakon.rada.gov.ua/laws/main/jj484,[],"Загальна середня освіта. Середні загальноосвітні навчально-виховні заклади (початкова, основна, старша школи). Учнівські олімпіади і конкурси. Шлях: Законодавство з питань освіти, науки, культури / Загальні початкова, базова і середня освіта.Інклюзивна освіта / Загальна середня освіта. Середні загальноосвітні навчально-виховні заклади (початкова, основна, старша школи). Учнівські олімпіади і конкурси. Код: 100 20 20.",,,2026-10-05 18:41:38,2026-10-05 18:41:38
4928,100 20 30,100 20,3,"Навчально-виховні заклади для дітей, які потребують соціальної допомоги і реабілітації (школи-інтернати, спецшколи, дитячі будинки тощо). Логопедичні пункти для допомоги дітям з вадами мови","Навчально-виховні заклади для дітей, які потребують соціальної допомоги і реабілітації (школи-інтернати, спецшколи, дитячі будинки тощо). Логопедичні пункти для допомоги дітям з вадами мови",100 / 100 20 / 100 20 30,"Законодавство з питань освіти, науки, культури / Загальні початкова, базова і середня освіта.Інклюзивна освіта / Навчально-виховні заклади для дітей, які потребують соціальної допомоги і реабілітації (школи-інтернати, спецшколи, дитячі будинки тощо). Логопедичні пункти для допомоги дітям з вадами мови",0,0,281,281,https://zakon.rada.gov.ua/laws/main/jj485,https://zakon.rada.gov.ua/laws/main/jj485,[],"Навчально-виховні заклади для дітей, які потребують соціальної допомоги і реабілітації (школи-інтернати, спецшколи, дитячі будинки тощо). Логопедичні пункти для допомоги дітям з вадами мови. Шлях: Законодавство з питань освіти, науки, культури / Загальні початкова, базова і середня освіта.Інклюзивна освіта / Навчально-виховні заклади для дітей, які потребують соціальної допомоги і реабілітації (школи-інтернати, спецшколи, дитячі будинки тощо). Логопедичні пункти для допомоги дітям з вадами мови. Код: 100 20 30.",,,2026-10-05 18:41:38,2026-10-05 18:41:38
4929,100 30,100,2,Професійна освіта. Професійні навчально-виховні заклади,Професійна освіта. Професійні навчально-виховні заклади,100 / 100 30,"Законодавство з питань освіти, науки, культури / Професійна освіта. Професійні навчально-виховні заклади",0,0,791,791,https://zakon.rada.gov.ua/laws/main/jj486,https://zakon.rada.gov.ua/laws/main/jj486,[],"Професійна освіта. Професійні навчально-виховні заклади. Шлях: Законодавство з питань освіти, науки, культури / Професійна освіта. Професійні навчально-виховні заклади. Код: 100 30.",,,2026-10-05 18:41:38,2026-10-05 18:41:38
4930,100 40,100,2,Вища освіта. Вищі навчальні заклади. Студентські олімпіади і конкурси,Вища освіта. Вищі навчальні заклади. Студентські олімпіади і конкурси,100 / 100 40,"Законодавство з питань освіти, науки, культури / Вища освіта. Вищі навчальні заклади. Студентські олімпіади і конкурси",1,4,3000,1962,https://zakon.rada.gov.ua/laws/main/j487,https://zakon.rada.gov.ua/laws/main/jj487,[],"Вища освіта. Вищі навчальні заклади. Студентські олімпіади і конкурси. Шлях: Законодавство з питань освіти, науки, культури / Вища освіта. Вищі навчальні заклади. Студентські олімпіади і конкурси. Код: 100 40.",,,2026-10-05 18:41:38,2026-10-05 18:41:38
4931,100 40 10,100 40,3,"Базова вища освіта (технікум, училище, коледж)","Базова вища освіта (технікум, училище, коледж)",100 / 100 40 / 100 40 10,"Законодавство з питань освіти, науки, культури / Вища освіта. Вищі навчальні заклади. Студентські олімпіади і конкурси / Базова вища освіта (технікум, училище, коледж)",0,0,78,78,https://zakon.rada.gov.ua/laws/main/jj488,https://zakon.rada.gov.ua/laws/main/jj488,[],"Базова вища освіта (технікум, училище, коледж). Шлях: Законодавство з питань освіти, науки, культури / Вища освіта. Вищі навчальні заклади. Студентські олімпіади і конкурси / Базова вища освіта (технікум, училище, коледж). Код: 100 40 10.",,,2026-10-05 18:41:38,2026-10-05 18:41:38
4932,100 40 20,100 40,3,"Повна вища освіта (інститут, консерваторія, академія, університет)","Повна вища освіта (інститут, консерваторія, академія, університет)",100 / 100 40 / 100 40 20,"Законодавство з питань освіти, науки, культури / Вища освіта. Вищі навчальні заклади. Студентські олімпіади і конкурси / Повна вища освіта (інститут, консерваторія, академія, університет)",0,0,736,736,https://zakon.rada.gov.ua/laws/main/jj489,https://zakon.rada.gov.ua/laws/main/jj489,[],"Повна вища освіта (інститут, консерваторія, академія, університет). Шлях: Законодавство з питань освіти, науки, культури / Вища освіта. Вищі навчальні заклади. Студентські олімпіади і конкурси / Повна вища освіта (інститут, консерваторія, академія, університет). Код: 100 40 20.",,,2026-10-05 18:41:38,2026-10-05 18:41:38
4933,100 40 30,100 40,3,"Післядипломна освіта (аспірантура, докторантура, інтернатура тощо)","Післядипломна освіта (аспірантура, докторантура, інтернатура тощо)",100 / 100 40 / 100 40 30,"Законодавство з питань освіти, науки, культури / Вища освіта. Вищі навчальні заклади. Студентські олімпіади і конкурси / Післядипломна освіта (аспірантура, докторантура, інтернатура тощо)",0,0,144,144,https://zakon.rada.gov.ua/laws/main/jj490,https://zakon.rada.gov.ua/laws/main/jj490,[],"Післядипломна освіта (аспірантура, докторантура, інтернатура тощо). Шлях: Законодавство з питань освіти, науки, культури / Вища освіта. Вищі навчальні заклади. Студентські олімпіади і конкурси / Післядипломна освіта (аспірантура, докторантура, інтернатура тощо). Код: 100 40 30.",,,2026-10-05 18:41:38,2026-10-05 18:41:38
4934,100 40 40,100 40,3,Навчальні заклади підвищення кваліфікації та перепідготовки кадрів,Навчальні заклади підвищення кваліфікації та перепідготовки кадрів,100 / 100 40 / 100 40 40,"Законодавство з питань освіти, науки, культури / Вища освіта. Вищі навчальні заклади. Студентські олімпіади і конкурси / Навчальні заклади підвищення кваліфікації та перепідготовки кадрів",0,0,193,193,https://zakon.rada.gov.ua/laws/main/jj491,https://zakon.rada.gov.ua/laws/main/jj491,[],"Навчальні заклади підвищення кваліфікації та перепідготовки кадрів. Шлях: Законодавство з питань освіти, науки, культури / Вища освіта. Вищі навчальні заклади. Студентські олімпіади і конкурси / Навчальні заклади підвищення кваліфікації та перепідготовки кадрів. Код: 100 40 40.",,,2026-10-05 18:41:38,2026-10-05 18:41:38
4935,100 50,100,2,Позашкільне навчання та виховання. Позашкільні навчально-виховні заклади. Організація літнього відпочинку школярів,Позашкільне навчання та виховання. Позашкільні навчально-виховні заклади. Організація літнього відпочинку школярів,100 / 100 50,"Законодавство з питань освіти, науки, культури / Позашкільне навчання та виховання. Позашкільні навчально-виховні заклади. Організація літнього відпочинку школярів",0,0,516,516,https://zakon.rada.gov.ua/laws/main/jj492,https://zakon.rada.gov.ua/laws/main/jj492,[],"Позашкільне навчання та виховання. Позашкільні навчально-виховні заклади. Організація літнього відпочинку школярів. Шлях: Законодавство з питань освіти, науки, культури / Позашкільне навчання та виховання. Позашкільні навчально-виховні заклади. Організація літнього відпочинку школярів. Код: 100 50.",,,2026-10-05 18:41:38,2026-10-05 18:41:38
4936,100 60,100,2,Самоосвіта громадян,Самоосвіта громадян,100 / 100 60,"Законодавство з питань освіти, науки, культури / Самоосвіта громадян",0,0,2,2,https://zakon.rada.gov.ua/laws/main/jj493,https://zakon.rada.gov.ua/laws/main/jj493,[],"Самоосвіта громадян. Шлях: Законодавство з питань освіти, науки, культури / Самоосвіта громадян. Код: 100 60.",,,2026-10-05 18:41:38,2026-10-05 18:41:38
4937,100 70,100,2,"Соціально-матеріальне забезпечення вихованців, учнів, студентів, слухачів тощо. Гранти.Стипендії","Соціально-матеріальне забезпечення вихованців, учнів, студентів, слухачів тощо. Гранти.Стипендії",100 / 100 70,"Законодавство з питань освіти, науки, культури / Соціально-матеріальне забезпечення вихованців, учнів, студентів, слухачів тощо. Гранти.Стипендії",0,0,1463,1463,https://zakon.rada.gov.ua/laws/main/jj494,https://zakon.rada.gov.ua/laws/main/jj494,[],"Соціально-матеріальне забезпечення вихованців, учнів, студентів, слухачів тощо. Гранти.Стипендії. Шлях: Законодавство з питань освіти, науки, культури / Соціально-матеріальне забезпечення вихованців, учнів, студентів, слухачів тощо. Гранти.Стипендії. Код: 100 70.",,,2026-10-05 18:41:38,2026-10-05 18:41:38
4938,100 80,100,2,"Залучення учнів, студентів до організованої трудової участі в період літніх канікул і на збирання врожаю","Залучення учнів, студентів до організованої трудової участі в період літніх канікул і на збирання врожаю",100 / 100 80,"Законодавство з питань освіти, науки, культури / Залучення учнів, студентів до організованої трудової участі в період літніх канікул і на збирання врожаю",0,0,10,10,https://zakon.rada.gov.ua/laws/main/jj495,https://zakon.rada.gov.ua/laws/main/jj495,[],"Залучення учнів, студентів до організованої трудової участі в період літніх канікул і на збирання врожаю. Шлях: Законодавство з питань освіти, науки, культури / Залучення учнів, студентів до організованої трудової участі в період літніх канікул і на збирання врожаю. Код: 100 80.",,,2026-10-05 18:41:38,2026-10-05 18:41:38
4939,100 90,100,2,Пільги для вступу в учбові заклади,Пільги для вступу в учбові заклади,100 / 100 90,"Законодавство з питань освіти, науки, культури / Пільги для вступу в учбові заклади",0,0,10,10,https://zakon.rada.gov.ua/laws/main/jj496,https://zakon.rada.gov.ua/laws/main/jj496,[],"Пільги для вступу в учбові заклади. Шлях: Законодавство з питань освіти, науки, культури / Пільги для вступу в учбові заклади. Код: 100 90.",,,2026-10-05 18:41:38,2026-10-05 18:41:38
4940,100100,100,2,Плата за навчання,Плата за навчання,100 / 100100,"Законодавство з питань освіти, науки, культури / Плата за навчання",0,0,21,21,https://zakon.rada.gov.ua/laws/main/jj497,https://zakon.rada.gov.ua/laws/main/jj497,[],"Плата за навчання. Шлях: Законодавство з питань освіти, науки, культури / Плата за навчання. Код: 100100.",,,2026-10-05 18:41:38,2026-10-05 18:41:38
4941,100110,100,2,Прийняття громадян інших держав на навчання в українські учбові заклади. Направлення українських громадян на навчання за кордон,Прийняття громадян інших держав на навчання в українські учбові заклади. Направлення українських громадян на навчання за кордон,100 / 100110,"Законодавство з питань освіти, науки, культури / Прийняття громадян інших держав на навчання в українські учбові заклади. Направлення українських громадян на навчання за кордон",0,0,90,90,https://zakon.rada.gov.ua/laws/main/jj498,https://zakon.rada.gov.ua/laws/main/jj498,[],"Прийняття громадян інших держав на навчання в українські учбові заклади. Направлення українських громадян на навчання за кордон. Шлях: Законодавство з питань освіти, науки, культури / Прийняття громадян інших держав на навчання в українські учбові заклади. Направлення українських громадян на навчання за кордон. Код: 100110.",,,2026-10-05 18:41:38,2026-10-05 18:41:38
4942,100120,100,2,Гарантії держави педагогічним працівникам. Заохочення. Пільги,Гарантії держави педагогічним працівникам. Заохочення. Пільги,100 / 100120,"Законодавство з питань освіти, науки, культури / Гарантії держави педагогічним працівникам. Заохочення. Пільги",0,0,81,81,https://zakon.rada.gov.ua/laws/main/jj499,https://zakon.rada.gov.ua/laws/main/jj499,[],"Гарантії держави педагогічним працівникам. Заохочення. Пільги. Шлях: Законодавство з питань освіти, науки, культури / Гарантії держави педагогічним працівникам. Заохочення. Пільги. Код: 100120.",,,2026-10-05 18:41:38,2026-10-05 18:41:38
4943,100130,100,2,"Фінансово-господарська діяльність, матеріально-технічна база навчально-виховних закладів","Фінансово-господарська діяльність, матеріально-технічна база навчально-виховних закладів",100 / 100130,"Законодавство з питань освіти, науки, культури / Фінансово-господарська діяльність, матеріально-технічна база навчально-виховних закладів",0,0,21,21,https://zakon.rada.gov.ua/laws/main/jj500,https://zakon.rada.gov.ua/laws/main/jj500,[],"Фінансово-господарська діяльність, матеріально-технічна база навчально-виховних закладів. Шлях: Законодавство з питань освіти, науки, культури / Фінансово-господарська діяльність, матеріально-технічна база навчально-виховних закладів. Код: 100130.",,,2026-10-05 18:41:38,2026-10-05 18:41:38
4944,100140,100,2,Боротьба з дитячою безпритульністю і бездоглядністю,Боротьба з дитячою безпритульністю і бездоглядністю,100 / 100140,"Законодавство з питань освіти, науки, культури / Боротьба з дитячою безпритульністю і бездоглядністю",1,2,249,142,https://zakon.rada.gov.ua/laws/main/j501,https://zakon.rada.gov.ua/laws/main/jj501,[],"Боротьба з дитячою безпритульністю і бездоглядністю. Шлях: Законодавство з питань освіти, науки, культури / Боротьба з дитячою безпритульністю і бездоглядністю. Код: 100140.",,,2026-10-05 18:41:38,2026-10-05 18:41:38
4945,100140 10,100140,3,Органи і служби у справах неповнолітніх,Органи і служби у справах неповнолітніх,100 / 100140 / 100140 10,"Законодавство з питань освіти, науки, культури / Боротьба з дитячою безпритульністю і бездоглядністю / Органи і служби у справах неповнолітніх",0,0,87,87,https://zakon.rada.gov.ua/laws/main/jj502,https://zakon.rada.gov.ua/laws/main/jj502,[],"Органи і служби у справах неповнолітніх. Шлях: Законодавство з питань освіти, науки, культури / Боротьба з дитячою безпритульністю і бездоглядністю / Органи і служби у справах неповнолітніх. Код: 100140 10.",,,2026-10-05 18:41:38,2026-10-05 18:41:38
4946,100140 20,100140,3,Спеціальні установи для неповнолітніх,Спеціальні установи для неповнолітніх,100 / 100140 / 100140 20,"Законодавство з питань освіти, науки, культури / Боротьба з дитячою безпритульністю і бездоглядністю / Спеціальні установи для неповнолітніх",0,0,40,40,https://zakon.rada.gov.ua/laws/main/jj503,https://zakon.rada.gov.ua/laws/main/jj503,[],"Спеціальні установи для неповнолітніх. Шлях: Законодавство з питань освіти, науки, культури / Боротьба з дитячою безпритульністю і бездоглядністю / Спеціальні установи для неповнолітніх. Код: 100140 20.",,,2026-10-05 18:41:38,2026-10-05 18:41:38
4947,100150,100,2,Наука і наукові заклади,Наука і наукові заклади,100 / 100150,"Законодавство з питань освіти, науки, культури / Наука і наукові заклади",1,9,3778,422,https://zakon.rada.gov.ua/laws/main/j504,https://zakon.rada.gov.ua/laws/main/jj504,[],"Наука і наукові заклади. Шлях: Законодавство з питань освіти, науки, культури / Наука і наукові заклади. Код: 100150.",,,2026-10-05 18:41:38,2026-10-05 18:41:38
4948,100150 10,100150,3,Науково-технічна інформація,Науково-технічна інформація,100 / 100150 / 100150 10,"Законодавство з питань освіти, науки, культури / Наука і наукові заклади / Науково-технічна інформація",0,0,58,58,https://zakon.rada.gov.ua/laws/main/jj505,https://zakon.rada.gov.ua/laws/main/jj505,[],"Науково-технічна інформація. Шлях: Законодавство з питань освіти, науки, культури / Наука і наукові заклади / Науково-технічна інформація. Код: 100150 10.",,,2026-10-05 18:41:38,2026-10-05 18:41:38
4949,100150 20,100150,3,Державні науково-технічні програми. Науково-технічне прогнозування. Пріоритетні напрями розвитку науки і техніки. Науково-технічна експертиза. Космос,Державні науково-технічні програми. Науково-технічне прогнозування. Пріоритетні напрями розвитку науки і техніки. Науково-технічна експертиза. Космос,100 / 100150 / 100150 20,"Законодавство з питань освіти, науки, культури / Наука і наукові заклади / Державні науково-технічні програми. Науково-технічне прогнозування. Пріоритетні напрями розвитку науки і техніки. Науково-технічна експертиза. Космос",0,0,1328,1328,https://zakon.rada.gov.ua/laws/main/jj506,https://zakon.rada.gov.ua/laws/main/jj506,[],"Державні науково-технічні програми. Науково-технічне прогнозування. Пріоритетні напрями розвитку науки і техніки. Науково-технічна експертиза. Космос. Шлях: Законодавство з питань освіти, науки, культури / Наука і наукові заклади / Державні науково-технічні програми. Науково-технічне прогнозування. Пріоритетні напрями розвитку науки і техніки. Науково-технічна експертиза. Космос. Код: 100150 20.",,,2026-10-05 18:41:38,2026-10-05 18:41:38
4950,100150 30,100150,3,Національна Академія наук України. Інші академії,Національна Академія наук України. Інші академії,100 / 100150 / 100150 30,"Законодавство з питань освіти, науки, культури / Наука і наукові заклади / Національна Академія наук України. Інші академії",0,0,265,265,https://zakon.rada.gov.ua/laws/main/jj507,https://zakon.rada.gov.ua/laws/main/jj507,[],"Національна Академія наук України. Інші академії. Шлях: Законодавство з питань освіти, науки, культури / Наука і наукові заклади / Національна Академія наук України. Інші академії. Код: 100150 30.",,,2026-10-05 18:41:38,2026-10-05 18:41:38
4951,100150 40,100150,3,Академіки і члени-кореспонденти академій,Академіки і члени-кореспонденти академій,100 / 100150 / 100150 40,"Законодавство з питань освіти, науки, культури / Наука і наукові заклади / Академіки і члени-кореспонденти академій",0,0,17,17,https://zakon.rada.gov.ua/laws/main/jj508,https://zakon.rada.gov.ua/laws/main/jj508,[],"Академіки і члени-кореспонденти академій. Шлях: Законодавство з питань освіти, науки, культури / Наука і наукові заклади / Академіки і члени-кореспонденти академій. Код: 100150 40.",,,2026-10-05 18:41:38,2026-10-05 18:41:38
4952,100150 50,100150,3,Науково-дослідні установи і організації. Ради по координації наукових досліджень,Науково-дослідні установи і організації. Ради по координації наукових досліджень,100 / 100150 / 100150 50,"Законодавство з питань освіти, науки, культури / Наука і наукові заклади / Науково-дослідні установи і організації. Ради по координації наукових досліджень",0,0,984,984,https://zakon.rada.gov.ua/laws/main/jj509,https://zakon.rada.gov.ua/laws/main/jj509,[],"Науково-дослідні установи і організації. Ради по координації наукових досліджень. Шлях: Законодавство з питань освіти, науки, культури / Наука і наукові заклади / Науково-дослідні установи і організації. Ради по координації наукових досліджень. Код: 100150 50.",,,2026-10-05 18:41:38,2026-10-05 18:41:38
4953,100150 60,100150,3,Вища атестаційна комісія. Наукові ступені та вчені звання,Вища атестаційна комісія. Наукові ступені та вчені звання,100 / 100150 / 100150 60,"Законодавство з питань освіти, науки, культури / Наука і наукові заклади / Вища атестаційна комісія. Наукові ступені та вчені звання",0,0,237,237,https://zakon.rada.gov.ua/laws/main/jj510,https://zakon.rada.gov.ua/laws/main/jj510,[],"Вища атестаційна комісія. Наукові ступені та вчені звання. Шлях: Законодавство з питань освіти, науки, культури / Наука і наукові заклади / Вища атестаційна комісія. Наукові ступені та вчені звання. Код: 100150 60.",,,2026-10-05 18:41:38,2026-10-05 18:41:38
4954,100150 70,100150,3,Підготовка наукових кадрів. Атестаційні комісії,Підготовка наукових кадрів. Атестаційні комісії,100 / 100150 / 100150 70,"Законодавство з питань освіти, науки, культури / Наука і наукові заклади / Підготовка наукових кадрів. Атестаційні комісії",0,0,100,100,https://zakon.rada.gov.ua/laws/main/jj511,https://zakon.rada.gov.ua/laws/main/jj511,[],"Підготовка наукових кадрів. Атестаційні комісії. Шлях: Законодавство з питань освіти, науки, культури / Наука і наукові заклади / Підготовка наукових кадрів. Атестаційні комісії. Код: 100150 70.",,,2026-10-05 18:41:38,2026-10-05 18:41:38
4955,100150 80,100150,3,Пільги науковим працівникам,Пільги науковим працівникам,100 / 100150 / 100150 80,"Законодавство з питань освіти, науки, культури / Наука і наукові заклади / Пільги науковим працівникам",0,0,6,6,https://zakon.rada.gov.ua/laws/main/jj512,https://zakon.rada.gov.ua/laws/main/jj512,[],"Пільги науковим працівникам. Шлях: Законодавство з питань освіти, науки, культури / Наука і наукові заклади / Пільги науковим працівникам. Код: 100150 80.",,,2026-10-05 18:41:38,2026-10-05 18:41:38
4956,100150 90,100150,3,Науково-технічний обмін з зарубіжними країнами,Науково-технічний обмін з зарубіжними країнами,100 / 100150 / 100150 90,"Законодавство з питань освіти, науки, культури / Наука і наукові заклади / Науково-технічний обмін з зарубіжними країнами",0,0,616,616,https://zakon.rada.gov.ua/laws/main/jj513,https://zakon.rada.gov.ua/laws/main/jj513,[],"Науково-технічний обмін з зарубіжними країнами. Шлях: Законодавство з питань освіти, науки, культури / Наука і наукові заклади / Науково-технічний обмін з зарубіжними країнами. Код: 100150 90.",,,2026-10-05 18:41:38,2026-10-05 18:41:38
4957,100160,100,2,Національне культурне надбання,Національне культурне надбання,100 / 100160,"Законодавство з питань освіти, науки, культури / Національне культурне надбання",1,1,971,484,https://zakon.rada.gov.ua/laws/main/j514,https://zakon.rada.gov.ua/laws/main/jj514,[],"Національне культурне надбання. Шлях: Законодавство з питань освіти, науки, культури / Національне культурне надбання. Код: 100160.",,,2026-10-05 18:41:38,2026-10-05 18:41:38
4958,100160 10,100160,3,"Пам'ятки історії, культури та архітектури. Історико-культурні заповідники","Пам'ятки історії, культури та архітектури. Історико-культурні заповідники",100 / 100160 / 100160 10,"Законодавство з питань освіти, науки, культури / Національне культурне надбання / Пам'ятки історії, культури та архітектури. Історико-культурні заповідники",0,0,531,531,https://zakon.rada.gov.ua/laws/main/jj515,https://zakon.rada.gov.ua/laws/main/jj515,[],"Пам'ятки історії, культури та архітектури. Історико-культурні заповідники. Шлях: Законодавство з питань освіти, науки, культури / Національне культурне надбання / Пам'ятки історії, культури та архітектури. Історико-культурні заповідники. Код: 100160 10.",,,2026-10-05 18:41:38,2026-10-05 18:41:38
4959,100170,100,2,Правовий статус окремих об'єктів культури,Правовий статус окремих об'єктів культури,100 / 100170,"Законодавство з питань освіти, науки, культури / Правовий статус окремих об'єктів культури",1,6,1798,202,https://zakon.rada.gov.ua/laws/main/j516,https://zakon.rada.gov.ua/laws/main/jj516,[],"Правовий статус окремих об'єктів культури. Шлях: Законодавство з питань освіти, науки, культури / Правовий статус окремих об'єктів культури. Код: 100170.",,,2026-10-05 18:41:38,2026-10-05 18:41:38
4960,100170 10,100170,3,Бібліотеки та бібліотечна справа,Бібліотеки та бібліотечна справа,100 / 100170 / 100170 10,"Законодавство з питань освіти, науки, культури / Правовий статус окремих об'єктів культури / Бібліотеки та бібліотечна справа",0,0,149,149,https://zakon.rada.gov.ua/laws/main/jj517,https://zakon.rada.gov.ua/laws/main/jj517,[],"Бібліотеки та бібліотечна справа. Шлях: Законодавство з питань освіти, науки, культури / Правовий статус окремих об'єктів культури / Бібліотеки та бібліотечна справа. Код: 100170 10.",,,2026-10-05 18:41:38,2026-10-05 18:41:38
4961,100170 20,100170,3,"Видавництва, видання. Книжкова палата. Книгосховища. Книги (енциклопедії)","Видавництва, видання. Книжкова палата. Книгосховища. Книги (енциклопедії)",100 / 100170 / 100170 20,"Законодавство з питань освіти, науки, культури / Правовий статус окремих об'єктів культури / Видавництва, видання. Книжкова палата. Книгосховища. Книги (енциклопедії)",0,0,535,535,https://zakon.rada.gov.ua/laws/main/jj518,https://zakon.rada.gov.ua/laws/main/jj518,[],"Видавництва, видання. Книжкова палата. Книгосховища. Книги (енциклопедії). Шлях: Законодавство з питань освіти, науки, культури / Правовий статус окремих об'єктів культури / Видавництва, видання. Книжкова палата. Книгосховища. Книги (енциклопедії). Код: 100170 20.",,,2026-10-05 18:41:38,2026-10-05 18:41:38
4962,100170 30,100170,3,"Театрально-видовищні організації та підприємства (театри, кінопрокат, відеоцентри, цирки та ін.)","Театрально-видовищні організації та підприємства (театри, кінопрокат, відеоцентри, цирки та ін.)",100 / 100170 / 100170 30,"Законодавство з питань освіти, науки, культури / Правовий статус окремих об'єктів культури / Театрально-видовищні організації та підприємства (театри, кінопрокат, відеоцентри, цирки та ін.)",0,0,332,332,https://zakon.rada.gov.ua/laws/main/jj519,https://zakon.rada.gov.ua/laws/main/jj519,[],"Театрально-видовищні організації та підприємства (театри, кінопрокат, відеоцентри, цирки та ін.). Шлях: Законодавство з питань освіти, науки, культури / Правовий статус окремих об'єктів культури / Театрально-видовищні організації та підприємства (театри, кінопрокат, відеоцентри, цирки та ін.). Код: 100170 30.",,,2026-10-05 18:41:38,2026-10-05 18:41:38
4963,100170 40,100170,3,"Музеї, виставки","Музеї, виставки",100 / 100170 / 100170 40,"Законодавство з питань освіти, науки, культури / Правовий статус окремих об'єктів культури / Музеї, виставки",0,0,311,311,https://zakon.rada.gov.ua/laws/main/jj520,https://zakon.rada.gov.ua/laws/main/jj520,[],"Музеї, виставки. Шлях: Законодавство з питань освіти, науки, культури / Правовий статус окремих об'єктів культури / Музеї, виставки. Код: 100170 40.",,,2026-10-05 18:41:38,2026-10-05 18:41:38
4964,100170 50,100170,3,Народні художні промисли,Народні художні промисли,100 / 100170 / 100170 50,"Законодавство з питань освіти, науки, культури / Правовий статус окремих об'єктів культури / Народні художні промисли",0,0,52,52,https://zakon.rada.gov.ua/laws/main/jj521,https://zakon.rada.gov.ua/laws/main/jj521,[],"Народні художні промисли. Шлях: Законодавство з питань освіти, науки, культури / Правовий статус окремих об'єктів культури / Народні художні промисли. Код: 100170 50.",,,2026-10-05 18:41:38,2026-10-05 18:41:38
4965,100170 60,100170,3,Інші види мистецтв та культури. Конкурси,Інші види мистецтв та культури. Конкурси,100 / 100170 / 100170 60,"Законодавство з питань освіти, науки, культури / Правовий статус окремих об'єктів культури / Інші види мистецтв та культури. Конкурси",0,0,341,341,https://zakon.rada.gov.ua/laws/main/jj522,https://zakon.rada.gov.ua/laws/main/jj522,[],"Інші види мистецтв та культури. Конкурси. Шлях: Законодавство з питань освіти, науки, культури / Правовий статус окремих об'єктів культури / Інші види мистецтв та культури. Конкурси. Код: 100170 60.",,,2026-10-05 18:41:38,2026-10-05 18:41:38
4966,100171,100,2,Засоби масової інформації,Засоби масової інформації,100 / 100171,"Законодавство з питань освіти, науки, культури / Засоби масової інформації",1,2,3166,526,https://zakon.rada.gov.ua/laws/main/j523,https://zakon.rada.gov.ua/laws/main/jj523,[],"Засоби масової інформації. Шлях: Законодавство з питань освіти, науки, культури / Засоби масової інформації. Код: 100171.",,,2026-10-05 18:41:38,2026-10-05 18:41:38
4967,100171 10,100171,3,Друковані засоби масової інформації (преса),Друковані засоби масової інформації (преса),100 / 100171 / 100171 10,"Законодавство з питань освіти, науки, культури / Засоби масової інформації / Друковані засоби масової інформації (преса)",0,0,1035,1035,https://zakon.rada.gov.ua/laws/main/jj524,https://zakon.rada.gov.ua/laws/main/jj524,[],"Друковані засоби масової інформації (преса). Шлях: Законодавство з питань освіти, науки, культури / Засоби масової інформації / Друковані засоби масової інформації (преса). Код: 100171 10.",,,2026-10-05 18:41:38,2026-10-05 18:41:38
4968,100171 20,100171,3,Аудіовізуальні засоби,Аудіовізуальні засоби,100 / 100171 / 100171 20,"Законодавство з питань освіти, науки, культури / Засоби масової інформації / Аудіовізуальні засоби",1,2,1676,20,https://zakon.rada.gov.ua/laws/main/j525,https://zakon.rada.gov.ua/laws/main/jj525,[],"Аудіовізуальні засоби. Шлях: Законодавство з питань освіти, науки, культури / Засоби масової інформації / Аудіовізуальні засоби. Код: 100171 20.",,,2026-10-05 18:41:38,2026-10-05 18:41:38
4969,100171 20 10,100171 20,4,Радіомовлення. Телебачення,Радіомовлення. Телебачення,100 / 100171 / 100171 20 / 100171 20 10,"Законодавство з питань освіти, науки, культури / Засоби масової інформації / Аудіовізуальні засоби / Радіомовлення. Телебачення",0,0,1301,1301,https://zakon.rada.gov.ua/laws/main/jj526,https://zakon.rada.gov.ua/laws/main/jj526,[],"Радіомовлення. Телебачення. Шлях: Законодавство з питань освіти, науки, культури / Засоби масової інформації / Аудіовізуальні засоби / Радіомовлення. Телебачення. Код: 100171 20 10.",,,2026-10-05 18:41:38,2026-10-05 18:41:38
4970,100171 20 20,100171 20,4,"Кіно, звукозапис, аудіо-, відеозапис тощо","Кіно, звукозапис, аудіо-, відеозапис тощо",100 / 100171 / 100171 20 / 100171 20 20,"Законодавство з питань освіти, науки, культури / Засоби масової інформації / Аудіовізуальні засоби / Кіно, звукозапис, аудіо-, відеозапис тощо",0,0,378,378,https://zakon.rada.gov.ua/laws/main/jj527,https://zakon.rada.gov.ua/laws/main/jj527,[],"Кіно, звукозапис, аудіо-, відеозапис тощо. Шлях: Законодавство з питань освіти, науки, культури / Засоби масової інформації / Аудіовізуальні засоби / Кіно, звукозапис, аудіо-, відеозапис тощо. Код: 100171 20 20.",,,2026-10-05 18:41:38,2026-10-05 18:41:38
4971,100180,100,2,Туризм та екскурсії,Туризм та екскурсії,100 / 100180,"Законодавство з питань освіти, науки, культури / Туризм та екскурсії",0,0,394,394,https://zakon.rada.gov.ua/laws/main/jj528,https://zakon.rada.gov.ua/laws/main/jj528,[],"Туризм та екскурсії. Шлях: Законодавство з питань освіти, науки, культури / Туризм та екскурсії. Код: 100180.",,,2026-10-05 18:41:38,2026-10-05 18:41:38
4972,100190,100,2,Реклама,Реклама,100 / 100190,"Законодавство з питань освіти, науки, культури / Реклама",0,0,160,160,https://zakon.rada.gov.ua/laws/main/jj529,https://zakon.rada.gov.ua/laws/main/jj529,[],"Реклама. Шлях: Законодавство з питань освіти, науки, культури / Реклама. Код: 100190.",,,2026-10-05 18:41:38,2026-10-05 18:41:38
4973,110,,1,Нагороди і почесні звання,Нагороди і почесні звання,110,Нагороди і почесні звання,1,10,13480,50,https://zakon.rada.gov.ua/laws/main/j530,https://zakon.rada.gov.ua/laws/main/jj530,[],Нагороди і почесні звання. Шлях: Нагороди і почесні звання. Код: 110.,,,2026-10-05 18:41:38,2026-10-05 18:41:38
4974,110 10,110,2,Державні нагороди,Державні нагороди,110 / 110 10,Нагороди і почесні звання / Державні нагороди,0,0,114,114,https://zakon.rada.gov.ua/laws/main/jj531,https://zakon.rada.gov.ua/laws/main/jj531,[],Державні нагороди. Шлях: Нагороди і почесні звання / Державні нагороди. Код: 110 10.,,,2026-10-05 18:41:38,2026-10-05 18:41:38
4975,110 20,110,2,Вищі ступені відзнаки,Вищі ступені відзнаки,110 / 110 20,Нагороди і почесні звання / Вищі ступені відзнаки,0,0,390,390,https://zakon.rada.gov.ua/laws/main/jj532,https://zakon.rada.gov.ua/laws/main/jj532,[],Вищі ступені відзнаки. Шлях: Нагороди і почесні звання / Вищі ступені відзнаки. Код: 110 20.,,,2026-10-05 18:41:38,2026-10-05 18:41:38
4976,110 30,110,2,Ордени і медалі,Ордени і медалі,110 / 110 30,Нагороди і почесні звання / Ордени і медалі,1,6,4218,69,https://zakon.rada.gov.ua/laws/main/j533,https://zakon.rada.gov.ua/laws/main/jj533,[],Ордени і медалі. Шлях: Нагороди і почесні звання / Ордени і медалі. Код: 110 30.,,,2026-10-05 18:41:38,2026-10-05 18:41:38
4977,110 30 10,110 30,3,Ордени,Ордени,110 / 110 30 / 110 30 10,Нагороди і почесні звання / Ордени і медалі / Ордени,0,0,3923,3923,https://zakon.rada.gov.ua/laws/main/jj534,https://zakon.rada.gov.ua/laws/main/jj534,[],Ордени. Шлях: Нагороди і почесні звання / Ордени і медалі / Ордени. Код: 110 30 10.,,,2026-10-05 18:41:38,2026-10-05 18:41:38
4978,110 30 20,110 30,3,Медалі,Медалі,110 / 110 30 / 110 30 20,Нагороди і почесні звання / Ордени і медалі / Медалі,0,0,2039,2039,https://zakon.rada.gov.ua/laws/main/jj535,https://zakon.rada.gov.ua/laws/main/jj535,[],Медалі. Шлях: Нагороди і почесні звання / Ордени і медалі / Медалі. Код: 110 30 20.,,,2026-10-05 18:41:38,2026-10-05 18:41:38
4979,110 30 30,110 30,3,Порядок подання до нагородження,Порядок подання до нагородження,110 / 110 30 / 110 30 30,Нагороди і почесні звання / Ордени і медалі / Порядок подання до нагородження,0,0,10,10,https://zakon.rada.gov.ua/laws/main/jj536,https://zakon.rada.gov.ua/laws/main/jj536,[],Порядок подання до нагородження. Шлях: Нагороди і почесні звання / Ордени і медалі / Порядок подання до нагородження. Код: 110 30 30.,,,2026-10-05 18:41:38,2026-10-05 18:41:38
4980,110 30 40,110 30,3,Вручення орденів і медалей,Вручення орденів і медалей,110 / 110 30 / 110 30 40,Нагороди і почесні звання / Ордени і медалі / Вручення орденів і медалей,0,0,3,3,https://zakon.rada.gov.ua/laws/main/jj537,https://zakon.rada.gov.ua/laws/main/jj537,[],Вручення орденів і медалей. Шлях: Нагороди і почесні звання / Ордени і медалі / Вручення орденів і медалей. Код: 110 30 40.,,,2026-10-05 18:41:38,2026-10-05 18:41:38
4981,110 30 50,110 30,3,Позбавлення орденів і медалей,Позбавлення орденів і медалей,110 / 110 30 / 110 30 50,Нагороди і почесні звання / Ордени і медалі / Позбавлення орденів і медалей,0,0,14,14,https://zakon.rada.gov.ua/laws/main/jj538,https://zakon.rada.gov.ua/laws/main/jj538,[],Позбавлення орденів і медалей. Шлях: Нагороди і почесні звання / Ордени і медалі / Позбавлення орденів і медалей. Код: 110 30 50.,,,2026-10-05 18:41:38,2026-10-05 18:41:38
4982,110 30 60,110 30,3,"Видача дублікатів орденів, медалей і документів на них","Видача дублікатів орденів, медалей і документів на них",110 / 110 30 / 110 30 60,"Нагороди і почесні звання / Ордени і медалі / Видача дублікатів орденів, медалей і документів на них",0,0,0,0,,,[],"Видача дублікатів орденів, медалей і документів на них. Шлях: Нагороди і почесні звання / Ордени і медалі / Видача дублікатів орденів, медалей і документів на них. Код: 110 30 60.",,,2026-10-05 18:41:38,2026-10-05 18:41:38
4983,110 40,110,2,Державні премії,Державні премії,110 / 110 40,Нагороди і почесні звання / Державні премії,0,0,268,268,https://zakon.rada.gov.ua/laws/main/jj540,https://zakon.rada.gov.ua/laws/main/jj540,[],Державні премії. Шлях: Нагороди і почесні звання / Державні премії. Код: 110 40.,,,2026-10-05 18:41:38,2026-10-05 18:41:38
4984,110 50,110,2,Премії імені видатних вчених і громадських діячів,Премії імені видатних вчених і громадських діячів,110 / 110 50,Нагороди і почесні звання / Премії імені видатних вчених і громадських діячів,0,0,213,213,https://zakon.rada.gov.ua/laws/main/jj541,https://zakon.rada.gov.ua/laws/main/jj541,[],Премії імені видатних вчених і громадських діячів. Шлях: Нагороди і почесні звання / Премії імені видатних вчених і громадських діячів. Код: 110 50.,,,2026-10-05 18:41:38,2026-10-05 18:41:38
4985,110 60,110,2,Почесні звання,Почесні звання,110 / 110 60,Нагороди і почесні звання / Почесні звання,0,0,4214,4214,https://zakon.rada.gov.ua/laws/main/jj542,https://zakon.rada.gov.ua/laws/main/jj542,[],Почесні звання. Шлях: Нагороди і почесні звання / Почесні звання. Код: 110 60.,,,2026-10-05 18:41:38,2026-10-05 18:41:38
4986,110 70,110,2,"Почесні відзнаки, грамоти, прапори","Почесні відзнаки, грамоти, прапори",110 / 110 70,"Нагороди і почесні звання / Почесні відзнаки, грамоти, прапори",0,0,5814,5814,https://zakon.rada.gov.ua/laws/main/jj543,https://zakon.rada.gov.ua/laws/main/jj543,[],"Почесні відзнаки, грамоти, прапори. Шлях: Нагороди і почесні звання / Почесні відзнаки, грамоти, прапори. Код: 110 70.",,,2026-10-05 18:41:38,2026-10-05 18:41:38
4987,110 80,110,2,Іменні медалі за наукові досягнення,Іменні медалі за наукові досягнення,110 / 110 80,Нагороди і почесні звання / Іменні медалі за наукові досягнення,0,0,6,6,https://zakon.rada.gov.ua/laws/main/jj544,https://zakon.rada.gov.ua/laws/main/jj544,[],Іменні медалі за наукові досягнення. Шлях: Нагороди і почесні звання / Іменні медалі за наукові досягнення. Код: 110 80.,,,2026-10-05 18:41:38,2026-10-05 18:41:38
4988,110 90,110,2,"Нагрудні, пам'ятні знаки і значки","Нагрудні, пам'ятні знаки і значки",110 / 110 90,"Нагороди і почесні звання / Нагрудні, пам'ятні знаки і значки",0,0,284,284,https://zakon.rada.gov.ua/laws/main/jj545,https://zakon.rada.gov.ua/laws/main/jj545,[],"Нагрудні, пам'ятні знаки і значки. Шлях: Нагороди і почесні звання / Нагрудні, пам'ятні знаки і значки. Код: 110 90.",,,2026-10-05 18:41:38,2026-10-05 18:41:38
4989,110100,110,2,Пільги нагородженим,Пільги нагородженим,110 / 110100,Нагороди і почесні звання / Пільги нагородженим,0,0,0,0,,,[],Пільги нагородженим. Шлях: Нагороди і почесні звання / Пільги нагородженим. Код: 110100.,,,2026-10-05 18:41:38,2026-10-05 18:41:38
4990,120,,1,Законодавство про оборону,Законодавство про оборону,120,Законодавство про оборону,1,25,15006,978,https://zakon.rada.gov.ua/laws/main/j546,https://zakon.rada.gov.ua/laws/main/jj546,[],Законодавство про оборону. Шлях: Законодавство про оборону. Код: 120.,,,2026-10-05 18:41:38,2026-10-05 18:41:38
4991,120 10,120,2,Концепція оборони та будівництва Збройних Сил,Концепція оборони та будівництва Збройних Сил,120 / 120 10,Законодавство про оборону / Концепція оборони та будівництва Збройних Сил,0,0,65,65,https://zakon.rada.gov.ua/laws/main/jj547,https://zakon.rada.gov.ua/laws/main/jj547,[],Концепція оборони та будівництва Збройних Сил. Шлях: Законодавство про оборону / Концепція оборони та будівництва Збройних Сил. Код: 120 10.,,,2026-10-05 18:41:38,2026-10-05 18:41:38
4992,120 20,120,2,Рада оборони,Рада оборони,120 / 120 20,Законодавство про оборону / Рада оборони,0,0,456,456,https://zakon.rada.gov.ua/laws/main/jj548,https://zakon.rada.gov.ua/laws/main/jj548,[],Рада оборони. Шлях: Законодавство про оборону / Рада оборони. Код: 120 20.,,,2026-10-05 18:41:38,2026-10-05 18:41:38
4993,120 30,120,2,Збройні сили. Військово-Морський флот,Збройні сили. Військово-Морський флот,120 / 120 30,Законодавство про оборону / Збройні сили. Військово-Морський флот,0,0,2156,2156,https://zakon.rada.gov.ua/laws/main/jj549,https://zakon.rada.gov.ua/laws/main/jj549,[],Збройні сили. Військово-Морський флот. Шлях: Законодавство про оборону / Збройні сили. Військово-Морський флот. Код: 120 30.,,,2026-10-05 18:41:38,2026-10-05 18:41:38
4994,120 40,120,2,"Стан військ, воєнний стан, мобілізація","Стан військ, воєнний стан, мобілізація",120 / 120 40,"Законодавство про оборону / Стан військ, воєнний стан, мобілізація",1,1,1980,1693,https://zakon.rada.gov.ua/laws/main/j550,https://zakon.rada.gov.ua/laws/main/jj550,[],"Стан військ, воєнний стан, мобілізація. Шлях: Законодавство про оборону / Стан військ, воєнний стан, мобілізація. Код: 120 40.",,,2026-10-05 18:41:38,2026-10-05 18:41:38
4995,120 40 10,120 40,3,Військова агресія РФ,Військова агресія РФ,120 / 120 40 / 120 40 10,"Законодавство про оборону / Стан військ, воєнний стан, мобілізація / Військова агресія РФ",0,0,295,295,https://zakon.rada.gov.ua/laws/main/jj1116,https://zakon.rada.gov.ua/laws/main/jj1116,[],"Військова агресія РФ. Шлях: Законодавство про оборону / Стан військ, воєнний стан, мобілізація / Військова агресія РФ. Код: 120 40 10.",,,2026-10-05 18:41:38,2026-10-05 18:41:38
4996,120 50,120,2,Загальний військовий обов'язок і військова служба. Військовий облік,Загальний військовий обов'язок і військова служба. Військовий облік,120 / 120 50,Законодавство про оборону / Загальний військовий обов'язок і військова служба. Військовий облік,0,0,453,453,https://zakon.rada.gov.ua/laws/main/jj551,https://zakon.rada.gov.ua/laws/main/jj551,[],Загальний військовий обов'язок і військова служба. Військовий облік. Шлях: Законодавство про оборону / Загальний військовий обов'язок і військова служба. Військовий облік. Код: 120 50.,,,2026-10-05 18:41:38,2026-10-05 18:41:38
4997,120 60,120,2,Призов і прийняття (вступ) на військову службу,Призов і прийняття (вступ) на військову службу,120 / 120 60,Законодавство про оборону / Призов і прийняття (вступ) на військову службу,1,6,462,141,https://zakon.rada.gov.ua/laws/main/j552,https://zakon.rada.gov.ua/laws/main/jj552,[],Призов і прийняття (вступ) на військову службу. Шлях: Законодавство про оборону / Призов і прийняття (вступ) на військову службу. Код: 120 60.,,,2026-10-05 18:41:38,2026-10-05 18:41:38
4998,120 60 10,120 60,3,Призовний вік. Призов громадян на строкову військову службу,Призовний вік. Призов громадян на строкову військову службу,120 / 120 60 / 120 60 10,Законодавство про оборону / Призов і прийняття (вступ) на військову службу / Призовний вік. Призов громадян на строкову військову службу,0,0,131,131,https://zakon.rada.gov.ua/laws/main/jj553,https://zakon.rada.gov.ua/laws/main/jj553,[],Призовний вік. Призов громадян на строкову військову службу. Шлях: Законодавство про оборону / Призов і прийняття (вступ) на військову службу / Призовний вік. Призов громадян на строкову військову службу. Код: 120 60 10.,,,2026-10-05 18:41:38,2026-10-05 18:41:38
4999,120 60 20,120 60,3,Відстрочка від призову,Відстрочка від призову,120 / 120 60 / 120 60 20,Законодавство про оборону / Призов і прийняття (вступ) на військову службу / Відстрочка від призову,0,0,2,2,https://zakon.rada.gov.ua/laws/main/jj554,https://zakon.rada.gov.ua/laws/main/jj554,[],Відстрочка від призову. Шлях: Законодавство про оборону / Призов і прийняття (вступ) на військову службу / Відстрочка від призову. Код: 120 60 20.,,,2026-10-05 18:41:38,2026-10-05 18:41:38
5000,120 60 30,120 60,3,Звільнення від призову на строкову військову службу,Звільнення від призову на строкову військову службу,120 / 120 60 / 120 60 30,Законодавство про оборону / Призов і прийняття (вступ) на військову службу / Звільнення від призову на строкову військову службу,0,0,8,8,https://zakon.rada.gov.ua/laws/main/jj555,https://zakon.rada.gov.ua/laws/main/jj555,[],Звільнення від призову на строкову військову службу. Шлях: Законодавство про оборону / Призов і прийняття (вступ) на військову службу / Звільнення від призову на строкову військову службу. Код: 120 60 30.,,,2026-10-05 18:41:38,2026-10-05 18:41:38
5001,120 60 40,120 60,3,Призов на військову службу офіцерів запасу,Призов на військову службу офіцерів запасу,120 / 120 60 / 120 60 40,Законодавство про оборону / Призов і прийняття (вступ) на військову службу / Призов на військову службу офіцерів запасу,0,0,0,0,,,[],Призов на військову службу офіцерів запасу. Шлях: Законодавство про оборону / Призов і прийняття (вступ) на військову службу / Призов на військову службу офіцерів запасу. Код: 120 60 40.,,,2026-10-05 18:41:38,2026-10-05 18:41:38
5002,120 60 50,120 60,3,Прийняття на військову службу за контрактом,Прийняття на військову службу за контрактом,120 / 120 60 / 120 60 50,Законодавство про оборону / Призов і прийняття (вступ) на військову службу / Прийняття на військову службу за контрактом,0,0,170,170,https://zakon.rada.gov.ua/laws/main/jj557,https://zakon.rada.gov.ua/laws/main/jj557,[],Прийняття на військову службу за контрактом. Шлях: Законодавство про оборону / Призов і прийняття (вступ) на військову службу / Прийняття на військову службу за контрактом. Код: 120 60 50.,,,2026-10-05 18:41:38,2026-10-05 18:41:38
5003,120 60 60,120 60,3,Альтернативна (невійськова) служба,Альтернативна (невійськова) служба,120 / 120 60 / 120 60 60,Законодавство про оборону / Призов і прийняття (вступ) на військову службу / Альтернативна (невійськова) служба,0,0,27,27,https://zakon.rada.gov.ua/laws/main/jj558,https://zakon.rada.gov.ua/laws/main/jj558,[],Альтернативна (невійськова) служба. Шлях: Законодавство про оборону / Призов і прийняття (вступ) на військову службу / Альтернативна (невійськова) служба. Код: 120 60 60.,,,2026-10-05 18:41:38,2026-10-05 18:41:38
5004,120 70,120,2,Військова присяга,Військова присяга,120 / 120 70,Законодавство про оборону / Військова присяга,0,0,7,7,https://zakon.rada.gov.ua/laws/main/jj559,https://zakon.rada.gov.ua/laws/main/jj559,[],Військова присяга. Шлях: Законодавство про оборону / Військова присяга. Код: 120 70.,,,2026-10-05 18:41:38,2026-10-05 18:41:38
5005,120 80,120,2,Проходження військової служби,Проходження військової служби,120 / 120 80,Законодавство про оборону / Проходження військової служби,1,3,523,331,https://zakon.rada.gov.ua/laws/main/j560,https://zakon.rada.gov.ua/laws/main/jj560,[],Проходження військової служби. Шлях: Законодавство про оборону / Проходження військової служби. Код: 120 80.,,,2026-10-05 18:41:38,2026-10-05 18:41:38
5006,120 80 10,120 80,3,"Порядок проходження військової служби, граничний вік перебування на військовій службі","Порядок проходження військової служби, граничний вік перебування на військовій службі",120 / 120 80 / 120 80 10,"Законодавство про оборону / Проходження військової служби / Порядок проходження військової служби, граничний вік перебування на військовій службі",0,0,22,22,https://zakon.rada.gov.ua/laws/main/jj561,https://zakon.rada.gov.ua/laws/main/jj561,[],"Порядок проходження військової служби, граничний вік перебування на військовій службі. Шлях: Законодавство про оборону / Проходження військової служби / Порядок проходження військової служби, граничний вік перебування на військовій службі. Код: 120 80 10.",,,2026-10-05 18:41:38,2026-10-05 18:41:38
5007,120 80 20,120 80,3,Строки військової служби,Строки військової служби,120 / 120 80 / 120 80 20,Законодавство про оборону / Проходження військової служби / Строки військової служби,0,0,5,5,https://zakon.rada.gov.ua/laws/main/jj562,https://zakon.rada.gov.ua/laws/main/jj562,[],Строки військової служби. Шлях: Законодавство про оборону / Проходження військової служби / Строки військової служби. Код: 120 80 20.,,,2026-10-05 18:41:38,2026-10-05 18:41:38
5008,120 80 30,120 80,3,Звільнення з військової служби,Звільнення з військової служби,120 / 120 80 / 120 80 30,Законодавство про оборону / Проходження військової служби / Звільнення з військової служби,0,0,173,173,https://zakon.rada.gov.ua/laws/main/jj563,https://zakon.rada.gov.ua/laws/main/jj563,[],Звільнення з військової служби. Шлях: Законодавство про оборону / Проходження військової служби / Звільнення з військової служби. Код: 120 80 30.,,,2026-10-05 18:41:38,2026-10-05 18:41:38
5009,120 90,120,2,Військові звання. Знаки розрізнення. Форма одягу,Військові звання. Знаки розрізнення. Форма одягу,120 / 120 90,Законодавство про оборону / Військові звання. Знаки розрізнення. Форма одягу,0,0,1407,1407,https://zakon.rada.gov.ua/laws/main/jj564,https://zakon.rada.gov.ua/laws/main/jj564,[],Військові звання. Знаки розрізнення. Форма одягу. Шлях: Законодавство про оборону / Військові звання. Знаки розрізнення. Форма одягу. Код: 120 90.,,,2026-10-05 18:41:38,2026-10-05 18:41:38
5010,120100,120,2,Служба в запасі,Служба в запасі,120 / 120100,Законодавство про оборону / Служба в запасі,1,3,145,124,https://zakon.rada.gov.ua/laws/main/j565,https://zakon.rada.gov.ua/laws/main/jj565,[],Служба в запасі. Шлях: Законодавство про оборону / Служба в запасі. Код: 120100.,,,2026-10-05 18:41:38,2026-10-05 18:41:38
5011,120100 10,120100,3,Зарахування в запас. Категорії запасу,Зарахування в запас. Категорії запасу,120 / 120100 / 120100 10,Законодавство про оборону / Служба в запасі / Зарахування в запас. Категорії запасу,0,0,18,18,https://zakon.rada.gov.ua/laws/main/jj566,https://zakon.rada.gov.ua/laws/main/jj566,[],Зарахування в запас. Категорії запасу. Шлях: Законодавство про оборону / Служба в запасі / Зарахування в запас. Категорії запасу. Код: 120100 10.,,,2026-10-05 18:41:38,2026-10-05 18:41:38
5012,120100 20,120100,3,Граничний вік перебування в запасі. Розряди запасу,Граничний вік перебування в запасі. Розряди запасу,120 / 120100 / 120100 20,Законодавство про оборону / Служба в запасі / Граничний вік перебування в запасі. Розряди запасу,0,0,1,1,https://zakon.rada.gov.ua/laws/main/jj567,https://zakon.rada.gov.ua/laws/main/jj567,[],Граничний вік перебування в запасі. Розряди запасу. Шлях: Законодавство про оборону / Служба в запасі / Граничний вік перебування в запасі. Розряди запасу. Код: 120100 20.,,,2026-10-05 18:41:38,2026-10-05 18:41:38
5013,120100 30,120100,3,Проходження зборів,Проходження зборів,120 / 120100 / 120100 30,Законодавство про оборону / Служба в запасі / Проходження зборів,0,0,3,3,https://zakon.rada.gov.ua/laws/main/jj568,https://zakon.rada.gov.ua/laws/main/jj568,[],Проходження зборів. Шлях: Законодавство про оборону / Служба в запасі / Проходження зборів. Код: 120100 30.,,,2026-10-05 18:41:38,2026-10-05 18:41:38
5014,120110,120,2,Охорона державного кордону. Прикордонні війська. Контрольно-пропускні пункти,Охорона державного кордону. Прикордонні війська. Контрольно-пропускні пункти,120 / 120110,Законодавство про оборону / Охорона державного кордону. Прикордонні війська. Контрольно-пропускні пункти,0,0,1932,1932,https://zakon.rada.gov.ua/laws/main/jj569,https://zakon.rada.gov.ua/laws/main/jj569,[],Охорона державного кордону. Прикордонні війська. Контрольно-пропускні пункти. Шлях: Законодавство про оборону / Охорона державного кордону. Прикордонні війська. Контрольно-пропускні пункти. Код: 120110.,,,2026-10-05 18:41:38,2026-10-05 18:41:38
5015,120130,120,2,Прапори військових частин і з'єднань,Прапори військових частин і з'єднань,120 / 120130,Законодавство про оборону / Прапори військових частин і з'єднань,0,0,10,10,https://zakon.rada.gov.ua/laws/main/jj571,https://zakon.rada.gov.ua/laws/main/jj571,[],Прапори військових частин і з'єднань. Шлях: Законодавство про оборону / Прапори військових частин і з'єднань. Код: 120130.,,,2026-10-05 18:41:38,2026-10-05 18:41:38
5016,120140,120,2,Соціальний і правовий захист військовослужбовців. Пільги для військовослужбовців і членів їх сімей,Соціальний і правовий захист військовослужбовців. Пільги для військовослужбовців і членів їх сімей,120 / 120140,Законодавство про оборону / Соціальний і правовий захист військовослужбовців. Пільги для військовослужбовців і членів їх сімей,1,6,2203,1153,https://zakon.rada.gov.ua/laws/main/j572,https://zakon.rada.gov.ua/laws/main/jj572,[],Соціальний і правовий захист військовослужбовців. Пільги для військовослужбовців і членів їх сімей. Шлях: Законодавство про оборону / Соціальний і правовий захист військовослужбовців. Пільги для військовослужбовців і членів їх сімей. Код: 120140.,,,2026-10-05 18:41:38,2026-10-05 18:41:38
5017,120140 10,120140,3,Пільги по оподаткуванню,Пільги по оподаткуванню,120 / 120140 / 120140 10,Законодавство про оборону / Соціальний і правовий захист військовослужбовців. Пільги для військовослужбовців і членів їх сімей / Пільги по оподаткуванню,0,0,2,2,https://zakon.rada.gov.ua/laws/main/jj573,https://zakon.rada.gov.ua/laws/main/jj573,[],Пільги по оподаткуванню. Шлях: Законодавство про оборону / Соціальний і правовий захист військовослужбовців. Пільги для військовослужбовців і членів їх сімей / Пільги по оподаткуванню. Код: 120140 10.,,,2026-10-05 18:41:38,2026-10-05 18:41:38
5018,120140 20,120140,3,Житлово-побутові пільги,Житлово-побутові пільги,120 / 120140 / 120140 20,Законодавство про оборону / Соціальний і правовий захист військовослужбовців. Пільги для військовослужбовців і членів їх сімей / Житлово-побутові пільги,0,0,286,286,https://zakon.rada.gov.ua/laws/main/jj574,https://zakon.rada.gov.ua/laws/main/jj574,[],Житлово-побутові пільги. Шлях: Законодавство про оборону / Соціальний і правовий захист військовослужбовців. Пільги для військовослужбовців і членів їх сімей / Житлово-побутові пільги. Код: 120140 20.,,,2026-10-05 18:41:38,2026-10-05 18:41:38
5019,120140 30,120140,3,Пільги по працевлаштуванню,Пільги по працевлаштуванню,120 / 120140 / 120140 30,Законодавство про оборону / Соціальний і правовий захист військовослужбовців. Пільги для військовослужбовців і членів їх сімей / Пільги по працевлаштуванню,0,0,1,1,https://zakon.rada.gov.ua/laws/main/jj575,https://zakon.rada.gov.ua/laws/main/jj575,[],Пільги по працевлаштуванню. Шлях: Законодавство про оборону / Соціальний і правовий захист військовослужбовців. Пільги для військовослужбовців і членів їх сімей / Пільги по працевлаштуванню. Код: 120140 30.,,,2026-10-05 18:41:38,2026-10-05 18:41:38
5020,120140 40,120140,3,"Пільги щодо проїзду, перевезення багажу, поштових відправлень","Пільги щодо проїзду, перевезення багажу, поштових відправлень",120 / 120140 / 120140 40,"Законодавство про оборону / Соціальний і правовий захист військовослужбовців. Пільги для військовослужбовців і членів їх сімей / Пільги щодо проїзду, перевезення багажу, поштових відправлень",0,0,6,6,https://zakon.rada.gov.ua/laws/main/jj576,https://zakon.rada.gov.ua/laws/main/jj576,[],"Пільги щодо проїзду, перевезення багажу, поштових відправлень. Шлях: Законодавство про оборону / Соціальний і правовий захист військовослужбовців. Пільги для військовослужбовців і членів їх сімей / Пільги щодо проїзду, перевезення багажу, поштових відправлень. Код: 120140 40.",,,2026-10-05 18:41:38,2026-10-05 18:41:38
5021,120140 50,120140,3,Інші пільги,Інші пільги,120 / 120140 / 120140 50,Законодавство про оборону / Соціальний і правовий захист військовослужбовців. Пільги для військовослужбовців і членів їх сімей / Інші пільги,0,0,16,16,https://zakon.rada.gov.ua/laws/main/jj577,https://zakon.rada.gov.ua/laws/main/jj577,[],Інші пільги. Шлях: Законодавство про оборону / Соціальний і правовий захист військовослужбовців. Пільги для військовослужбовців і членів їх сімей / Інші пільги. Код: 120140 50.,,,2026-10-05 18:41:38,2026-10-05 18:41:38
5022,120140 60,120140,3,Грошове забезпечення,Грошове забезпечення,120 / 120140 / 120140 60,Законодавство про оборону / Соціальний і правовий захист військовослужбовців. Пільги для військовослужбовців і членів їх сімей / Грошове забезпечення,0,0,837,837,https://zakon.rada.gov.ua/laws/main/jj578,https://zakon.rada.gov.ua/laws/main/jj578,[],Грошове забезпечення. Шлях: Законодавство про оборону / Соціальний і правовий захист військовослужбовців. Пільги для військовослужбовців і членів їх сімей / Грошове забезпечення. Код: 120140 60.,,,2026-10-05 18:41:38,2026-10-05 18:41:38
5023,120150,120,2,"Військово-учбові заклади: академії, військові училища, курси та інші. Стипендії слухачів","Військово-учбові заклади: академії, військові училища, курси та інші. Стипендії слухачів",120 / 120150,"Законодавство про оборону / Військово-учбові заклади: академії, військові училища, курси та інші. Стипендії слухачів",0,0,521,521,https://zakon.rada.gov.ua/laws/main/jj579,https://zakon.rada.gov.ua/laws/main/jj579,[],"Військово-учбові заклади: академії, військові училища, курси та інші. Стипендії слухачів. Шлях: Законодавство про оборону / Військово-учбові заклади: академії, військові училища, курси та інші. Стипендії слухачів. Код: 120150.",,,2026-10-05 18:41:38,2026-10-05 18:41:38
5024,120160,120,2,Військове майно,Військове майно,120 / 120160,Законодавство про оборону / Військове майно,1,3,1704,953,https://zakon.rada.gov.ua/laws/main/j580,https://zakon.rada.gov.ua/laws/main/jj580,[],Військове майно. Шлях: Законодавство про оборону / Військове майно. Код: 120160.,,,2026-10-05 18:41:38,2026-10-05 18:41:38
5025,120160 10,120160,3,Зброя. Бойові припаси,Зброя. Бойові припаси,120 / 120160 / 120160 10,Законодавство про оборону / Військове майно / Зброя. Бойові припаси,0,0,562,562,https://zakon.rada.gov.ua/laws/main/jj581,https://zakon.rada.gov.ua/laws/main/jj581,[],Зброя. Бойові припаси. Шлях: Законодавство про оборону / Військове майно / Зброя. Бойові припаси. Код: 120160 10.,,,2026-10-05 18:41:38,2026-10-05 18:41:38
5026,120160 20,120160,3,Ядерна зброя,Ядерна зброя,120 / 120160 / 120160 20,Законодавство про оборону / Військове майно / Ядерна зброя,0,0,173,173,https://zakon.rada.gov.ua/laws/main/jj582,https://zakon.rada.gov.ua/laws/main/jj582,[],Ядерна зброя. Шлях: Законодавство про оборону / Військове майно / Ядерна зброя. Код: 120160 20.,,,2026-10-05 18:41:38,2026-10-05 18:41:38
5027,120160 30,120160,3,Збереження військової техніки та озброєння,Збереження військової техніки та озброєння,120 / 120160 / 120160 30,Законодавство про оборону / Військове майно / Збереження військової техніки та озброєння,0,0,71,71,https://zakon.rada.gov.ua/laws/main/jj583,https://zakon.rada.gov.ua/laws/main/jj583,[],Збереження військової техніки та озброєння. Шлях: Законодавство про оборону / Військове майно / Збереження військової техніки та озброєння. Код: 120160 30.,,,2026-10-05 18:41:38,2026-10-05 18:41:38
5028,120170,120,2,Підприємства і організації торгівлі громадського харчування та сфери послуг у Збройних Силах,Підприємства і організації торгівлі громадського харчування та сфери послуг у Збройних Силах,120 / 120170,Законодавство про оборону / Підприємства і організації торгівлі громадського харчування та сфери послуг у Збройних Силах,0,0,30,30,https://zakon.rada.gov.ua/laws/main/jj584,https://zakon.rada.gov.ua/laws/main/jj584,[],Підприємства і організації торгівлі громадського харчування та сфери послуг у Збройних Силах. Шлях: Законодавство про оборону / Підприємства і організації торгівлі громадського харчування та сфери послуг у Збройних Силах. Код: 120170.,,,2026-10-05 18:41:38,2026-10-05 18:41:38
5029,120180,120,2,Роззброєння. Скорочення військ,Роззброєння. Скорочення військ,120 / 120180,Законодавство про оборону / Роззброєння. Скорочення військ,0,0,94,94,https://zakon.rada.gov.ua/laws/main/jj585,https://zakon.rada.gov.ua/laws/main/jj585,[],Роззброєння. Скорочення військ. Шлях: Законодавство про оборону / Роззброєння. Скорочення військ. Код: 120180.,,,2026-10-05 18:41:38,2026-10-05 18:41:38
5030,120190,120,2,Миротворчі сили,Миротворчі сили,120 / 120190,Законодавство про оборону / Миротворчі сили,0,0,294,294,https://zakon.rada.gov.ua/laws/main/jj586,https://zakon.rada.gov.ua/laws/main/jj586,[],Миротворчі сили. Шлях: Законодавство про оборону / Миротворчі сили. Код: 120190.,,,2026-10-05 18:41:38,2026-10-05 18:41:38
5031,120200,120,2,Цивільна оборона. Оборонні громадські організації,Цивільна оборона. Оборонні громадські організації,120 / 120200,Законодавство про оборону / Цивільна оборона. Оборонні громадські організації,0,0,726,726,https://zakon.rada.gov.ua/laws/main/jj587,https://zakon.rada.gov.ua/laws/main/jj587,[],Цивільна оборона. Оборонні громадські організації. Шлях: Законодавство про оборону / Цивільна оборона. Оборонні громадські організації. Код: 120200.,,,2026-10-05 18:41:38,2026-10-05 18:41:38
5032,120210,120,2,Військова автомобільна інспекція,Військова автомобільна інспекція,120 / 120210,Законодавство про оборону / Військова автомобільна інспекція,0,0,1,1,https://zakon.rada.gov.ua/laws/main/jj588,https://zakon.rada.gov.ua/laws/main/jj588,[],Військова автомобільна інспекція. Шлях: Законодавство про оборону / Військова автомобільна інспекція. Код: 120210.,,,2026-10-05 18:41:38,2026-10-05 18:41:38
5033,120220,120,2,Військовополонені. Інтерновані,Військовополонені. Інтерновані,120 / 120220,Законодавство про оборону / Військовополонені. Інтерновані,0,0,51,51,https://zakon.rada.gov.ua/laws/main/jj589,https://zakon.rada.gov.ua/laws/main/jj589,[],Військовополонені. Інтерновані. Шлях: Законодавство про оборону / Військовополонені. Інтерновані. Код: 120220.,,,2026-10-05 18:41:38,2026-10-05 18:41:38
5034,120230,120,2,Партизанський рух. Партизани. Всенародне ополчення,Партизанський рух. Партизани. Всенародне ополчення,120 / 120230,Законодавство про оборону / Партизанський рух. Партизани. Всенародне ополчення,0,0,8,8,https://zakon.rada.gov.ua/laws/main/jj590,https://zakon.rada.gov.ua/laws/main/jj590,[],Партизанський рух. Партизани. Всенародне ополчення. Шлях: Законодавство про оборону / Партизанський рух. Партизани. Всенародне ополчення. Код: 120230.,,,2026-10-05 18:41:38,2026-10-05 18:41:38
5035,120240,120,2,ОУН - УПА,ОУН - УПА,120 / 120240,Законодавство про оборону / ОУН - УПА,0,0,12,12,https://zakon.rada.gov.ua/laws/main/jj591,https://zakon.rada.gov.ua/laws/main/jj591,[],ОУН - УПА. Шлях: Законодавство про оборону / ОУН - УПА. Код: 120240.,,,2026-10-05 18:41:38,2026-10-05 18:41:38
5036,120250,120,2,Питання міжнародного військового співробітництва,Питання міжнародного військового співробітництва,120 / 120250,Законодавство про оборону / Питання міжнародного військового співробітництва,0,0,1489,1489,https://zakon.rada.gov.ua/laws/main/jj592,https://zakon.rada.gov.ua/laws/main/jj592,[],Питання міжнародного військового співробітництва. Шлях: Законодавство про оборону / Питання міжнародного військового співробітництва. Код: 120250.,,,2026-10-05 18:41:38,2026-10-05 18:41:38
5037,120260,120,2,Відповідальність військовослужбовців,Відповідальність військовослужбовців,120 / 120260,Законодавство про оборону / Відповідальність військовослужбовців,0,0,36,36,https://zakon.rada.gov.ua/laws/main/jj593,https://zakon.rada.gov.ua/laws/main/jj593,[],Відповідальність військовослужбовців. Шлях: Законодавство про оборону / Відповідальність військовослужбовців. Код: 120260.,,,2026-10-05 18:41:38,2026-10-05 18:41:38
5038,130,,1,Законодавство про національну безпеку та правопорядок,Законодавство про національну безпеку та правопорядок,130,Законодавство про національну безпеку та правопорядок,1,14,14217,1030,https://zakon.rada.gov.ua/laws/main/j594,https://zakon.rada.gov.ua/laws/main/jj594,[],Законодавство про національну безпеку та правопорядок. Шлях: Законодавство про національну безпеку та правопорядок. Код: 130.,,,2026-10-05 18:41:38,2026-10-05 18:41:38
5039,130 10,130,2,Державна таємниця,Державна таємниця,130 / 130 10,Законодавство про національну безпеку та правопорядок / Державна таємниця,0,0,717,717,https://zakon.rada.gov.ua/laws/main/jj595,https://zakon.rada.gov.ua/laws/main/jj595,[],Державна таємниця. Шлях: Законодавство про національну безпеку та правопорядок / Державна таємниця. Код: 130 10.,,,2026-10-05 18:41:38,2026-10-05 18:41:38
5040,130 20,130,2,"Розвідка, контррозвідка","Розвідка, контррозвідка",130 / 130 20,"Законодавство про національну безпеку та правопорядок / Розвідка, контррозвідка",0,0,319,319,https://zakon.rada.gov.ua/laws/main/jj596,https://zakon.rada.gov.ua/laws/main/jj596,[],"Розвідка, контррозвідка. Шлях: Законодавство про національну безпеку та правопорядок / Розвідка, контррозвідка. Код: 130 20.",,,2026-10-05 18:41:38,2026-10-05 18:41:38
5041,130 30,130,2,Служба безпеки,Служба безпеки,130 / 130 30,Законодавство про національну безпеку та правопорядок / Служба безпеки,1,6,2005,1906,https://zakon.rada.gov.ua/laws/main/j597,https://zakon.rada.gov.ua/laws/main/jj597,[],Служба безпеки. Шлях: Законодавство про національну безпеку та правопорядок / Служба безпеки. Код: 130 30.,,,2026-10-05 18:41:38,2026-10-05 18:41:38
5042,130 30 10,130 30,3,Система та організація діяльності,Система та організація діяльності,130 / 130 30 / 130 30 10,Законодавство про національну безпеку та правопорядок / Служба безпеки / Система та організація діяльності,0,0,7,7,https://zakon.rada.gov.ua/laws/main/jj598,https://zakon.rada.gov.ua/laws/main/jj598,[],Система та організація діяльності. Шлях: Законодавство про національну безпеку та правопорядок / Служба безпеки / Система та організація діяльності. Код: 130 30 10.,,,2026-10-05 18:41:38,2026-10-05 18:41:38
5043,130 30 20,130 30,3,Кадри служби безпеки,Кадри служби безпеки,130 / 130 30 / 130 30 20,Законодавство про національну безпеку та правопорядок / Служба безпеки / Кадри служби безпеки,0,0,46,46,https://zakon.rada.gov.ua/laws/main/jj599,https://zakon.rada.gov.ua/laws/main/jj599,[],Кадри служби безпеки. Шлях: Законодавство про національну безпеку та правопорядок / Служба безпеки / Кадри служби безпеки. Код: 130 30 20.,,,2026-10-05 18:41:38,2026-10-05 18:41:38
5044,130 30 30,130 30,3,Повноваження,Повноваження,130 / 130 30 / 130 30 30,Законодавство про національну безпеку та правопорядок / Служба безпеки / Повноваження,0,0,0,0,,,[],Повноваження. Шлях: Законодавство про національну безпеку та правопорядок / Служба безпеки / Повноваження. Код: 130 30 30.,,,2026-10-05 18:41:38,2026-10-05 18:41:38
5045,130 30 40,130 30,3,Соціальний і правовий захист військовослужбовців і працівників служби безпеки,Соціальний і правовий захист військовослужбовців і працівників служби безпеки,130 / 130 30 / 130 30 40,Законодавство про національну безпеку та правопорядок / Служба безпеки / Соціальний і правовий захист військовослужбовців і працівників служби безпеки,0,0,102,102,https://zakon.rada.gov.ua/laws/main/jj601,https://zakon.rada.gov.ua/laws/main/jj601,[],Соціальний і правовий захист військовослужбовців і працівників служби безпеки. Шлях: Законодавство про національну безпеку та правопорядок / Служба безпеки / Соціальний і правовий захист військовослужбовців і працівників служби безпеки. Код: 130 30 40.,,,2026-10-05 18:41:38,2026-10-05 18:41:38
5046,130 30 50,130 30,3,Контроль і нагляд за діяльністю служби безпеки,Контроль і нагляд за діяльністю служби безпеки,130 / 130 30 / 130 30 50,Законодавство про національну безпеку та правопорядок / Служба безпеки / Контроль і нагляд за діяльністю служби безпеки,0,0,0,0,,,[],Контроль і нагляд за діяльністю служби безпеки. Шлях: Законодавство про національну безпеку та правопорядок / Служба безпеки / Контроль і нагляд за діяльністю служби безпеки. Код: 130 30 50.,,,2026-10-05 18:41:38,2026-10-05 18:41:38
5047,130 30 60,130 30,3,Відповідальність за правопорушення у сфері діяльності служби безпеки,Відповідальність за правопорушення у сфері діяльності служби безпеки,130 / 130 30 / 130 30 60,Законодавство про національну безпеку та правопорядок / Служба безпеки / Відповідальність за правопорушення у сфері діяльності служби безпеки,0,0,0,0,,,[],Відповідальність за правопорушення у сфері діяльності служби безпеки. Шлях: Законодавство про національну безпеку та правопорядок / Служба безпеки / Відповідальність за правопорушення у сфері діяльності служби безпеки. Код: 130 30 60.,,,2026-10-05 18:41:38,2026-10-05 18:41:38
5048,130 40,130,2,Охорона вищих органів державної влади і управління та посадових осіб. Управління державної охорони,Охорона вищих органів державної влади і управління та посадових осіб. Управління державної охорони,130 / 130 40,Законодавство про національну безпеку та правопорядок / Охорона вищих органів державної влади і управління та посадових осіб. Управління державної охорони,0,0,491,491,https://zakon.rada.gov.ua/laws/main/jj604,https://zakon.rada.gov.ua/laws/main/jj604,[],Охорона вищих органів державної влади і управління та посадових осіб. Управління державної охорони. Шлях: Законодавство про національну безпеку та правопорядок / Охорона вищих органів державної влади і управління та посадових осіб. Управління державної охорони. Код: 130 40.,,,2026-10-05 18:41:38,2026-10-05 18:41:38
5049,130 50,130,2,Надзвичайні заходи,Надзвичайні заходи,130 / 130 50,Законодавство про національну безпеку та правопорядок / Надзвичайні заходи,1,4,2808,1108,https://zakon.rada.gov.ua/laws/main/j605,https://zakon.rada.gov.ua/laws/main/jj605,[],Надзвичайні заходи. Шлях: Законодавство про національну безпеку та правопорядок / Надзвичайні заходи. Код: 130 50.,,,2026-10-05 18:41:38,2026-10-05 18:41:38
5050,130 50 10,130 50,3,Надзвичайний стан,Надзвичайний стан,130 / 130 50 / 130 50 10,Законодавство про національну безпеку та правопорядок / Надзвичайні заходи / Надзвичайний стан,0,0,54,54,https://zakon.rada.gov.ua/laws/main/jj606,https://zakon.rada.gov.ua/laws/main/jj606,[],Надзвичайний стан. Шлях: Законодавство про національну безпеку та правопорядок / Надзвичайні заходи / Надзвичайний стан. Код: 130 50 10.,,,2026-10-05 18:41:38,2026-10-05 18:41:38
5051,130 50 20,130 50,3,Конфлікти,Конфлікти,130 / 130 50 / 130 50 20,Законодавство про національну безпеку та правопорядок / Надзвичайні заходи / Конфлікти,0,0,92,92,https://zakon.rada.gov.ua/laws/main/jj607,https://zakon.rada.gov.ua/laws/main/jj607,[],Конфлікти. Шлях: Законодавство про національну безпеку та правопорядок / Надзвичайні заходи / Конфлікти. Код: 130 50 20.,,,2026-10-05 18:41:38,2026-10-05 18:41:38
5052,130 50 30,130 50,3,Надзвичайні ситуації природного та техногенного характеру (крім пожеж),Надзвичайні ситуації природного та техногенного характеру (крім пожеж),130 / 130 50 / 130 50 30,Законодавство про національну безпеку та правопорядок / Надзвичайні заходи / Надзвичайні ситуації природного та техногенного характеру (крім пожеж),0,0,1149,1149,https://zakon.rada.gov.ua/laws/main/jj608,https://zakon.rada.gov.ua/laws/main/jj608,[],Надзвичайні ситуації природного та техногенного характеру (крім пожеж). Шлях: Законодавство про національну безпеку та правопорядок / Надзвичайні заходи / Надзвичайні ситуації природного та техногенного характеру (крім пожеж). Код: 130 50 30.,,,2026-10-05 18:41:38,2026-10-05 18:41:38
5053,130 50 40,130 50,3,Пожежна безпека. Протипожежні заходи,Пожежна безпека. Протипожежні заходи,130 / 130 50 / 130 50 40,Законодавство про національну безпеку та правопорядок / Надзвичайні заходи / Пожежна безпека. Протипожежні заходи,0,0,526,526,https://zakon.rada.gov.ua/laws/main/jj609,https://zakon.rada.gov.ua/laws/main/jj609,[],Пожежна безпека. Протипожежні заходи. Шлях: Законодавство про національну безпеку та правопорядок / Надзвичайні заходи / Пожежна безпека. Протипожежні заходи. Код: 130 50 40.,,,2026-10-05 18:41:38,2026-10-05 18:41:38
5054,130 60,130,2,Органи внутрішніх справ,Органи внутрішніх справ,130 / 130 60,Законодавство про національну безпеку та правопорядок / Органи внутрішніх справ,1,11,2848,1326,https://zakon.rada.gov.ua/laws/main/j610,https://zakon.rada.gov.ua/laws/main/jj610,[],Органи внутрішніх справ. Шлях: Законодавство про національну безпеку та правопорядок / Органи внутрішніх справ. Код: 130 60.,,,2026-10-05 18:41:38,2026-10-05 18:41:38
5055,130 60 10,130 60,3,Міліція.Національна поліція.,Міліція.Національна поліція.,130 / 130 60 / 130 60 10,Законодавство про національну безпеку та правопорядок / Органи внутрішніх справ / Міліція.Національна поліція.,0,0,896,896,https://zakon.rada.gov.ua/laws/main/jj611,https://zakon.rada.gov.ua/laws/main/jj611,[],Міліція.Національна поліція.. Шлях: Законодавство про національну безпеку та правопорядок / Органи внутрішніх справ / Міліція.Національна поліція.. Код: 130 60 10.,,,2026-10-05 18:41:38,2026-10-05 18:41:38
5056,130 60 20,130 60,3,Обов'язки та права працівників міліції,Обов'язки та права працівників міліції,130 / 130 60 / 130 60 20,Законодавство про національну безпеку та правопорядок / Органи внутрішніх справ / Обов'язки та права працівників міліції,0,0,2,2,https://zakon.rada.gov.ua/laws/main/jj612,https://zakon.rada.gov.ua/laws/main/jj612,[],Обов'язки та права працівників міліції. Шлях: Законодавство про національну безпеку та правопорядок / Органи внутрішніх справ / Обов'язки та права працівників міліції. Код: 130 60 20.,,,2026-10-05 18:41:38,2026-10-05 18:41:38
5057,130 60 30,130 60,3,"Застосування заходів фізичного впливу, спеціальних засобів і вогнепальної зброї","Застосування заходів фізичного впливу, спеціальних засобів і вогнепальної зброї",130 / 130 60 / 130 60 30,"Законодавство про національну безпеку та правопорядок / Органи внутрішніх справ / Застосування заходів фізичного впливу, спеціальних засобів і вогнепальної зброї",0,0,20,20,https://zakon.rada.gov.ua/laws/main/jj613,https://zakon.rada.gov.ua/laws/main/jj613,[],"Застосування заходів фізичного впливу, спеціальних засобів і вогнепальної зброї. Шлях: Законодавство про національну безпеку та правопорядок / Органи внутрішніх справ / Застосування заходів фізичного впливу, спеціальних засобів і вогнепальної зброї. Код: 130 60 30.",,,2026-10-05 18:41:38,2026-10-05 18:41:38
5058,130 60 40,130 60,3,Дозвільна система,Дозвільна система,130 / 130 60 / 130 60 40,Законодавство про національну безпеку та правопорядок / Органи внутрішніх справ / Дозвільна система,0,0,147,147,https://zakon.rada.gov.ua/laws/main/jj614,https://zakon.rada.gov.ua/laws/main/jj614,[],Дозвільна система. Шлях: Законодавство про національну безпеку та правопорядок / Органи внутрішніх справ / Дозвільна система. Код: 130 60 40.,,,2026-10-05 18:41:38,2026-10-05 18:41:38
5059,130 60 50,130 60,3,Витверезники,Витверезники,130 / 130 60 / 130 60 50,Законодавство про національну безпеку та правопорядок / Органи внутрішніх справ / Витверезники,0,0,2,2,https://zakon.rada.gov.ua/laws/main/jj615,https://zakon.rada.gov.ua/laws/main/jj615,[],Витверезники. Шлях: Законодавство про національну безпеку та правопорядок / Органи внутрішніх справ / Витверезники. Код: 130 60 50.,,,2026-10-05 18:41:38,2026-10-05 18:41:38
5060,130 60 60,130 60,3,Війська внутрішньої та конвойної охорони. Внутрішні війська МВС України,Війська внутрішньої та конвойної охорони. Внутрішні війська МВС України,130 / 130 60 / 130 60 60,Законодавство про національну безпеку та правопорядок / Органи внутрішніх справ / Війська внутрішньої та конвойної охорони. Внутрішні війська МВС України,0,0,146,146,https://zakon.rada.gov.ua/laws/main/jj616,https://zakon.rada.gov.ua/laws/main/jj616,[],Війська внутрішньої та конвойної охорони. Внутрішні війська МВС України. Шлях: Законодавство про національну безпеку та правопорядок / Органи внутрішніх справ / Війська внутрішньої та конвойної охорони. Внутрішні війська МВС України. Код: 130 60 60.,,,2026-10-05 18:41:38,2026-10-05 18:41:38
5061,130 60 70,130 60,3,Служба пожежної охорони,Служба пожежної охорони,130 / 130 60 / 130 60 70,Законодавство про національну безпеку та правопорядок / Органи внутрішніх справ / Служба пожежної охорони,0,0,12,12,https://zakon.rada.gov.ua/laws/main/jj617,https://zakon.rada.gov.ua/laws/main/jj617,[],Служба пожежної охорони. Шлях: Законодавство про національну безпеку та правопорядок / Органи внутрішніх справ / Служба пожежної охорони. Код: 130 60 70.,,,2026-10-05 18:41:38,2026-10-05 18:41:38
5062,130 60 80,130 60,3,Автоінспекція,Автоінспекція,130 / 130 60 / 130 60 80,Законодавство про національну безпеку та правопорядок / Органи внутрішніх справ / Автоінспекція,0,0,147,147,https://zakon.rada.gov.ua/laws/main/jj618,https://zakon.rada.gov.ua/laws/main/jj618,[],Автоінспекція. Шлях: Законодавство про національну безпеку та правопорядок / Органи внутрішніх справ / Автоінспекція. Код: 130 60 80.,,,2026-10-05 18:41:38,2026-10-05 18:41:38
5063,130 60 90,130 60,3,Державна служба охорони при МВС,Державна служба охорони при МВС,130 / 130 60 / 130 60 90,Законодавство про національну безпеку та правопорядок / Органи внутрішніх справ / Державна служба охорони при МВС,0,0,107,107,https://zakon.rada.gov.ua/laws/main/jj619,https://zakon.rada.gov.ua/laws/main/jj619,[],Державна служба охорони при МВС. Шлях: Законодавство про національну безпеку та правопорядок / Органи внутрішніх справ / Державна служба охорони при МВС. Код: 130 60 90.,,,2026-10-05 18:41:38,2026-10-05 18:41:38
5064,130 60100,130 60,3,Інші підрозділи органів внутрішніх справ,Інші підрозділи органів внутрішніх справ,130 / 130 60 / 130 60100,Законодавство про національну безпеку та правопорядок / Органи внутрішніх справ / Інші підрозділи органів внутрішніх справ,0,0,39,39,https://zakon.rada.gov.ua/laws/main/jj620,https://zakon.rada.gov.ua/laws/main/jj620,[],Інші підрозділи органів внутрішніх справ. Шлях: Законодавство про національну безпеку та правопорядок / Органи внутрішніх справ / Інші підрозділи органів внутрішніх справ. Код: 130 60100.,,,2026-10-05 18:41:38,2026-10-05 18:41:38
5065,130 60110,130 60,3,Правовий і соціальний захист працівників органів внутрішніх справ. Відповідальність працівників органів внутрішніх справ,Правовий і соціальний захист працівників органів внутрішніх справ. Відповідальність працівників органів внутрішніх справ,130 / 130 60 / 130 60110,Законодавство про національну безпеку та правопорядок / Органи внутрішніх справ / Правовий і соціальний захист працівників органів внутрішніх справ. Відповідальність працівників органів внутрішніх справ,0,0,155,155,https://zakon.rada.gov.ua/laws/main/jj621,https://zakon.rada.gov.ua/laws/main/jj621,[],Правовий і соціальний захист працівників органів внутрішніх справ. Відповідальність працівників органів внутрішніх справ. Шлях: Законодавство про національну безпеку та правопорядок / Органи внутрішніх справ / Правовий і соціальний захист працівників органів внутрішніх справ. Відповідальність працівників органів внутрішніх справ. Код: 130 60110.,,,2026-10-05 18:41:38,2026-10-05 18:41:38
5066,130 61,130,2,Національна гвардія України,Національна гвардія України,130 / 130 61,Законодавство про національну безпеку та правопорядок / Національна гвардія України,0,0,474,474,https://zakon.rada.gov.ua/laws/main/jj1097,https://zakon.rada.gov.ua/laws/main/jj1097,[],Національна гвардія України. Шлях: Законодавство про національну безпеку та правопорядок / Національна гвардія України. Код: 130 61.,,,2026-10-05 18:41:38,2026-10-05 18:41:38
5067,130 70,130,2,Оперативно-розшукова діяльність,Оперативно-розшукова діяльність,130 / 130 70,Законодавство про національну безпеку та правопорядок / Оперативно-розшукова діяльність,0,0,104,104,https://zakon.rada.gov.ua/laws/main/jj622,https://zakon.rada.gov.ua/laws/main/jj622,[],Оперативно-розшукова діяльність. Шлях: Законодавство про національну безпеку та правопорядок / Оперативно-розшукова діяльність. Код: 130 70.,,,2026-10-05 18:41:38,2026-10-05 18:41:38
5068,130 80,130,2,Профілактика та боротьба з правопорушеннями. Боротьба з організованою злочинністю та корупцією. Тероризм. Національне антикорупційне бюро.,Профілактика та боротьба з правопорушеннями. Боротьба з організованою злочинністю та корупцією. Тероризм. Національне антикорупційне бюро.,130 / 130 80,Законодавство про національну безпеку та правопорядок / Профілактика та боротьба з правопорушеннями. Боротьба з організованою злочинністю та корупцією. Тероризм. Національне антикорупційне бюро.,0,0,3677,3677,https://zakon.rada.gov.ua/laws/main/jj623,https://zakon.rada.gov.ua/laws/main/jj623,[],Профілактика та боротьба з правопорушеннями. Боротьба з організованою злочинністю та корупцією. Тероризм. Національне антикорупційне бюро.. Шлях: Законодавство про національну безпеку та правопорядок / Профілактика та боротьба з правопорушеннями. Боротьба з організованою злочинністю та корупцією. Тероризм. Національне антикорупційне бюро.. Код: 130 80.,,,2026-10-05 18:41:38,2026-10-05 18:41:38
5069,130 90,130,2,Участь населення в охороні громадського порядку,Участь населення в охороні громадського порядку,130 / 130 90,Законодавство про національну безпеку та правопорядок / Участь населення в охороні громадського порядку,0,0,31,31,https://zakon.rada.gov.ua/laws/main/jj624,https://zakon.rada.gov.ua/laws/main/jj624,[],Участь населення в охороні громадського порядку. Шлях: Законодавство про національну безпеку та правопорядок / Участь населення в охороні громадського порядку. Код: 130 90.,,,2026-10-05 18:41:38,2026-10-05 18:41:38
5070,130100,130,2,Приватно-розшукова охоронна діяльність,Приватно-розшукова охоронна діяльність,130 / 130100,Законодавство про національну безпеку та правопорядок / Приватно-розшукова охоронна діяльність,0,0,9,9,https://zakon.rada.gov.ua/laws/main/jj625,https://zakon.rada.gov.ua/laws/main/jj625,[],Приватно-розшукова охоронна діяльність. Шлях: Законодавство про національну безпеку та правопорядок / Приватно-розшукова охоронна діяльність. Код: 130100.,,,2026-10-05 18:41:38,2026-10-05 18:41:38
5071,130110,130,2,Паспортна система,Паспортна система,130 / 130110,Законодавство про національну безпеку та правопорядок / Паспортна система,1,2,395,31,https://zakon.rada.gov.ua/laws/main/j626,https://zakon.rada.gov.ua/laws/main/jj626,[],Паспортна система. Шлях: Законодавство про національну безпеку та правопорядок / Паспортна система. Код: 130110.,,,2026-10-05 18:41:38,2026-10-05 18:41:38
5072,130110 10,130110,3,Паспорти,Паспорти,130 / 130110 / 130110 10,Законодавство про національну безпеку та правопорядок / Паспортна система / Паспорти,0,0,277,277,https://zakon.rada.gov.ua/laws/main/jj627,https://zakon.rada.gov.ua/laws/main/jj627,[],Паспорти. Шлях: Законодавство про національну безпеку та правопорядок / Паспортна система / Паспорти. Код: 130110 10.,,,2026-10-05 18:41:38,2026-10-05 18:41:38
5073,130110 20,130110,3,Прописка. Адресний стіл,Прописка. Адресний стіл,130 / 130110 / 130110 20,Законодавство про національну безпеку та правопорядок / Паспортна система / Прописка. Адресний стіл,0,0,95,95,https://zakon.rada.gov.ua/laws/main/jj628,https://zakon.rada.gov.ua/laws/main/jj628,[],Прописка. Адресний стіл. Шлях: Законодавство про національну безпеку та правопорядок / Паспортна система / Прописка. Адресний стіл. Код: 130110 20.,,,2026-10-05 18:41:38,2026-10-05 18:41:38
5074,130120,130,2,Професійна охоронна діяльність,Професійна охоронна діяльність,130 / 130120,Законодавство про національну безпеку та правопорядок / Професійна охоронна діяльність,0,0,42,42,https://zakon.rada.gov.ua/laws/main/jj1035,https://zakon.rada.gov.ua/laws/main/jj1035,[],Професійна охоронна діяльність. Шлях: Законодавство про національну безпеку та правопорядок / Професійна охоронна діяльність. Код: 130120.,,,2026-10-05 18:41:38,2026-10-05 18:41:38
5075,130130,130,2,Кібербезпека,Кібербезпека,130 / 130130,Законодавство про національну безпеку та правопорядок / Кібербезпека,0,0,58,58,https://zakon.rada.gov.ua/laws/main/jj1123,https://zakon.rada.gov.ua/laws/main/jj1123,[],Кібербезпека. Шлях: Законодавство про національну безпеку та правопорядок / Кібербезпека. Код: 130130.,,,2026-10-05 18:41:38,2026-10-05 18:41:38
5076,140,,1,Законодавство про зовнішні зносини та зовнішньоекономічні відносини,Законодавство про зовнішні зносини та зовнішньоекономічні відносини,140,Законодавство про зовнішні зносини та зовнішньоекономічні відносини,1,30,40912,288,https://zakon.rada.gov.ua/laws/main/j629,https://zakon.rada.gov.ua/laws/main/jj629,[],Законодавство про зовнішні зносини та зовнішньоекономічні відносини. Шлях: Законодавство про зовнішні зносини та зовнішньоекономічні відносини. Код: 140.,,,2026-10-05 18:41:38,2026-10-05 18:41:38
5077,140 10,140,2,Державні органи зовнішніх зносин України. Порядок зносин державних установ України та їх службових осіб з установами та службовими особами іноземних держав,Державні органи зовнішніх зносин України. Порядок зносин державних установ України та їх службових осіб з установами та службовими особами іноземних держав,140 / 140 10,Законодавство про зовнішні зносини та зовнішньоекономічні відносини / Державні органи зовнішніх зносин України. Порядок зносин державних установ України та їх службових осіб з установами та службовими особами іноземних держав,0,0,194,194,https://zakon.rada.gov.ua/laws/main/jj630,https://zakon.rada.gov.ua/laws/main/jj630,[],Державні органи зовнішніх зносин України. Порядок зносин державних установ України та їх службових осіб з установами та службовими особами іноземних держав. Шлях: Законодавство про зовнішні зносини та зовнішньоекономічні відносини / Державні органи зовнішніх зносин України. Порядок зносин державних установ України та їх службових осіб з установами та службовими особами іноземних держав. Код: 140 10.,,,2026-10-05 18:41:38,2026-10-05 18:41:38
5078,140 20,140,2,"Міжнародні, міждержавні договори, конвенції, угоди України з іноземними державами. Ноти, заяви та ін. Протоколи","Міжнародні, міждержавні договори, конвенції, угоди України з іноземними державами. Ноти, заяви та ін. Протоколи",140 / 140 20,"Законодавство про зовнішні зносини та зовнішньоекономічні відносини / Міжнародні, міждержавні договори, конвенції, угоди України з іноземними державами. Ноти, заяви та ін. Протоколи",0,0,9109,9109,https://zakon.rada.gov.ua/laws/main/jj631,https://zakon.rada.gov.ua/laws/main/jj631,[],"Міжнародні, міждержавні договори, конвенції, угоди України з іноземними державами. Ноти, заяви та ін. Протоколи. Шлях: Законодавство про зовнішні зносини та зовнішньоекономічні відносини / Міжнародні, міждержавні договори, конвенції, угоди України з іноземними державами. Ноти, заяви та ін. Протоколи. Код: 140 20.",,,2026-10-05 18:41:38,2026-10-05 18:41:38
5079,140 30,140,2,Міждержавні відносини країн СНД,Міждержавні відносини країн СНД,140 / 140 30,Законодавство про зовнішні зносини та зовнішньоекономічні відносини / Міждержавні відносини країн СНД,1,3,6295,270,https://zakon.rada.gov.ua/laws/main/j632,https://zakon.rada.gov.ua/laws/main/jj632,[],Міждержавні відносини країн СНД. Шлях: Законодавство про зовнішні зносини та зовнішньоекономічні відносини / Міждержавні відносини країн СНД. Код: 140 30.,,,2026-10-05 18:41:38,2026-10-05 18:41:38
5080,140 30 10,140 30,3,"Держави, що входять в СНД","Держави, що входять в СНД",140 / 140 30 / 140 30 10,"Законодавство про зовнішні зносини та зовнішньоекономічні відносини / Міждержавні відносини країн СНД / Держави, що входять в СНД",0,0,52,52,https://zakon.rada.gov.ua/laws/main/jj633,https://zakon.rada.gov.ua/laws/main/jj633,[],"Держави, що входять в СНД. Шлях: Законодавство про зовнішні зносини та зовнішньоекономічні відносини / Міждержавні відносини країн СНД / Держави, що входять в СНД. Код: 140 30 10.",,,2026-10-05 18:41:38,2026-10-05 18:41:38
5081,140 30 20,140 30,3,"Договори, угоди між державами СНД","Договори, угоди між державами СНД",140 / 140 30 / 140 30 20,"Законодавство про зовнішні зносини та зовнішньоекономічні відносини / Міждержавні відносини країн СНД / Договори, угоди між державами СНД",0,0,5751,5751,https://zakon.rada.gov.ua/laws/main/jj634,https://zakon.rada.gov.ua/laws/main/jj634,[],"Договори, угоди між державами СНД. Шлях: Законодавство про зовнішні зносини та зовнішньоекономічні відносини / Міждержавні відносини країн СНД / Договори, угоди між державами СНД. Код: 140 30 20.",,,2026-10-05 18:41:38,2026-10-05 18:41:38
5082,140 30 30,140 30,3,Органи Співдружності,Органи Співдружності,140 / 140 30 / 140 30 30,Законодавство про зовнішні зносини та зовнішньоекономічні відносини / Міждержавні відносини країн СНД / Органи Співдружності,0,0,528,528,https://zakon.rada.gov.ua/laws/main/jj635,https://zakon.rada.gov.ua/laws/main/jj635,[],Органи Співдружності. Шлях: Законодавство про зовнішні зносини та зовнішньоекономічні відносини / Міждержавні відносини країн СНД / Органи Співдружності. Код: 140 30 30.,,,2026-10-05 18:41:38,2026-10-05 18:41:38
5083,140 31,140,2,"Міждержавні відносини в рамках ГУУАМ (Грузія, Україна, Узбекистан, Азербайджан, Молдова)","Міждержавні відносини в рамках ГУУАМ (Грузія, Україна, Узбекистан, Азербайджан, Молдова)",140 / 140 31,"Законодавство про зовнішні зносини та зовнішньоекономічні відносини / Міждержавні відносини в рамках ГУУАМ (Грузія, Україна, Узбекистан, Азербайджан, Молдова)",0,0,223,223,https://zakon.rada.gov.ua/laws/main/jj1060,https://zakon.rada.gov.ua/laws/main/jj1060,[],"Міждержавні відносини в рамках ГУУАМ (Грузія, Україна, Узбекистан, Азербайджан, Молдова). Шлях: Законодавство про зовнішні зносини та зовнішньоекономічні відносини / Міждержавні відносини в рамках ГУУАМ (Грузія, Україна, Узбекистан, Азербайджан, Молдова). Код: 140 31.",,,2026-10-05 18:41:38,2026-10-05 18:41:38
5084,140 40,140,2,Міждержавні організації та органи,Міждержавні організації та органи,140 / 140 40,Законодавство про зовнішні зносини та зовнішньоекономічні відносини / Міждержавні організації та органи,1,2,10182,10169,https://zakon.rada.gov.ua/laws/main/j636,https://zakon.rada.gov.ua/laws/main/jj636,[],Міждержавні організації та органи. Шлях: Законодавство про зовнішні зносини та зовнішньоекономічні відносини / Міждержавні організації та органи. Код: 140 40.,,,2026-10-05 18:41:38,2026-10-05 18:41:38
5085,140 40 10,140 40,3,"ООН, агентства, банки, комітети, ради, конгреси та інші","ООН, агентства, банки, комітети, ради, конгреси та інші",140 / 140 40 / 140 40 10,"Законодавство про зовнішні зносини та зовнішньоекономічні відносини / Міждержавні організації та органи / ООН, агентства, банки, комітети, ради, конгреси та інші",0,0,7,7,https://zakon.rada.gov.ua/laws/main/jj1067,https://zakon.rada.gov.ua/laws/main/jj1067,[],"ООН, агентства, банки, комітети, ради, конгреси та інші. Шлях: Законодавство про зовнішні зносини та зовнішньоекономічні відносини / Міждержавні організації та органи / ООН, агентства, банки, комітети, ради, конгреси та інші. Код: 140 40 10.",,,2026-10-05 18:41:38,2026-10-05 18:41:38
5086,140 40 20,140 40,3,"Міжнародні суди, арбітражі","Міжнародні суди, арбітражі",140 / 140 40 / 140 40 20,"Законодавство про зовнішні зносини та зовнішньоекономічні відносини / Міждержавні організації та органи / Міжнародні суди, арбітражі",0,0,12,12,https://zakon.rada.gov.ua/laws/main/jj1068,https://zakon.rada.gov.ua/laws/main/jj1068,[],"Міжнародні суди, арбітражі. Шлях: Законодавство про зовнішні зносини та зовнішньоекономічні відносини / Міждержавні організації та органи / Міжнародні суди, арбітражі. Код: 140 40 20.",,,2026-10-05 18:41:38,2026-10-05 18:41:38
5087,140 50,140,2,Міжпарламентські структури. Міжпарламентська Асамблея. Міжпарламентські зв'язки,Міжпарламентські структури. Міжпарламентська Асамблея. Міжпарламентські зв'язки,140 / 140 50,Законодавство про зовнішні зносини та зовнішньоекономічні відносини / Міжпарламентські структури. Міжпарламентська Асамблея. Міжпарламентські зв'язки,0,0,177,177,https://zakon.rada.gov.ua/laws/main/jj637,https://zakon.rada.gov.ua/laws/main/jj637,[],Міжпарламентські структури. Міжпарламентська Асамблея. Міжпарламентські зв'язки. Шлях: Законодавство про зовнішні зносини та зовнішньоекономічні відносини / Міжпарламентські структури. Міжпарламентська Асамблея. Міжпарламентські зв'язки. Код: 140 50.,,,2026-10-05 18:41:38,2026-10-05 18:41:38
5088,140 60,140,2,Візити глав держав і глав урядів. Обмін делегаціями,Візити глав держав і глав урядів. Обмін делегаціями,140 / 140 60,Законодавство про зовнішні зносини та зовнішньоекономічні відносини / Візити глав держав і глав урядів. Обмін делегаціями,0,0,982,982,https://zakon.rada.gov.ua/laws/main/jj638,https://zakon.rada.gov.ua/laws/main/jj638,[],Візити глав держав і глав урядів. Обмін делегаціями. Шлях: Законодавство про зовнішні зносини та зовнішньоекономічні відносини / Візити глав держав і глав урядів. Обмін делегаціями. Код: 140 60.,,,2026-10-05 18:41:38,2026-10-05 18:41:38
5089,140 70,140,2,Дипломатичні і консульські представництва України за кордоном,Дипломатичні і консульські представництва України за кордоном,140 / 140 70,Законодавство про зовнішні зносини та зовнішньоекономічні відносини / Дипломатичні і консульські представництва України за кордоном,1,4,2914,592,https://zakon.rada.gov.ua/laws/main/j639,https://zakon.rada.gov.ua/laws/main/jj639,[],Дипломатичні і консульські представництва України за кордоном. Шлях: Законодавство про зовнішні зносини та зовнішньоекономічні відносини / Дипломатичні і консульські представництва України за кордоном. Код: 140 70.,,,2026-10-05 18:41:38,2026-10-05 18:41:38
5090,140 70 10,140 70,3,Консульський Статут,Консульський Статут,140 / 140 70 / 140 70 10,Законодавство про зовнішні зносини та зовнішньоекономічні відносини / Дипломатичні і консульські представництва України за кордоном / Консульський Статут,0,0,11,11,https://zakon.rada.gov.ua/laws/main/jj640,https://zakon.rada.gov.ua/laws/main/jj640,[],Консульський Статут. Шлях: Законодавство про зовнішні зносини та зовнішньоекономічні відносини / Дипломатичні і консульські представництва України за кордоном / Консульський Статут. Код: 140 70 10.,,,2026-10-05 18:41:38,2026-10-05 18:41:38
5091,140 70 20,140 70,3,Призначення та відкликання дипломатичних представників,Призначення та відкликання дипломатичних представників,140 / 140 70 / 140 70 20,Законодавство про зовнішні зносини та зовнішньоекономічні відносини / Дипломатичні і консульські представництва України за кордоном / Призначення та відкликання дипломатичних представників,0,0,2281,2281,https://zakon.rada.gov.ua/laws/main/jj641,https://zakon.rada.gov.ua/laws/main/jj641,[],Призначення та відкликання дипломатичних представників. Шлях: Законодавство про зовнішні зносини та зовнішньоекономічні відносини / Дипломатичні і консульські представництва України за кордоном / Призначення та відкликання дипломатичних представників. Код: 140 70 20.,,,2026-10-05 18:41:38,2026-10-05 18:41:38
5092,140 70 30,140 70,3,Ранги дипломатичних працівників,Ранги дипломатичних працівників,140 / 140 70 / 140 70 30,Законодавство про зовнішні зносини та зовнішньоекономічні відносини / Дипломатичні і консульські представництва України за кордоном / Ранги дипломатичних працівників,0,0,499,499,https://zakon.rada.gov.ua/laws/main/jj642,https://zakon.rada.gov.ua/laws/main/jj642,[],Ранги дипломатичних працівників. Шлях: Законодавство про зовнішні зносини та зовнішньоекономічні відносини / Дипломатичні і консульські представництва України за кордоном / Ранги дипломатичних працівників. Код: 140 70 30.,,,2026-10-05 18:41:38,2026-10-05 18:41:38
5093,140 70 40,140 70,3,Військові аташе,Військові аташе,140 / 140 70 / 140 70 40,Законодавство про зовнішні зносини та зовнішньоекономічні відносини / Дипломатичні і консульські представництва України за кордоном / Військові аташе,0,0,6,6,https://zakon.rada.gov.ua/laws/main/jj643,https://zakon.rada.gov.ua/laws/main/jj643,[],Військові аташе. Шлях: Законодавство про зовнішні зносини та зовнішньоекономічні відносини / Дипломатичні і консульські представництва України за кордоном / Військові аташе. Код: 140 70 40.,,,2026-10-05 18:41:38,2026-10-05 18:41:38
5094,140 80,140,2,Дипломатичні та консульські представництва іноземних держав в Україні,Дипломатичні та консульські представництва іноземних держав в Україні,140 / 140 80,Законодавство про зовнішні зносини та зовнішньоекономічні відносини / Дипломатичні та консульські представництва іноземних держав в Україні,0,0,265,265,https://zakon.rada.gov.ua/laws/main/jj644,https://zakon.rada.gov.ua/laws/main/jj644,[],Дипломатичні та консульські представництва іноземних держав в Україні. Шлях: Законодавство про зовнішні зносини та зовнішньоекономічні відносини / Дипломатичні та консульські представництва іноземних держав в Україні. Код: 140 80.,,,2026-10-05 18:41:38,2026-10-05 18:41:38
5095,140 90,140,2,"Представництво іноземних фірм, банків, організацій","Представництво іноземних фірм, банків, організацій",140 / 140 90,"Законодавство про зовнішні зносини та зовнішньоекономічні відносини / Представництво іноземних фірм, банків, організацій",0,0,48,48,https://zakon.rada.gov.ua/laws/main/jj645,https://zakon.rada.gov.ua/laws/main/jj645,[],"Представництво іноземних фірм, банків, організацій. Шлях: Законодавство про зовнішні зносини та зовнішньоекономічні відносини / Представництво іноземних фірм, банків, організацій. Код: 140 90.",,,2026-10-05 18:41:38,2026-10-05 18:41:38
5096,140100,140,2,Кореспондентські пункти,Кореспондентські пункти,140 / 140100,Законодавство про зовнішні зносини та зовнішньоекономічні відносини / Кореспондентські пункти,0,0,2,2,https://zakon.rada.gov.ua/laws/main/jj646,https://zakon.rada.gov.ua/laws/main/jj646,[],Кореспондентські пункти. Шлях: Законодавство про зовнішні зносини та зовнішньоекономічні відносини / Кореспондентські пункти. Код: 140100.,,,2026-10-05 18:41:38,2026-10-05 18:41:38
5097,140110,140,2,"Дипломатичні, консульські привілеї та імунітети","Дипломатичні, консульські привілеї та імунітети",140 / 140110,"Законодавство про зовнішні зносини та зовнішньоекономічні відносини / Дипломатичні, консульські привілеї та імунітети",0,0,239,239,https://zakon.rada.gov.ua/laws/main/jj647,https://zakon.rada.gov.ua/laws/main/jj647,[],"Дипломатичні, консульські привілеї та імунітети. Шлях: Законодавство про зовнішні зносини та зовнішньоекономічні відносини / Дипломатичні, консульські привілеї та імунітети. Код: 140110.",,,2026-10-05 18:41:38,2026-10-05 18:41:38
5098,140120,140,2,Торгові представництва,Торгові представництва,140 / 140120,Законодавство про зовнішні зносини та зовнішньоекономічні відносини / Торгові представництва,0,0,280,280,https://zakon.rada.gov.ua/laws/main/jj648,https://zakon.rada.gov.ua/laws/main/jj648,[],Торгові представництва. Шлях: Законодавство про зовнішні зносини та зовнішньоекономічні відносини / Торгові представництва. Код: 140120.,,,2026-10-05 18:41:38,2026-10-05 18:41:38
5099,140130,140,2,Дипломатичні кур'єри. Дипломатична пошта,Дипломатичні кур'єри. Дипломатична пошта,140 / 140130,Законодавство про зовнішні зносини та зовнішньоекономічні відносини / Дипломатичні кур'єри. Дипломатична пошта,0,0,9,9,https://zakon.rada.gov.ua/laws/main/jj649,https://zakon.rada.gov.ua/laws/main/jj649,[],Дипломатичні кур'єри. Дипломатична пошта. Шлях: Законодавство про зовнішні зносини та зовнішньоекономічні відносини / Дипломатичні кур'єри. Дипломатична пошта. Код: 140130.,,,2026-10-05 18:41:38,2026-10-05 18:41:38
5100,140140,140,2,Законодавство про в'їзд до України та виїзд з неї,Законодавство про в'їзд до України та виїзд з неї,140 / 140140,Законодавство про зовнішні зносини та зовнішньоекономічні відносини / Законодавство про в'їзд до України та виїзд з неї,0,0,892,892,https://zakon.rada.gov.ua/laws/main/jj650,https://zakon.rada.gov.ua/laws/main/jj650,[],Законодавство про в'їзд до України та виїзд з неї. Шлях: Законодавство про зовнішні зносини та зовнішньоекономічні відносини / Законодавство про в'їзд до України та виїзд з неї. Код: 140140.,,,2026-10-05 18:41:38,2026-10-05 18:41:38
5101,140150,140,2,Статус іноземців і осіб без громадянства в Україні. Політемігранти,Статус іноземців і осіб без громадянства в Україні. Політемігранти,140 / 140150,Законодавство про зовнішні зносини та зовнішньоекономічні відносини / Статус іноземців і осіб без громадянства в Україні. Політемігранти,0,0,341,341,https://zakon.rada.gov.ua/laws/main/jj651,https://zakon.rada.gov.ua/laws/main/jj651,[],Статус іноземців і осіб без громадянства в Україні. Політемігранти. Шлях: Законодавство про зовнішні зносини та зовнішньоекономічні відносини / Статус іноземців і осіб без громадянства в Україні. Політемігранти. Код: 140150.,,,2026-10-05 18:41:38,2026-10-05 18:41:38
5102,140160,140,2,Репатріація,Репатріація,140 / 140160,Законодавство про зовнішні зносини та зовнішньоекономічні відносини / Репатріація,0,0,7,7,https://zakon.rada.gov.ua/laws/main/jj652,https://zakon.rada.gov.ua/laws/main/jj652,[],Репатріація. Шлях: Законодавство про зовнішні зносини та зовнішньоекономічні відносини / Репатріація. Код: 140160.,,,2026-10-05 18:41:38,2026-10-05 18:41:38
5103,140170,140,2,Еміграція. Емігранти. Іммігранти,Еміграція. Емігранти. Іммігранти,140 / 140170,Законодавство про зовнішні зносини та зовнішньоекономічні відносини / Еміграція. Емігранти. Іммігранти,0,0,434,434,https://zakon.rada.gov.ua/laws/main/jj653,https://zakon.rada.gov.ua/laws/main/jj653,[],Еміграція. Емігранти. Іммігранти. Шлях: Законодавство про зовнішні зносини та зовнішньоекономічні відносини / Еміграція. Емігранти. Іммігранти. Код: 140170.,,,2026-10-05 18:41:38,2026-10-05 18:41:38
5104,140180,140,2,Іноземні туристи,Іноземні туристи,140 / 140180,Законодавство про зовнішні зносини та зовнішньоекономічні відносини / Іноземні туристи,0,0,7,7,https://zakon.rada.gov.ua/laws/main/jj654,https://zakon.rada.gov.ua/laws/main/jj654,[],Іноземні туристи. Шлях: Законодавство про зовнішні зносини та зовнішньоекономічні відносини / Іноземні туристи. Код: 140180.,,,2026-10-05 18:41:38,2026-10-05 18:41:38
5105,140190,140,2,Міжнародні громадські організації,Міжнародні громадські організації,140 / 140190,Законодавство про зовнішні зносини та зовнішньоекономічні відносини / Міжнародні громадські організації,0,0,506,506,https://zakon.rada.gov.ua/laws/main/jj655,https://zakon.rada.gov.ua/laws/main/jj655,[],Міжнародні громадські організації. Шлях: Законодавство про зовнішні зносини та зовнішньоекономічні відносини / Міжнародні громадські організації. Код: 140190.,,,2026-10-05 18:41:38,2026-10-05 18:41:38
5106,140200,140,2,Міжнародні культурні зв'язки,Міжнародні культурні зв'язки,140 / 140200,Законодавство про зовнішні зносини та зовнішньоекономічні відносини / Міжнародні культурні зв'язки,0,0,1000,1000,https://zakon.rada.gov.ua/laws/main/jj656,https://zakon.rada.gov.ua/laws/main/jj656,[],Міжнародні культурні зв'язки. Шлях: Законодавство про зовнішні зносини та зовнішньоекономічні відносини / Міжнародні культурні зв'язки. Код: 140200.,,,2026-10-05 18:41:38,2026-10-05 18:41:38
5107,140210,140,2,Міжнародне приватне право,Міжнародне приватне право,140 / 140210,Законодавство про зовнішні зносини та зовнішньоекономічні відносини / Міжнародне приватне право,0,0,1512,1512,https://zakon.rada.gov.ua/laws/main/jj657,https://zakon.rada.gov.ua/laws/main/jj657,[],Міжнародне приватне право. Шлях: Законодавство про зовнішні зносини та зовнішньоекономічні відносини / Міжнародне приватне право. Код: 140210.,,,2026-10-05 18:41:38,2026-10-05 18:41:38
5108,140220,140,2,Резолюції Верховної Ради України по зовнішньоекономічних питаннях. Постанови по наслідках зовнішньоекономічної діяльності Уряду та поїздок членів Уряду за кордон,Резолюції Верховної Ради України по зовнішньоекономічних питаннях. Постанови по наслідках зовнішньоекономічної діяльності Уряду та поїздок членів Уряду за кордон,140 / 140220,Законодавство про зовнішні зносини та зовнішньоекономічні відносини / Резолюції Верховної Ради України по зовнішньоекономічних питаннях. Постанови по наслідках зовнішньоекономічної діяльності Уряду та поїздок членів Уряду за кордон,0,0,0,0,,,[],Резолюції Верховної Ради України по зовнішньоекономічних питаннях. Постанови по наслідках зовнішньоекономічної діяльності Уряду та поїздок членів Уряду за кордон. Шлях: Законодавство про зовнішні зносини та зовнішньоекономічні відносини / Резолюції Верховної Ради України по зовнішньоекономічних питаннях. Постанови по наслідках зовнішньоекономічної діяльності Уряду та поїздок членів Уряду за кордон. Код: 140220.,,,2026-10-05 18:41:38,2026-10-05 18:41:38
5109,140230,140,2,Рішення судів іноземних держав,Рішення судів іноземних держав,140 / 140230,Законодавство про зовнішні зносини та зовнішньоекономічні відносини / Рішення судів іноземних держав,0,0,49,49,https://zakon.rada.gov.ua/laws/main/jj659,https://zakon.rada.gov.ua/laws/main/jj659,[],Рішення судів іноземних держав. Шлях: Законодавство про зовнішні зносини та зовнішньоекономічні відносини / Рішення судів іноземних держав. Код: 140230.,,,2026-10-05 18:41:38,2026-10-05 18:41:38
5110,140240,140,2,Законодавство про митну діяльність,Законодавство про митну діяльність,140 / 140240,Законодавство про зовнішні зносини та зовнішньоекономічні відносини / Законодавство про митну діяльність,0,0,2348,2348,https://zakon.rada.gov.ua/laws/main/jj660,https://zakon.rada.gov.ua/laws/main/jj660,[],Законодавство про митну діяльність. Шлях: Законодавство про зовнішні зносини та зовнішньоекономічні відносини / Законодавство про митну діяльність. Код: 140240.,,,2026-10-05 18:41:38,2026-10-05 18:41:38
5111,140250,140,2,Митні тарифи та збори. Єдиний митний тариф,Митні тарифи та збори. Єдиний митний тариф,140 / 140250,Законодавство про зовнішні зносини та зовнішньоекономічні відносини / Митні тарифи та збори. Єдиний митний тариф,0,0,1219,1219,https://zakon.rada.gov.ua/laws/main/jj661,https://zakon.rada.gov.ua/laws/main/jj661,[],Митні тарифи та збори. Єдиний митний тариф. Шлях: Законодавство про зовнішні зносини та зовнішньоекономічні відносини / Митні тарифи та збори. Єдиний митний тариф. Код: 140250.,,,2026-10-05 18:41:38,2026-10-05 18:41:38
5112,140260,140,2,Ввезення та вивезення товарів. Експортний контроль і транзит,Ввезення та вивезення товарів. Експортний контроль і транзит,140 / 140260,Законодавство про зовнішні зносини та зовнішньоекономічні відносини / Ввезення та вивезення товарів. Експортний контроль і транзит,0,0,3933,3933,https://zakon.rada.gov.ua/laws/main/jj662,https://zakon.rada.gov.ua/laws/main/jj662,[],Ввезення та вивезення товарів. Експортний контроль і транзит. Шлях: Законодавство про зовнішні зносини та зовнішньоекономічні відносини / Ввезення та вивезення товарів. Експортний контроль і транзит. Код: 140260.,,,2026-10-05 18:41:38,2026-10-05 18:41:38
5113,140270,140,2,Економічне співробітництво з іноземними країнами,Економічне співробітництво з іноземними країнами,140 / 140270,Законодавство про зовнішні зносини та зовнішньоекономічні відносини / Економічне співробітництво з іноземними країнами,1,4,4583,3153,https://zakon.rada.gov.ua/laws/main/j663,https://zakon.rada.gov.ua/laws/main/jj663,[],Економічне співробітництво з іноземними країнами. Шлях: Законодавство про зовнішні зносини та зовнішньоекономічні відносини / Економічне співробітництво з іноземними країнами. Код: 140270.,,,2026-10-05 18:41:38,2026-10-05 18:41:38
5114,140270 10,140270,3,Спільні підприємства,Спільні підприємства,140 / 140270 / 140270 10,Законодавство про зовнішні зносини та зовнішньоекономічні відносини / Економічне співробітництво з іноземними країнами / Спільні підприємства,0,0,32,32,https://zakon.rada.gov.ua/laws/main/jj664,https://zakon.rada.gov.ua/laws/main/jj664,[],Спільні підприємства. Шлях: Законодавство про зовнішні зносини та зовнішньоекономічні відносини / Економічне співробітництво з іноземними країнами / Спільні підприємства. Код: 140270 10.,,,2026-10-05 18:41:38,2026-10-05 18:41:38
5115,140270 20,140270,3,Іноземні інвестиції,Іноземні інвестиції,140 / 140270 / 140270 20,Законодавство про зовнішні зносини та зовнішньоекономічні відносини / Економічне співробітництво з іноземними країнами / Іноземні інвестиції,0,0,666,666,https://zakon.rada.gov.ua/laws/main/jj665,https://zakon.rada.gov.ua/laws/main/jj665,[],Іноземні інвестиції. Шлях: Законодавство про зовнішні зносини та зовнішньоекономічні відносини / Економічне співробітництво з іноземними країнами / Іноземні інвестиції. Код: 140270 20.,,,2026-10-05 18:41:38,2026-10-05 18:41:38
5116,140270 30,140270,3,Зовнішня торгівля,Зовнішня торгівля,140 / 140270 / 140270 30,Законодавство про зовнішні зносини та зовнішньоекономічні відносини / Економічне співробітництво з іноземними країнами / Зовнішня торгівля,0,0,461,461,https://zakon.rada.gov.ua/laws/main/jj666,https://zakon.rada.gov.ua/laws/main/jj666,[],Зовнішня торгівля. Шлях: Законодавство про зовнішні зносини та зовнішньоекономічні відносини / Економічне співробітництво з іноземними країнами / Зовнішня торгівля. Код: 140270 30.,,,2026-10-05 18:41:38,2026-10-05 18:41:38
5117,140270 40,140270,3,"Квотування, ліцензування","Квотування, ліцензування",140 / 140270 / 140270 40,"Законодавство про зовнішні зносини та зовнішньоекономічні відносини / Економічне співробітництво з іноземними країнами / Квотування, ліцензування",0,0,490,490,https://zakon.rada.gov.ua/laws/main/jj667,https://zakon.rada.gov.ua/laws/main/jj667,[],"Квотування, ліцензування. Шлях: Законодавство про зовнішні зносини та зовнішньоекономічні відносини / Економічне співробітництво з іноземними країнами / Квотування, ліцензування. Код: 140270 40.",,,2026-10-05 18:41:38,2026-10-05 18:41:38
5118,140280,140,2,Гуманітарна допомога,Гуманітарна допомога,140 / 140280,Законодавство про зовнішні зносини та зовнішньоекономічні відносини / Гуманітарна допомога,0,0,451,451,https://zakon.rada.gov.ua/laws/main/jj668,https://zakon.rada.gov.ua/laws/main/jj668,[],Гуманітарна допомога. Шлях: Законодавство про зовнішні зносини та зовнішньоекономічні відносини / Гуманітарна допомога. Код: 140280.,,,2026-10-05 18:41:38,2026-10-05 18:41:38
5119,140290,140,2,Персональні спеціальні економічні та інші обмежувальні заходи,Персональні спеціальні економічні та інші обмежувальні заходи,140 / 140290,Законодавство про зовнішні зносини та зовнішньоекономічні відносини / Персональні спеціальні економічні та інші обмежувальні заходи,0,0,733,733,https://zakon.rada.gov.ua/laws/main/jj1094,https://zakon.rada.gov.ua/laws/main/jj1094,[],Персональні спеціальні економічні та інші обмежувальні заходи. Шлях: Законодавство про зовнішні зносини та зовнішньоекономічні відносини / Персональні спеціальні економічні та інші обмежувальні заходи. Код: 140290.,,,2026-10-05 18:41:38,2026-10-05 18:41:38
5120,150,,1,Загальні засади правового регулювання економічного розвитку,Загальні засади правового регулювання економічного розвитку,150,Загальні засади правового регулювання економічного розвитку,1,22,31589,649,https://zakon.rada.gov.ua/laws/main/j669,https://zakon.rada.gov.ua/laws/main/jj669,[],Загальні засади правового регулювання економічного розвитку. Шлях: Загальні засади правового регулювання економічного розвитку. Код: 150.,,,2026-10-05 18:41:38,2026-10-05 18:41:38
5121,150 10,150,2,Державні програми економічного розвитку,Державні програми економічного розвитку,150 / 150 10,Загальні засади правового регулювання економічного розвитку / Державні програми економічного розвитку,0,0,1740,1740,https://zakon.rada.gov.ua/laws/main/jj670,https://zakon.rada.gov.ua/laws/main/jj670,[],Державні програми економічного розвитку. Шлях: Загальні засади правового регулювання економічного розвитку / Державні програми економічного розвитку. Код: 150 10.,,,2026-10-05 18:41:38,2026-10-05 18:41:38
5122,150 20,150,2,Державне планування. Державне замовлення. Контракт,Державне планування. Державне замовлення. Контракт,150 / 150 20,Загальні засади правового регулювання економічного розвитку / Державне планування. Державне замовлення. Контракт,0,0,1688,1688,https://zakon.rada.gov.ua/laws/main/jj671,https://zakon.rada.gov.ua/laws/main/jj671,[],Державне планування. Державне замовлення. Контракт. Шлях: Загальні засади правового регулювання економічного розвитку / Державне планування. Державне замовлення. Контракт. Код: 150 20.,,,2026-10-05 18:41:38,2026-10-05 18:41:38
5123,150 30,150,2,Державні ресурси. Державні резерви,Державні ресурси. Державні резерви,150 / 150 30,Загальні засади правового регулювання економічного розвитку / Державні ресурси. Державні резерви,0,0,692,692,https://zakon.rada.gov.ua/laws/main/jj672,https://zakon.rada.gov.ua/laws/main/jj672,[],Державні ресурси. Державні резерви. Шлях: Загальні засади правового регулювання економічного розвитку / Державні ресурси. Державні резерви. Код: 150 30.,,,2026-10-05 18:41:38,2026-10-05 18:41:38
5124,150 40,150,2,"Економічні зони, райони. Спеціальні (вільні) економічні зони","Економічні зони, райони. Спеціальні (вільні) економічні зони",150 / 150 40,"Загальні засади правового регулювання економічного розвитку / Економічні зони, райони. Спеціальні (вільні) економічні зони",0,0,358,358,https://zakon.rada.gov.ua/laws/main/jj673,https://zakon.rada.gov.ua/laws/main/jj673,[],"Економічні зони, райони. Спеціальні (вільні) економічні зони. Шлях: Загальні засади правового регулювання економічного розвитку / Економічні зони, райони. Спеціальні (вільні) економічні зони. Код: 150 40.",,,2026-10-05 18:41:38,2026-10-05 18:41:38
5125,150 50,150,2,Ціни і ціноутворення,Ціни і ціноутворення,150 / 150 50,Загальні засади правового регулювання економічного розвитку / Ціни і ціноутворення,1,3,2858,545,https://zakon.rada.gov.ua/laws/main/j674,https://zakon.rada.gov.ua/laws/main/jj674,[],Ціни і ціноутворення. Шлях: Загальні засади правового регулювання економічного розвитку / Ціни і ціноутворення. Код: 150 50.,,,2026-10-05 18:41:38,2026-10-05 18:41:38
5126,150 50 10,150 50,3,Види цін,Види цін,150 / 150 50 / 150 50 10,Загальні засади правового регулювання економічного розвитку / Ціни і ціноутворення / Види цін,0,0,2286,2286,https://zakon.rada.gov.ua/laws/main/jj675,https://zakon.rada.gov.ua/laws/main/jj675,[],Види цін. Шлях: Загальні засади правового регулювання економічного розвитку / Ціни і ціноутворення / Види цін. Код: 150 50 10.,,,2026-10-05 18:41:38,2026-10-05 18:41:38
5127,150 50 20,150 50,3,"Націнки, надбавки, скидки","Націнки, надбавки, скидки",150 / 150 50 / 150 50 20,"Загальні засади правового регулювання економічного розвитку / Ціни і ціноутворення / Націнки, надбавки, скидки",0,0,35,35,https://zakon.rada.gov.ua/laws/main/jj676,https://zakon.rada.gov.ua/laws/main/jj676,[],"Націнки, надбавки, скидки. Шлях: Загальні засади правового регулювання економічного розвитку / Ціни і ціноутворення / Націнки, надбавки, скидки. Код: 150 50 20.",,,2026-10-05 18:41:38,2026-10-05 18:41:38
5128,150 50 30,150 50,3,Дооцінка товарно-матеріальних цінностей,Дооцінка товарно-матеріальних цінностей,150 / 150 50 / 150 50 30,Загальні засади правового регулювання економічного розвитку / Ціни і ціноутворення / Дооцінка товарно-матеріальних цінностей,0,0,13,13,https://zakon.rada.gov.ua/laws/main/jj677,https://zakon.rada.gov.ua/laws/main/jj677,[],Дооцінка товарно-матеріальних цінностей. Шлях: Загальні засади правового регулювання економічного розвитку / Ціни і ціноутворення / Дооцінка товарно-матеріальних цінностей. Код: 150 50 30.,,,2026-10-05 18:41:38,2026-10-05 18:41:38
5129,150 60,150,2,Загальні питання обліку і статистики. Перепис населення,Загальні питання обліку і статистики. Перепис населення,150 / 150 60,Загальні засади правового регулювання економічного розвитку / Загальні питання обліку і статистики. Перепис населення,1,2,3624,896,https://zakon.rada.gov.ua/laws/main/j678,https://zakon.rada.gov.ua/laws/main/jj678,[],Загальні питання обліку і статистики. Перепис населення. Шлях: Загальні засади правового регулювання економічного розвитку / Загальні питання обліку і статистики. Перепис населення. Код: 150 60.,,,2026-10-05 18:41:38,2026-10-05 18:41:38
5130,150 60 10,150 60,3,Облік і звітність,Облік і звітність,150 / 150 60 / 150 60 10,Загальні засади правового регулювання економічного розвитку / Загальні питання обліку і статистики. Перепис населення / Облік і звітність,0,0,2696,2696,https://zakon.rada.gov.ua/laws/main/jj679,https://zakon.rada.gov.ua/laws/main/jj679,[],Облік і звітність. Шлях: Загальні засади правового регулювання економічного розвитку / Загальні питання обліку і статистики. Перепис населення / Облік і звітність. Код: 150 60 10.,,,2026-10-05 18:41:38,2026-10-05 18:41:38
5131,150 60 20,150 60,3,Демографія. Перепис населення,Демографія. Перепис населення,150 / 150 60 / 150 60 20,Загальні засади правового регулювання економічного розвитку / Загальні питання обліку і статистики. Перепис населення / Демографія. Перепис населення,0,0,60,60,https://zakon.rada.gov.ua/laws/main/jj680,https://zakon.rada.gov.ua/laws/main/jj680,[],Демографія. Перепис населення. Шлях: Загальні засади правового регулювання економічного розвитку / Загальні питання обліку і статистики. Перепис населення / Демографія. Перепис населення. Код: 150 60 20.,,,2026-10-05 18:41:38,2026-10-05 18:41:38
5132,150 70,150,2,Підприємницька діяльність,Підприємницька діяльність,150 / 150 70,Загальні засади правового регулювання економічного розвитку / Підприємницька діяльність,1,1,6503,2890,https://zakon.rada.gov.ua/laws/main/j681,https://zakon.rada.gov.ua/laws/main/jj681,[],Підприємницька діяльність. Шлях: Загальні засади правового регулювання економічного розвитку / Підприємницька діяльність. Код: 150 70.,,,2026-10-05 18:41:38,2026-10-05 18:41:38
5133,150 70 10,150 70,3,Ліцензування окремих видів діяльності (Сертифікати. Патентування),Ліцензування окремих видів діяльності (Сертифікати. Патентування),150 / 150 70 / 150 70 10,Загальні засади правового регулювання економічного розвитку / Підприємницька діяльність / Ліцензування окремих видів діяльності (Сертифікати. Патентування),0,0,3947,3947,https://zakon.rada.gov.ua/laws/main/jj682,https://zakon.rada.gov.ua/laws/main/jj682,[],Ліцензування окремих видів діяльності (Сертифікати. Патентування). Шлях: Загальні засади правового регулювання економічного розвитку / Підприємницька діяльність / Ліцензування окремих видів діяльності (Сертифікати. Патентування). Код: 150 70 10.,,,2026-10-05 18:41:38,2026-10-05 18:41:38
5134,150 71,150,2,Непідприємницькі організації,Непідприємницькі організації,150 / 150 71,Загальні засади правового регулювання економічного розвитку / Непідприємницькі організації,0,0,27,27,https://zakon.rada.gov.ua/laws/main/jj1045,https://zakon.rada.gov.ua/laws/main/jj1045,[],Непідприємницькі організації. Шлях: Загальні засади правового регулювання економічного розвитку / Непідприємницькі організації. Код: 150 71.,,,2026-10-05 18:41:38,2026-10-05 18:41:38
5135,150 80,150,2,Підприємства,Підприємства,150 / 150 80,Загальні засади правового регулювання економічного розвитку / Підприємства,1,3,2767,546,https://zakon.rada.gov.ua/laws/main/j683,https://zakon.rada.gov.ua/laws/main/jj683,[],Підприємства. Шлях: Загальні засади правового регулювання економічного розвитку / Підприємства. Код: 150 80.,,,2026-10-05 18:41:38,2026-10-05 18:41:38
5136,150 80 10,150 80,3,Державні підприємства. Казенні підприємства,Державні підприємства. Казенні підприємства,150 / 150 80 / 150 80 10,Загальні засади правового регулювання економічного розвитку / Підприємства / Державні підприємства. Казенні підприємства,0,0,1935,1935,https://zakon.rada.gov.ua/laws/main/jj684,https://zakon.rada.gov.ua/laws/main/jj684,[],Державні підприємства. Казенні підприємства. Шлях: Загальні засади правового регулювання економічного розвитку / Підприємства / Державні підприємства. Казенні підприємства. Код: 150 80 10.,,,2026-10-05 18:41:38,2026-10-05 18:41:38
5137,150 80 20,150 80,3,Малі підприємства,Малі підприємства,150 / 150 80 / 150 80 20,Загальні засади правового регулювання економічного розвитку / Підприємства / Малі підприємства,0,0,265,265,https://zakon.rada.gov.ua/laws/main/jj685,https://zakon.rada.gov.ua/laws/main/jj685,[],Малі підприємства. Шлях: Загальні засади правового регулювання економічного розвитку / Підприємства / Малі підприємства. Код: 150 80 20.,,,2026-10-05 18:41:38,2026-10-05 18:41:38
5138,150 80 30,150 80,3,Представництва. Філії. Агенції,Представництва. Філії. Агенції,150 / 150 80 / 150 80 30,Загальні засади правового регулювання економічного розвитку / Підприємства / Представництва. Філії. Агенції,0,0,35,35,https://zakon.rada.gov.ua/laws/main/jj686,https://zakon.rada.gov.ua/laws/main/jj686,[],Представництва. Філії. Агенції. Шлях: Загальні засади правового регулювання економічного розвитку / Підприємства / Представництва. Філії. Агенції. Код: 150 80 30.,,,2026-10-05 18:41:38,2026-10-05 18:41:38
5139,150 90,150,2,"Об'єднання підприємств (концерни, асоціації, корпорації тощо)","Об'єднання підприємств (концерни, асоціації, корпорації тощо)",150 / 150 90,"Загальні засади правового регулювання економічного розвитку / Об'єднання підприємств (концерни, асоціації, корпорації тощо)",0,0,485,485,https://zakon.rada.gov.ua/laws/main/jj687,https://zakon.rada.gov.ua/laws/main/jj687,[],"Об'єднання підприємств (концерни, асоціації, корпорації тощо). Шлях: Загальні засади правового регулювання економічного розвитку / Об'єднання підприємств (концерни, асоціації, корпорації тощо). Код: 150 90.",,,2026-10-05 18:41:38,2026-10-05 18:41:38
5140,150100,150,2,"Господарчі товариства (акціонерні товариства, товариства з обмеженою відповідальністю, командитні товариства)","Господарчі товариства (акціонерні товариства, товариства з обмеженою відповідальністю, командитні товариства)",150 / 150100,"Загальні засади правового регулювання економічного розвитку / Господарчі товариства (акціонерні товариства, товариства з обмеженою відповідальністю, командитні товариства)",0,0,4434,4434,https://zakon.rada.gov.ua/laws/main/jj688,https://zakon.rada.gov.ua/laws/main/jj688,[],"Господарчі товариства (акціонерні товариства, товариства з обмеженою відповідальністю, командитні товариства). Шлях: Загальні засади правового регулювання економічного розвитку / Господарчі товариства (акціонерні товариства, товариства з обмеженою відповідальністю, командитні товариства). Код: 150100.",,,2026-10-05 18:41:38,2026-10-05 18:41:38
5141,150110,150,2,"Створення, реєстрація, реорганізація, ліквідація підприємств, установ, організацій","Створення, реєстрація, реорганізація, ліквідація підприємств, установ, організацій",150 / 150110,"Загальні засади правового регулювання економічного розвитку / Створення, реєстрація, реорганізація, ліквідація підприємств, установ, організацій",0,0,768,768,https://zakon.rada.gov.ua/laws/main/jj689,https://zakon.rada.gov.ua/laws/main/jj689,[],"Створення, реєстрація, реорганізація, ліквідація підприємств, установ, організацій. Шлях: Загальні засади правового регулювання економічного розвитку / Створення, реєстрація, реорганізація, ліквідація підприємств, установ, організацій. Код: 150110.",,,2026-10-05 18:41:38,2026-10-05 18:41:38
5142,150120,150,2,"Майно, фінанси, розрахунки, планування підприємств","Майно, фінанси, розрахунки, планування підприємств",150 / 150120,"Загальні засади правового регулювання економічного розвитку / Майно, фінанси, розрахунки, планування підприємств",1,5,1070,468,https://zakon.rada.gov.ua/laws/main/j690,https://zakon.rada.gov.ua/laws/main/jj690,[],"Майно, фінанси, розрахунки, планування підприємств. Шлях: Загальні засади правового регулювання економічного розвитку / Майно, фінанси, розрахунки, планування підприємств. Код: 150120.",,,2026-10-05 18:41:38,2026-10-05 18:41:38
5143,150120 10,150120,3,"Основні фонди (будинки, споруди, устаткування)","Основні фонди (будинки, споруди, устаткування)",150 / 150120 / 150120 10,"Загальні засади правового регулювання економічного розвитку / Майно, фінанси, розрахунки, планування підприємств / Основні фонди (будинки, споруди, устаткування)",0,0,268,268,https://zakon.rada.gov.ua/laws/main/jj691,https://zakon.rada.gov.ua/laws/main/jj691,[],"Основні фонди (будинки, споруди, устаткування). Шлях: Загальні засади правового регулювання економічного розвитку / Майно, фінанси, розрахунки, планування підприємств / Основні фонди (будинки, споруди, устаткування). Код: 150120 10.",,,2026-10-05 18:41:38,2026-10-05 18:41:38
5144,150120 20,150120,3,Оборотні кошти,Оборотні кошти,150 / 150120 / 150120 20,"Загальні засади правового регулювання економічного розвитку / Майно, фінанси, розрахунки, планування підприємств / Оборотні кошти",0,0,15,15,https://zakon.rada.gov.ua/laws/main/jj692,https://zakon.rada.gov.ua/laws/main/jj692,[],"Оборотні кошти. Шлях: Загальні засади правового регулювання економічного розвитку / Майно, фінанси, розрахунки, планування підприємств / Оборотні кошти. Код: 150120 20.",,,2026-10-05 18:41:38,2026-10-05 18:41:38
5145,150120 30,150120,3,"Фонди підприємств (статутний, резервний, споживання, розвитку, виробництва та інші)","Фонди підприємств (статутний, резервний, споживання, розвитку, виробництва та інші)",150 / 150120 / 150120 30,"Загальні засади правового регулювання економічного розвитку / Майно, фінанси, розрахунки, планування підприємств / Фонди підприємств (статутний, резервний, споживання, розвитку, виробництва та інші)",0,0,268,268,https://zakon.rada.gov.ua/laws/main/jj693,https://zakon.rada.gov.ua/laws/main/jj693,[],"Фонди підприємств (статутний, резервний, споживання, розвитку, виробництва та інші). Шлях: Загальні засади правового регулювання економічного розвитку / Майно, фінанси, розрахунки, планування підприємств / Фонди підприємств (статутний, резервний, споживання, розвитку, виробництва та інші). Код: 150120 30.",,,2026-10-05 18:41:38,2026-10-05 18:41:38
5146,150120 40,150120,3,Амортизаційні відрахування,Амортизаційні відрахування,150 / 150120 / 150120 40,"Загальні засади правового регулювання економічного розвитку / Майно, фінанси, розрахунки, планування підприємств / Амортизаційні відрахування",0,0,52,52,https://zakon.rada.gov.ua/laws/main/jj694,https://zakon.rada.gov.ua/laws/main/jj694,[],"Амортизаційні відрахування. Шлях: Загальні засади правового регулювання економічного розвитку / Майно, фінанси, розрахунки, планування підприємств / Амортизаційні відрахування. Код: 150120 40.",,,2026-10-05 18:41:38,2026-10-05 18:41:38
5147,150120 50,150120,3,Прибутки (доходи). Рентабельність,Прибутки (доходи). Рентабельність,150 / 150120 / 150120 50,"Загальні засади правового регулювання економічного розвитку / Майно, фінанси, розрахунки, планування підприємств / Прибутки (доходи). Рентабельність",0,0,29,29,https://zakon.rada.gov.ua/laws/main/jj695,https://zakon.rada.gov.ua/laws/main/jj695,[],"Прибутки (доходи). Рентабельність. Шлях: Загальні засади правового регулювання економічного розвитку / Майно, фінанси, розрахунки, планування підприємств / Прибутки (доходи). Рентабельність. Код: 150120 50.",,,2026-10-05 18:41:38,2026-10-05 18:41:38
5148,150130,150,2,Господарчі договори. Договірна дисципліна (санкції),Господарчі договори. Договірна дисципліна (санкції),150 / 150130,Загальні засади правового регулювання економічного розвитку / Господарчі договори. Договірна дисципліна (санкції),1,2,647,548,https://zakon.rada.gov.ua/laws/main/j696,https://zakon.rada.gov.ua/laws/main/jj696,[],Господарчі договори. Договірна дисципліна (санкції). Шлях: Загальні засади правового регулювання економічного розвитку / Господарчі договори. Договірна дисципліна (санкції). Код: 150130.,,,2026-10-05 18:41:38,2026-10-05 18:41:38
5149,150130 10,150130,3,Посередницька діяльність,Посередницька діяльність,150 / 150130 / 150130 10,Загальні засади правового регулювання економічного розвитку / Господарчі договори. Договірна дисципліна (санкції) / Посередницька діяльність,0,0,34,34,https://zakon.rada.gov.ua/laws/main/jj697,https://zakon.rada.gov.ua/laws/main/jj697,[],Посередницька діяльність. Шлях: Загальні засади правового регулювання економічного розвитку / Господарчі договори. Договірна дисципліна (санкції) / Посередницька діяльність. Код: 150130 10.,,,2026-10-05 18:41:38,2026-10-05 18:41:38
5150,150130 20,150130,3,Бартер,Бартер,150 / 150130 / 150130 20,Загальні засади правового регулювання економічного розвитку / Господарчі договори. Договірна дисципліна (санкції) / Бартер,0,0,66,66,https://zakon.rada.gov.ua/laws/main/jj698,https://zakon.rada.gov.ua/laws/main/jj698,[],Бартер. Шлях: Загальні засади правового регулювання економічного розвитку / Господарчі договори. Договірна дисципліна (санкції) / Бартер. Код: 150130 20.,,,2026-10-05 18:41:38,2026-10-05 18:41:38
5151,150140,150,2,Продукція,Продукція,150 / 150140,Загальні засади правового регулювання економічного розвитку / Продукція,1,4,3116,742,https://zakon.rada.gov.ua/laws/main/j699,https://zakon.rada.gov.ua/laws/main/jj699,[],Продукція. Шлях: Загальні засади правового регулювання економічного розвитку / Продукція. Код: 150140.,,,2026-10-05 18:41:38,2026-10-05 18:41:38
5152,150140 10,150140,3,"Якість, асортимент. Гарантійні строки","Якість, асортимент. Гарантійні строки",150 / 150140 / 150140 10,"Загальні засади правового регулювання економічного розвитку / Продукція / Якість, асортимент. Гарантійні строки",0,0,684,684,https://zakon.rada.gov.ua/laws/main/jj700,https://zakon.rada.gov.ua/laws/main/jj700,[],"Якість, асортимент. Гарантійні строки. Шлях: Загальні засади правового регулювання економічного розвитку / Продукція / Якість, асортимент. Гарантійні строки. Код: 150140 10.",,,2026-10-05 18:41:38,2026-10-05 18:41:38
5153,150140 20,150140,3,"Стандартизація, сертифікація. Штрихове кодування. Генетично модифіковані організми","Стандартизація, сертифікація. Штрихове кодування. Генетично модифіковані організми",150 / 150140 / 150140 20,"Загальні засади правового регулювання економічного розвитку / Продукція / Стандартизація, сертифікація. Штрихове кодування. Генетично модифіковані організми",0,0,1448,1448,https://zakon.rada.gov.ua/laws/main/jj701,https://zakon.rada.gov.ua/laws/main/jj701,[],"Стандартизація, сертифікація. Штрихове кодування. Генетично модифіковані організми. Шлях: Загальні засади правового регулювання економічного розвитку / Продукція / Стандартизація, сертифікація. Штрихове кодування. Генетично модифіковані організми. Код: 150140 20.",,,2026-10-05 18:41:38,2026-10-05 18:41:38
5154,150140 30,150140,3,Технічна документація. Технічна експертиза,Технічна документація. Технічна експертиза,150 / 150140 / 150140 30,Загальні засади правового регулювання економічного розвитку / Продукція / Технічна документація. Технічна експертиза,0,0,321,321,https://zakon.rada.gov.ua/laws/main/jj702,https://zakon.rada.gov.ua/laws/main/jj702,[],Технічна документація. Технічна експертиза. Шлях: Загальні засади правового регулювання економічного розвитку / Продукція / Технічна документація. Технічна експертиза. Код: 150140 30.,,,2026-10-05 18:41:38,2026-10-05 18:41:38
5155,150140 40,150140,3,Захист прав споживачів,Захист прав споживачів,150 / 150140 / 150140 40,Загальні засади правового регулювання економічного розвитку / Продукція / Захист прав споживачів,0,0,434,434,https://zakon.rada.gov.ua/laws/main/jj703,https://zakon.rada.gov.ua/laws/main/jj703,[],Захист прав споживачів. Шлях: Загальні засади правового регулювання економічного розвитку / Продукція / Захист прав споживачів. Код: 150140 40.,,,2026-10-05 18:41:38,2026-10-05 18:41:38
5156,150150,150,2,Метрологія. Пробірний нагляд. Порядок обчислення часу,Метрологія. Пробірний нагляд. Порядок обчислення часу,150 / 150150,Загальні засади правового регулювання економічного розвитку / Метрологія. Пробірний нагляд. Порядок обчислення часу,0,0,374,374,https://zakon.rada.gov.ua/laws/main/jj704,https://zakon.rada.gov.ua/laws/main/jj704,[],Метрологія. Пробірний нагляд. Порядок обчислення часу. Шлях: Загальні засади правового регулювання економічного розвитку / Метрологія. Пробірний нагляд. Порядок обчислення часу. Код: 150150.,,,2026-10-05 18:41:38,2026-10-05 18:41:38
5157,150160,150,2,Матеріально-технічне постачання підприємств,Матеріально-технічне постачання підприємств,150 / 150160,Загальні засади правового регулювання економічного розвитку / Матеріально-технічне постачання підприємств,1,1,301,74,https://zakon.rada.gov.ua/laws/main/j705,https://zakon.rada.gov.ua/laws/main/jj705,[],Матеріально-технічне постачання підприємств. Шлях: Загальні засади правового регулювання економічного розвитку / Матеріально-технічне постачання підприємств. Код: 150160.,,,2026-10-05 18:41:38,2026-10-05 18:41:38
5158,150160 10,150160,3,"Сировина, паливо, енергія","Сировина, паливо, енергія",150 / 150160 / 150160 10,"Загальні засади правового регулювання економічного розвитку / Матеріально-технічне постачання підприємств / Сировина, паливо, енергія",0,0,229,229,https://zakon.rada.gov.ua/laws/main/jj706,https://zakon.rada.gov.ua/laws/main/jj706,[],"Сировина, паливо, енергія. Шлях: Загальні засади правового регулювання економічного розвитку / Матеріально-технічне постачання підприємств / Сировина, паливо, енергія. Код: 150160 10.",,,2026-10-05 18:41:38,2026-10-05 18:41:38
5159,150170,150,2,Інвестиції. Капітальні вкладення,Інвестиції. Капітальні вкладення,150 / 150170,Загальні засади правового регулювання економічного розвитку / Інвестиції. Капітальні вкладення,0,0,1599,1599,https://zakon.rada.gov.ua/laws/main/jj707,https://zakon.rada.gov.ua/laws/main/jj707,[],Інвестиції. Капітальні вкладення. Шлях: Загальні засади правового регулювання економічного розвитку / Інвестиції. Капітальні вкладення. Код: 150170.,,,2026-10-05 18:41:38,2026-10-05 18:41:38
5160,150180,150,2,Комерційна таємниця,Комерційна таємниця,150 / 150180,Загальні засади правового регулювання економічного розвитку / Комерційна таємниця,0,0,2,2,https://zakon.rada.gov.ua/laws/main/jj708,https://zakon.rada.gov.ua/laws/main/jj708,[],Комерційна таємниця. Шлях: Загальні засади правового регулювання економічного розвитку / Комерційна таємниця. Код: 150180.,,,2026-10-05 18:41:38,2026-10-05 18:41:38
5161,150190,150,2,Банкрутство,Банкрутство,150 / 150190,Загальні засади правового регулювання економічного розвитку / Банкрутство,0,0,1162,1162,https://zakon.rada.gov.ua/laws/main/jj709,https://zakon.rada.gov.ua/laws/main/jj709,[],Банкрутство. Шлях: Загальні засади правового регулювання економічного розвитку / Банкрутство. Код: 150190.,,,2026-10-05 18:41:38,2026-10-05 18:41:38
5162,150200,150,2,Антимонопольне законодавство. Конкуренція,Антимонопольне законодавство. Конкуренція,150 / 150200,Загальні засади правового регулювання економічного розвитку / Антимонопольне законодавство. Конкуренція,0,0,532,532,https://zakon.rada.gov.ua/laws/main/jj710,https://zakon.rada.gov.ua/laws/main/jj710,[],Антимонопольне законодавство. Конкуренція. Шлях: Загальні засади правового регулювання економічного розвитку / Антимонопольне законодавство. Конкуренція. Код: 150200.,,,2026-10-05 18:41:38,2026-10-05 18:41:38
5163,150210,150,2,"Біржі (товарні, фондові)","Біржі (товарні, фондові)",150 / 150210,"Загальні засади правового регулювання економічного розвитку / Біржі (товарні, фондові)",0,0,317,317,https://zakon.rada.gov.ua/laws/main/jj711,https://zakon.rada.gov.ua/laws/main/jj711,[],"Біржі (товарні, фондові). Шлях: Загальні засади правового регулювання економічного розвитку / Біржі (товарні, фондові). Код: 150210.",,,2026-10-05 18:41:38,2026-10-05 18:41:38
5164,160,,1,Законодавство про діяльність галузей промисловості,Законодавство про діяльність галузей промисловості,160,Законодавство про діяльність галузей промисловості,1,6,13694,205,https://zakon.rada.gov.ua/laws/main/j712,https://zakon.rada.gov.ua/laws/main/jj712,[],Законодавство про діяльність галузей промисловості. Шлях: Законодавство про діяльність галузей промисловості. Код: 160.,,,2026-10-05 18:41:38,2026-10-05 18:41:38
5165,160 10,160,2,Окремі галузі промисловості,Окремі галузі промисловості,160 / 160 10,Законодавство про діяльність галузей промисловості / Окремі галузі промисловості,1,22,12445,42,https://zakon.rada.gov.ua/laws/main/j713,https://zakon.rada.gov.ua/laws/main/jj713,[],Окремі галузі промисловості. Шлях: Законодавство про діяльність галузей промисловості / Окремі галузі промисловості. Код: 160 10.,,,2026-10-05 18:41:38,2026-10-05 18:41:38
5166,160 10 10,160 10,3,Електроенергетика,Електроенергетика,160 / 160 10 / 160 10 10,Законодавство про діяльність галузей промисловості / Окремі галузі промисловості / Електроенергетика,1,4,4609,3804,https://zakon.rada.gov.ua/laws/main/j714,https://zakon.rada.gov.ua/laws/main/jj714,[],Електроенергетика. Шлях: Законодавство про діяльність галузей промисловості / Окремі галузі промисловості / Електроенергетика. Код: 160 10 10.,,,2026-10-05 18:41:38,2026-10-05 18:41:38
5167,160 10 10 10,160 10 10,4,"Електростанції, енергогосподарства","Електростанції, енергогосподарства",160 / 160 10 / 160 10 10 / 160 10 10 10,"Законодавство про діяльність галузей промисловості / Окремі галузі промисловості / Електроенергетика / Електростанції, енергогосподарства",0,0,327,327,https://zakon.rada.gov.ua/laws/main/jj715,https://zakon.rada.gov.ua/laws/main/jj715,[],"Електростанції, енергогосподарства. Шлях: Законодавство про діяльність галузей промисловості / Окремі галузі промисловості / Електроенергетика / Електростанції, енергогосподарства. Код: 160 10 10 10.",,,2026-10-05 18:41:38,2026-10-05 18:41:38
5168,160 10 10 20,160 10 10,4,Об'єкти атомної енергетики,Об'єкти атомної енергетики,160 / 160 10 / 160 10 10 / 160 10 10 20,Законодавство про діяльність галузей промисловості / Окремі галузі промисловості / Електроенергетика / Об'єкти атомної енергетики,0,0,440,440,https://zakon.rada.gov.ua/laws/main/jj716,https://zakon.rada.gov.ua/laws/main/jj716,[],Об'єкти атомної енергетики. Шлях: Законодавство про діяльність галузей промисловості / Окремі галузі промисловості / Електроенергетика / Об'єкти атомної енергетики. Код: 160 10 10 20.,,,2026-10-05 18:41:38,2026-10-05 18:41:38
5169,160 10 10 30,160 10 10,4,"Енергонагляд, атомнагляд","Енергонагляд, атомнагляд",160 / 160 10 / 160 10 10 / 160 10 10 30,"Законодавство про діяльність галузей промисловості / Окремі галузі промисловості / Електроенергетика / Енергонагляд, атомнагляд",0,0,64,64,https://zakon.rada.gov.ua/laws/main/jj717,https://zakon.rada.gov.ua/laws/main/jj717,[],"Енергонагляд, атомнагляд. Шлях: Законодавство про діяльність галузей промисловості / Окремі галузі промисловості / Електроенергетика / Енергонагляд, атомнагляд. Код: 160 10 10 30.",,,2026-10-05 18:41:38,2026-10-05 18:41:38
5170,160 10 10 40,160 10 10,4,Альтернативна енергетика,Альтернативна енергетика,160 / 160 10 / 160 10 10 / 160 10 10 40,Законодавство про діяльність галузей промисловості / Окремі галузі промисловості / Електроенергетика / Альтернативна енергетика,0,0,166,166,https://zakon.rada.gov.ua/laws/main/jj1087,https://zakon.rada.gov.ua/laws/main/jj1087,[],Альтернативна енергетика. Шлях: Законодавство про діяльність галузей промисловості / Окремі галузі промисловості / Електроенергетика / Альтернативна енергетика. Код: 160 10 10 40.,,,2026-10-05 18:41:38,2026-10-05 18:41:38
5171,160 10 20,160 10,3,Паливна промисловість,Паливна промисловість,160 / 160 10 / 160 10 20,Законодавство про діяльність галузей промисловості / Окремі галузі промисловості / Паливна промисловість,1,3,4666,1014,https://zakon.rada.gov.ua/laws/main/j718,https://zakon.rada.gov.ua/laws/main/jj718,[],Паливна промисловість. Шлях: Законодавство про діяльність галузей промисловості / Окремі галузі промисловості / Паливна промисловість. Код: 160 10 20.,,,2026-10-05 18:41:38,2026-10-05 18:41:38
5172,160 10 20 10,160 10 20,4,Вугільна,Вугільна,160 / 160 10 / 160 10 20 / 160 10 20 10,Законодавство про діяльність галузей промисловості / Окремі галузі промисловості / Паливна промисловість / Вугільна,0,0,1200,1200,https://zakon.rada.gov.ua/laws/main/jj719,https://zakon.rada.gov.ua/laws/main/jj719,[],Вугільна. Шлях: Законодавство про діяльність галузей промисловості / Окремі галузі промисловості / Паливна промисловість / Вугільна. Код: 160 10 20 10.,,,2026-10-05 18:41:38,2026-10-05 18:41:38
5173,160 10 20 20,160 10 20,4,Нафтова,Нафтова,160 / 160 10 / 160 10 20 / 160 10 20 20,Законодавство про діяльність галузей промисловості / Окремі галузі промисловості / Паливна промисловість / Нафтова,0,0,1071,1071,https://zakon.rada.gov.ua/laws/main/jj720,https://zakon.rada.gov.ua/laws/main/jj720,[],Нафтова. Шлях: Законодавство про діяльність галузей промисловості / Окремі галузі промисловості / Паливна промисловість / Нафтова. Код: 160 10 20 20.,,,2026-10-05 18:41:38,2026-10-05 18:41:38
5174,160 10 20 30,160 10 20,4,Газова,Газова,160 / 160 10 / 160 10 20 / 160 10 20 30,Законодавство про діяльність галузей промисловості / Окремі галузі промисловості / Паливна промисловість / Газова,0,0,2114,2114,https://zakon.rada.gov.ua/laws/main/jj721,https://zakon.rada.gov.ua/laws/main/jj721,[],Газова. Шлях: Законодавство про діяльність галузей промисловості / Окремі галузі промисловості / Паливна промисловість / Газова. Код: 160 10 20 30.,,,2026-10-05 18:41:38,2026-10-05 18:41:38
5175,160 10 30,160 10,3,"Хімічна, нафтохімічна","Хімічна, нафтохімічна",160 / 160 10 / 160 10 30,"Законодавство про діяльність галузей промисловості / Окремі галузі промисловості / Хімічна, нафтохімічна",0,0,299,299,https://zakon.rada.gov.ua/laws/main/jj722,https://zakon.rada.gov.ua/laws/main/jj722,[],"Хімічна, нафтохімічна. Шлях: Законодавство про діяльність галузей промисловості / Окремі галузі промисловості / Хімічна, нафтохімічна. Код: 160 10 30.",,,2026-10-05 18:41:38,2026-10-05 18:41:38
5176,160 10 40,160 10,3,"Машинобудування, металообробка","Машинобудування, металообробка",160 / 160 10 / 160 10 40,"Законодавство про діяльність галузей промисловості / Окремі галузі промисловості / Машинобудування, металообробка",0,0,209,209,https://zakon.rada.gov.ua/laws/main/jj723,https://zakon.rada.gov.ua/laws/main/jj723,[],"Машинобудування, металообробка. Шлях: Законодавство про діяльність галузей промисловості / Окремі галузі промисловості / Машинобудування, металообробка. Код: 160 10 40.",,,2026-10-05 18:41:38,2026-10-05 18:41:38
5177,160 10 50,160 10,3,"Радіоелектронна, приладобудування","Радіоелектронна, приладобудування",160 / 160 10 / 160 10 50,"Законодавство про діяльність галузей промисловості / Окремі галузі промисловості / Радіоелектронна, приладобудування",0,0,135,135,https://zakon.rada.gov.ua/laws/main/jj724,https://zakon.rada.gov.ua/laws/main/jj724,[],"Радіоелектронна, приладобудування. Шлях: Законодавство про діяльність галузей промисловості / Окремі галузі промисловості / Радіоелектронна, приладобудування. Код: 160 10 50.",,,2026-10-05 18:41:38,2026-10-05 18:41:38
5178,160 10 60,160 10,3,"Лісова, деревообробна, целюлозно-паперова","Лісова, деревообробна, целюлозно-паперова",160 / 160 10 / 160 10 60,"Законодавство про діяльність галузей промисловості / Окремі галузі промисловості / Лісова, деревообробна, целюлозно-паперова",0,0,112,112,https://zakon.rada.gov.ua/laws/main/jj725,https://zakon.rada.gov.ua/laws/main/jj725,[],"Лісова, деревообробна, целюлозно-паперова. Шлях: Законодавство про діяльність галузей промисловості / Окремі галузі промисловості / Лісова, деревообробна, целюлозно-паперова. Код: 160 10 60.",,,2026-10-05 18:41:38,2026-10-05 18:41:38
5179,160 10 70,160 10,3,Промисловість будівельних матеріалів,Промисловість будівельних матеріалів,160 / 160 10 / 160 10 70,Законодавство про діяльність галузей промисловості / Окремі галузі промисловості / Промисловість будівельних матеріалів,0,0,76,76,https://zakon.rada.gov.ua/laws/main/jj726,https://zakon.rada.gov.ua/laws/main/jj726,[],Промисловість будівельних матеріалів. Шлях: Законодавство про діяльність галузей промисловості / Окремі галузі промисловості / Промисловість будівельних матеріалів. Код: 160 10 70.,,,2026-10-05 18:41:38,2026-10-05 18:41:38
5180,160 10 80,160 10,3,Чорна металургія,Чорна металургія,160 / 160 10 / 160 10 80,Законодавство про діяльність галузей промисловості / Окремі галузі промисловості / Чорна металургія,0,0,254,254,https://zakon.rada.gov.ua/laws/main/jj727,https://zakon.rada.gov.ua/laws/main/jj727,[],Чорна металургія. Шлях: Законодавство про діяльність галузей промисловості / Окремі галузі промисловості / Чорна металургія. Код: 160 10 80.,,,2026-10-05 18:41:38,2026-10-05 18:41:38
5181,160 10 90,160 10,3,Кольорова металургія,Кольорова металургія,160 / 160 10 / 160 10 90,Законодавство про діяльність галузей промисловості / Окремі галузі промисловості / Кольорова металургія,0,0,150,150,https://zakon.rada.gov.ua/laws/main/jj728,https://zakon.rada.gov.ua/laws/main/jj728,[],Кольорова металургія. Шлях: Законодавство про діяльність галузей промисловості / Окремі галузі промисловості / Кольорова металургія. Код: 160 10 90.,,,2026-10-05 18:41:38,2026-10-05 18:41:38
5182,160 10100,160 10,3,Фарфоро-фаянсова промисловість,Фарфоро-фаянсова промисловість,160 / 160 10 / 160 10100,Законодавство про діяльність галузей промисловості / Окремі галузі промисловості / Фарфоро-фаянсова промисловість,0,0,9,9,https://zakon.rada.gov.ua/laws/main/jj729,https://zakon.rada.gov.ua/laws/main/jj729,[],Фарфоро-фаянсова промисловість. Шлях: Законодавство про діяльність галузей промисловості / Окремі галузі промисловості / Фарфоро-фаянсова промисловість. Код: 160 10100.,,,2026-10-05 18:41:38,2026-10-05 18:41:38
5183,160 10110,160 10,3,Поліграфічна промисловість,Поліграфічна промисловість,160 / 160 10 / 160 10110,Законодавство про діяльність галузей промисловості / Окремі галузі промисловості / Поліграфічна промисловість,0,0,43,43,https://zakon.rada.gov.ua/laws/main/jj730,https://zakon.rada.gov.ua/laws/main/jj730,[],Поліграфічна промисловість. Шлях: Законодавство про діяльність галузей промисловості / Окремі галузі промисловості / Поліграфічна промисловість. Код: 160 10110.,,,2026-10-05 18:41:38,2026-10-05 18:41:38
5184,160 10120,160 10,3,Суднобудівна промисловість,Суднобудівна промисловість,160 / 160 10 / 160 10120,Законодавство про діяльність галузей промисловості / Окремі галузі промисловості / Суднобудівна промисловість,0,0,122,122,https://zakon.rada.gov.ua/laws/main/jj731,https://zakon.rada.gov.ua/laws/main/jj731,[],Суднобудівна промисловість. Шлях: Законодавство про діяльність галузей промисловості / Окремі галузі промисловості / Суднобудівна промисловість. Код: 160 10120.,,,2026-10-05 18:41:38,2026-10-05 18:41:38
5185,160 10130,160 10,3,Легка промисловість,Легка промисловість,160 / 160 10 / 160 10130,Законодавство про діяльність галузей промисловості / Окремі галузі промисловості / Легка промисловість,0,0,110,110,https://zakon.rada.gov.ua/laws/main/jj732,https://zakon.rada.gov.ua/laws/main/jj732,[],Легка промисловість. Шлях: Законодавство про діяльність галузей промисловості / Окремі галузі промисловості / Легка промисловість. Код: 160 10130.,,,2026-10-05 18:41:38,2026-10-05 18:41:38
5186,160 10140,160 10,3,Харчова промисловість,Харчова промисловість,160 / 160 10 / 160 10140,Законодавство про діяльність галузей промисловості / Окремі галузі промисловості / Харчова промисловість,0,0,981,981,https://zakon.rada.gov.ua/laws/main/jj733,https://zakon.rada.gov.ua/laws/main/jj733,[],Харчова промисловість. Шлях: Законодавство про діяльність галузей промисловості / Окремі галузі промисловості / Харчова промисловість. Код: 160 10140.,,,2026-10-05 18:41:38,2026-10-05 18:41:38
5187,160 10150,160 10,3,Рибна промисловість,Рибна промисловість,160 / 160 10 / 160 10150,Законодавство про діяльність галузей промисловості / Окремі галузі промисловості / Рибна промисловість,0,0,405,405,https://zakon.rada.gov.ua/laws/main/jj734,https://zakon.rada.gov.ua/laws/main/jj734,[],Рибна промисловість. Шлях: Законодавство про діяльність галузей промисловості / Окремі галузі промисловості / Рибна промисловість. Код: 160 10150.,,,2026-10-05 18:41:38,2026-10-05 18:41:38
5188,160 10160,160 10,3,Хлібопекарна промисловість,Хлібопекарна промисловість,160 / 160 10 / 160 10160,Законодавство про діяльність галузей промисловості / Окремі галузі промисловості / Хлібопекарна промисловість,0,0,26,26,https://zakon.rada.gov.ua/laws/main/jj735,https://zakon.rada.gov.ua/laws/main/jj735,[],Хлібопекарна промисловість. Шлях: Законодавство про діяльність галузей промисловості / Окремі галузі промисловості / Хлібопекарна промисловість. Код: 160 10160.,,,2026-10-05 18:41:38,2026-10-05 18:41:38
5189,160 10170,160 10,3,Медична промисловість,Медична промисловість,160 / 160 10 / 160 10170,Законодавство про діяльність галузей промисловості / Окремі галузі промисловості / Медична промисловість,0,0,255,255,https://zakon.rada.gov.ua/laws/main/jj736,https://zakon.rada.gov.ua/laws/main/jj736,[],Медична промисловість. Шлях: Законодавство про діяльність галузей промисловості / Окремі галузі промисловості / Медична промисловість. Код: 160 10170.,,,2026-10-05 18:41:38,2026-10-05 18:41:38
5190,160 10180,160 10,3,Мікробіологічна промисловість,Мікробіологічна промисловість,160 / 160 10 / 160 10180,Законодавство про діяльність галузей промисловості / Окремі галузі промисловості / Мікробіологічна промисловість,0,0,22,22,https://zakon.rada.gov.ua/laws/main/jj737,https://zakon.rada.gov.ua/laws/main/jj737,[],Мікробіологічна промисловість. Шлях: Законодавство про діяльність галузей промисловості / Окремі галузі промисловості / Мікробіологічна промисловість. Код: 160 10180.,,,2026-10-05 18:41:38,2026-10-05 18:41:38
5191,160 10190,160 10,3,Оборонна промисловість. Конверсія,Оборонна промисловість. Конверсія,160 / 160 10 / 160 10190,Законодавство про діяльність галузей промисловості / Окремі галузі промисловості / Оборонна промисловість. Конверсія,0,0,582,582,https://zakon.rada.gov.ua/laws/main/jj738,https://zakon.rada.gov.ua/laws/main/jj738,[],Оборонна промисловість. Конверсія. Шлях: Законодавство про діяльність галузей промисловості / Окремі галузі промисловості / Оборонна промисловість. Конверсія. Код: 160 10190.,,,2026-10-05 18:41:38,2026-10-05 18:41:38
5192,160 10200,160 10,3,Ювелірна промисловість,Ювелірна промисловість,160 / 160 10 / 160 10200,Законодавство про діяльність галузей промисловості / Окремі галузі промисловості / Ювелірна промисловість,0,0,27,27,https://zakon.rada.gov.ua/laws/main/jj739,https://zakon.rada.gov.ua/laws/main/jj739,[],Ювелірна промисловість. Шлях: Законодавство про діяльність галузей промисловості / Окремі галузі промисловості / Ювелірна промисловість. Код: 160 10200.,,,2026-10-05 18:41:38,2026-10-05 18:41:38
5193,160 10210,160 10,3,Авіаційна промисловість,Авіаційна промисловість,160 / 160 10 / 160 10210,Законодавство про діяльність галузей промисловості / Окремі галузі промисловості / Авіаційна промисловість,0,0,258,258,https://zakon.rada.gov.ua/laws/main/jj740,https://zakon.rada.gov.ua/laws/main/jj740,[],Авіаційна промисловість. Шлях: Законодавство про діяльність галузей промисловості / Окремі галузі промисловості / Авіаційна промисловість. Код: 160 10210.,,,2026-10-05 18:41:38,2026-10-05 18:41:38
5194,160 10220,160 10,3,Автомобільна промисловість,Автомобільна промисловість,160 / 160 10 / 160 10220,Законодавство про діяльність галузей промисловості / Окремі галузі промисловості / Автомобільна промисловість,0,0,99,99,https://zakon.rada.gov.ua/laws/main/jj741,https://zakon.rada.gov.ua/laws/main/jj741,[],Автомобільна промисловість. Шлях: Законодавство про діяльність галузей промисловості / Окремі галузі промисловості / Автомобільна промисловість. Код: 160 10220.,,,2026-10-05 18:41:38,2026-10-05 18:41:38
5195,160 20,160,2,"Інвентаризація, відпуск для промислових потреб дорогоцінних металів, алмазів, дорогоцінного каміння","Інвентаризація, відпуск для промислових потреб дорогоцінних металів, алмазів, дорогоцінного каміння",160 / 160 20,"Законодавство про діяльність галузей промисловості / Інвентаризація, відпуск для промислових потреб дорогоцінних металів, алмазів, дорогоцінного каміння",0,0,44,44,https://zakon.rada.gov.ua/laws/main/jj742,https://zakon.rada.gov.ua/laws/main/jj742,[],"Інвентаризація, відпуск для промислових потреб дорогоцінних металів, алмазів, дорогоцінного каміння. Шлях: Законодавство про діяльність галузей промисловості / Інвентаризація, відпуск для промислових потреб дорогоцінних металів, алмазів, дорогоцінного каміння. Код: 160 20.",,,2026-10-05 18:41:38,2026-10-05 18:41:38
5196,160 30,160,2,"Заходи по боротьбі з викидами промисловості, забрудненням повітря, вод, боротьба з шумом","Заходи по боротьбі з викидами промисловості, забрудненням повітря, вод, боротьба з шумом",160 / 160 30,"Законодавство про діяльність галузей промисловості / Заходи по боротьбі з викидами промисловості, забрудненням повітря, вод, боротьба з шумом",0,0,198,198,https://zakon.rada.gov.ua/laws/main/jj743,https://zakon.rada.gov.ua/laws/main/jj743,[],"Заходи по боротьбі з викидами промисловості, забрудненням повітря, вод, боротьба з шумом. Шлях: Законодавство про діяльність галузей промисловості / Заходи по боротьбі з викидами промисловості, забрудненням повітря, вод, боротьба з шумом. Код: 160 30.",,,2026-10-05 18:41:38,2026-10-05 18:41:38
5197,160 40,160,2,Відходи виробництва. Вторинна сировина. Металобрухт. Отруйні речовини,Відходи виробництва. Вторинна сировина. Металобрухт. Отруйні речовини,160 / 160 40,Законодавство про діяльність галузей промисловості / Відходи виробництва. Вторинна сировина. Металобрухт. Отруйні речовини,0,0,579,579,https://zakon.rada.gov.ua/laws/main/jj744,https://zakon.rada.gov.ua/laws/main/jj744,[],Відходи виробництва. Вторинна сировина. Металобрухт. Отруйні речовини. Шлях: Законодавство про діяльність галузей промисловості / Відходи виробництва. Вторинна сировина. Металобрухт. Отруйні речовини. Код: 160 40.,,,2026-10-05 18:41:38,2026-10-05 18:41:38
5198,160 50,160,2,"Нагляд за безпечним веденням робіт у промисловості та будівництві. Порядок зберігання, обліку та використання вибухових матеріалів","Нагляд за безпечним веденням робіт у промисловості та будівництві. Порядок зберігання, обліку та використання вибухових матеріалів",160 / 160 50,"Законодавство про діяльність галузей промисловості / Нагляд за безпечним веденням робіт у промисловості та будівництві. Порядок зберігання, обліку та використання вибухових матеріалів",0,0,140,140,https://zakon.rada.gov.ua/laws/main/jj745,https://zakon.rada.gov.ua/laws/main/jj745,[],"Нагляд за безпечним веденням робіт у промисловості та будівництві. Порядок зберігання, обліку та використання вибухових матеріалів. Шлях: Законодавство про діяльність галузей промисловості / Нагляд за безпечним веденням робіт у промисловості та будівництві. Порядок зберігання, обліку та використання вибухових матеріалів. Код: 160 50.",,,2026-10-05 18:41:38,2026-10-05 18:41:38
5199,160 60,160,2,Законодавство про енергозбереження,Законодавство про енергозбереження,160 / 160 60,Законодавство про діяльність галузей промисловості / Законодавство про енергозбереження,0,0,459,459,https://zakon.rada.gov.ua/laws/main/jj746,https://zakon.rada.gov.ua/laws/main/jj746,[],Законодавство про енергозбереження. Шлях: Законодавство про діяльність галузей промисловості / Законодавство про енергозбереження. Код: 160 60.,,,2026-10-05 18:41:38,2026-10-05 18:41:38
5200,170,,1,Законодавство про основи містобудування,Законодавство про основи містобудування,170,Законодавство про основи містобудування,1,6,4041,351,https://zakon.rada.gov.ua/laws/main/j747,https://zakon.rada.gov.ua/laws/main/jj747,[],Законодавство про основи містобудування. Шлях: Законодавство про основи містобудування. Код: 170.,,,2026-10-05 18:41:38,2026-10-05 18:41:38
5201,170 10,170,2,Прогнозування розвитку і планування територій,Прогнозування розвитку і планування територій,170 / 170 10,Законодавство про основи містобудування / Прогнозування розвитку і планування територій,0,0,167,167,https://zakon.rada.gov.ua/laws/main/jj748,https://zakon.rada.gov.ua/laws/main/jj748,[],Прогнозування розвитку і планування територій. Шлях: Законодавство про основи містобудування / Прогнозування розвитку і планування територій. Код: 170 10.,,,2026-10-05 18:41:38,2026-10-05 18:41:38
5202,170 20,170,2,Проектування,Проектування,170 / 170 20,Законодавство про основи містобудування / Проектування,1,1,918,255,https://zakon.rada.gov.ua/laws/main/j749,https://zakon.rada.gov.ua/laws/main/jj749,[],Проектування. Шлях: Законодавство про основи містобудування / Проектування. Код: 170 20.,,,2026-10-05 18:41:38,2026-10-05 18:41:38
5203,170 20 10,170 20,3,Проектні організації. Типові проекти. Титульні списки будов. Норми технічного проектування. Поліпшення проектно-кошторисної справи,Проектні організації. Типові проекти. Титульні списки будов. Норми технічного проектування. Поліпшення проектно-кошторисної справи,170 / 170 20 / 170 20 10,Законодавство про основи містобудування / Проектування / Проектні організації. Типові проекти. Титульні списки будов. Норми технічного проектування. Поліпшення проектно-кошторисної справи,0,0,665,665,https://zakon.rada.gov.ua/laws/main/jj750,https://zakon.rada.gov.ua/laws/main/jj750,[],Проектні організації. Типові проекти. Титульні списки будов. Норми технічного проектування. Поліпшення проектно-кошторисної справи. Шлях: Законодавство про основи містобудування / Проектування / Проектні організації. Типові проекти. Титульні списки будов. Норми технічного проектування. Поліпшення проектно-кошторисної справи. Код: 170 20 10.,,,2026-10-05 18:41:38,2026-10-05 18:41:38
5204,170 30,170,2,Будівництво та капітальний ремонт,Будівництво та капітальний ремонт,170 / 170 30,Законодавство про основи містобудування / Будівництво та капітальний ремонт,1,9,2782,1123,https://zakon.rada.gov.ua/laws/main/j751,https://zakon.rada.gov.ua/laws/main/jj751,[],Будівництво та капітальний ремонт. Шлях: Законодавство про основи містобудування / Будівництво та капітальний ремонт. Код: 170 30.,,,2026-10-05 18:41:38,2026-10-05 18:41:38
5205,170 30 10,170 30,3,Промислове будівництво,Промислове будівництво,170 / 170 30 / 170 30 10,Законодавство про основи містобудування / Будівництво та капітальний ремонт / Промислове будівництво,0,0,353,353,https://zakon.rada.gov.ua/laws/main/jj752,https://zakon.rada.gov.ua/laws/main/jj752,[],Промислове будівництво. Шлях: Законодавство про основи містобудування / Будівництво та капітальний ремонт / Промислове будівництво. Код: 170 30 10.,,,2026-10-05 18:41:38,2026-10-05 18:41:38
5206,170 30 20,170 30,3,Соціально-культурне будівництво,Соціально-культурне будівництво,170 / 170 30 / 170 30 20,Законодавство про основи містобудування / Будівництво та капітальний ремонт / Соціально-культурне будівництво,0,0,127,127,https://zakon.rada.gov.ua/laws/main/jj753,https://zakon.rada.gov.ua/laws/main/jj753,[],Соціально-культурне будівництво. Шлях: Законодавство про основи містобудування / Будівництво та капітальний ремонт / Соціально-культурне будівництво. Код: 170 30 20.,,,2026-10-05 18:41:38,2026-10-05 18:41:38
5207,170 30 30,170 30,3,Житлове будівництво,Житлове будівництво,170 / 170 30 / 170 30 30,Законодавство про основи містобудування / Будівництво та капітальний ремонт / Житлове будівництво,1,3,483,422,https://zakon.rada.gov.ua/laws/main/j754,https://zakon.rada.gov.ua/laws/main/jj754,[],Житлове будівництво. Шлях: Законодавство про основи містобудування / Будівництво та капітальний ремонт / Житлове будівництво. Код: 170 30 30.,,,2026-10-05 18:41:38,2026-10-05 18:41:38
5208,170 30 30 10,170 30 30,4,Спорудження державного та кооперативного житлового фонду,Спорудження державного та кооперативного житлового фонду,170 / 170 30 / 170 30 30 / 170 30 30 10,Законодавство про основи містобудування / Будівництво та капітальний ремонт / Житлове будівництво / Спорудження державного та кооперативного житлового фонду,0,0,35,35,https://zakon.rada.gov.ua/laws/main/jj755,https://zakon.rada.gov.ua/laws/main/jj755,[],Спорудження державного та кооперативного житлового фонду. Шлях: Законодавство про основи містобудування / Будівництво та капітальний ремонт / Житлове будівництво / Спорудження державного та кооперативного житлового фонду. Код: 170 30 30 10.,,,2026-10-05 18:41:38,2026-10-05 18:41:38
5209,170 30 30 20,170 30 30,4,Приватне житлове будівництво,Приватне житлове будівництво,170 / 170 30 / 170 30 30 / 170 30 30 20,Законодавство про основи містобудування / Будівництво та капітальний ремонт / Житлове будівництво / Приватне житлове будівництво,0,0,25,25,https://zakon.rada.gov.ua/laws/main/jj756,https://zakon.rada.gov.ua/laws/main/jj756,[],Приватне житлове будівництво. Шлях: Законодавство про основи містобудування / Будівництво та капітальний ремонт / Житлове будівництво / Приватне житлове будівництво. Код: 170 30 30 20.,,,2026-10-05 18:41:38,2026-10-05 18:41:38
5210,170 30 30 30,170 30 30,4,Будівництво дач,Будівництво дач,170 / 170 30 / 170 30 30 / 170 30 30 30,Законодавство про основи містобудування / Будівництво та капітальний ремонт / Житлове будівництво / Будівництво дач,0,0,9,9,https://zakon.rada.gov.ua/laws/main/jj757,https://zakon.rada.gov.ua/laws/main/jj757,[],Будівництво дач. Шлях: Законодавство про основи містобудування / Будівництво та капітальний ремонт / Житлове будівництво / Будівництво дач. Код: 170 30 30 30.,,,2026-10-05 18:41:38,2026-10-05 18:41:38
5211,170 30 40,170 30,3,Сільське будівництво,Сільське будівництво,170 / 170 30 / 170 30 40,Законодавство про основи містобудування / Будівництво та капітальний ремонт / Сільське будівництво,0,0,47,47,https://zakon.rada.gov.ua/laws/main/jj758,https://zakon.rada.gov.ua/laws/main/jj758,[],Сільське будівництво. Шлях: Законодавство про основи містобудування / Будівництво та капітальний ремонт / Сільське будівництво. Код: 170 30 40.,,,2026-10-05 18:41:38,2026-10-05 18:41:38
5212,170 30 50,170 30,3,Прийняття в експлуатацію завершених об'єктів. Реєстрація споруд,Прийняття в експлуатацію завершених об'єктів. Реєстрація споруд,170 / 170 30 / 170 30 50,Законодавство про основи містобудування / Будівництво та капітальний ремонт / Прийняття в експлуатацію завершених об'єктів. Реєстрація споруд,0,0,119,119,https://zakon.rada.gov.ua/laws/main/jj759,https://zakon.rada.gov.ua/laws/main/jj759,[],Прийняття в експлуатацію завершених об'єктів. Реєстрація споруд. Шлях: Законодавство про основи містобудування / Будівництво та капітальний ремонт / Прийняття в експлуатацію завершених об'єктів. Реєстрація споруд. Код: 170 30 50.,,,2026-10-05 18:41:38,2026-10-05 18:41:38
5213,170 30 60,170 30,3,Будівництво промислових та інших об'єктів на території курортів державного і місцевого значення,Будівництво промислових та інших об'єктів на території курортів державного і місцевого значення,170 / 170 30 / 170 30 60,Законодавство про основи містобудування / Будівництво та капітальний ремонт / Будівництво промислових та інших об'єктів на території курортів державного і місцевого значення,0,0,3,3,https://zakon.rada.gov.ua/laws/main/jj760,https://zakon.rada.gov.ua/laws/main/jj760,[],Будівництво промислових та інших об'єктів на території курортів державного і місцевого значення. Шлях: Законодавство про основи містобудування / Будівництво та капітальний ремонт / Будівництво промислових та інших об'єктів на території курортів державного і місцевого значення. Код: 170 30 60.,,,2026-10-05 18:41:38,2026-10-05 18:41:38
5214,170 30 70,170 30,3,Будівництво будівель і споруд за кордоном. Будівництво закордонними фірмами в Україні,Будівництво будівель і споруд за кордоном. Будівництво закордонними фірмами в Україні,170 / 170 30 / 170 30 70,Законодавство про основи містобудування / Будівництво та капітальний ремонт / Будівництво будівель і споруд за кордоном. Будівництво закордонними фірмами в Україні,0,0,12,12,https://zakon.rada.gov.ua/laws/main/jj761,https://zakon.rada.gov.ua/laws/main/jj761,[],Будівництво будівель і споруд за кордоном. Будівництво закордонними фірмами в Україні. Шлях: Законодавство про основи містобудування / Будівництво та капітальний ремонт / Будівництво будівель і споруд за кордоном. Будівництво закордонними фірмами в Україні. Код: 170 30 70.,,,2026-10-05 18:41:38,2026-10-05 18:41:38
5215,170 30 80,170 30,3,"Капітальний ремонт, реконструкція будівель","Капітальний ремонт, реконструкція будівель",170 / 170 30 / 170 30 80,"Законодавство про основи містобудування / Будівництво та капітальний ремонт / Капітальний ремонт, реконструкція будівель",0,0,492,492,https://zakon.rada.gov.ua/laws/main/jj762,https://zakon.rada.gov.ua/laws/main/jj762,[],"Капітальний ремонт, реконструкція будівель. Шлях: Законодавство про основи містобудування / Будівництво та капітальний ремонт / Капітальний ремонт, реконструкція будівель. Код: 170 30 80.",,,2026-10-05 18:41:38,2026-10-05 18:41:38
5216,170 30 90,170 30,3,Незавершене будівництво. Консервація,Незавершене будівництво. Консервація,170 / 170 30 / 170 30 90,Законодавство про основи містобудування / Будівництво та капітальний ремонт / Незавершене будівництво. Консервація,0,0,153,153,https://zakon.rada.gov.ua/laws/main/jj763,https://zakon.rada.gov.ua/laws/main/jj763,[],Незавершене будівництво. Консервація. Шлях: Законодавство про основи містобудування / Будівництво та капітальний ремонт / Незавершене будівництво. Консервація. Код: 170 30 90.,,,2026-10-05 18:41:38,2026-10-05 18:41:38
5217,170 40,170,2,Архітектура,Архітектура,170 / 170 40,Законодавство про основи містобудування / Архітектура,0,0,252,252,https://zakon.rada.gov.ua/laws/main/jj764,https://zakon.rada.gov.ua/laws/main/jj764,[],Архітектура. Шлях: Законодавство про основи містобудування / Архітектура. Код: 170 40.,,,2026-10-05 18:41:38,2026-10-05 18:41:38
5218,170 50,170,2,"Благоустрій, озеленення","Благоустрій, озеленення",170 / 170 50,"Законодавство про основи містобудування / Благоустрій, озеленення",0,0,139,139,https://zakon.rada.gov.ua/laws/main/jj765,https://zakon.rada.gov.ua/laws/main/jj765,[],"Благоустрій, озеленення. Шлях: Законодавство про основи містобудування / Благоустрій, озеленення. Код: 170 50.",,,2026-10-05 18:41:38,2026-10-05 18:41:38
5219,170 60,170,2,Законодавство про відповідальність за правопорушення у сфері містобудування,Законодавство про відповідальність за правопорушення у сфері містобудування,170 / 170 60,Законодавство про основи містобудування / Законодавство про відповідальність за правопорушення у сфері містобудування,0,0,31,31,https://zakon.rada.gov.ua/laws/main/jj766,https://zakon.rada.gov.ua/laws/main/jj766,[],Законодавство про відповідальність за правопорушення у сфері містобудування. Шлях: Законодавство про основи містобудування / Законодавство про відповідальність за правопорушення у сфері містобудування. Код: 170 60.,,,2026-10-05 18:41:38,2026-10-05 18:41:38
5220,180,,1,Законодавство про забезпечення діяльності транспорту,Законодавство про забезпечення діяльності транспорту,180,Законодавство про забезпечення діяльності транспорту,1,11,9862,641,https://zakon.rada.gov.ua/laws/main/j767,https://zakon.rada.gov.ua/laws/main/jj767,[],Законодавство про забезпечення діяльності транспорту. Шлях: Законодавство про забезпечення діяльності транспорту. Код: 180.,,,2026-10-05 18:41:38,2026-10-05 18:41:38
5221,180 10,180,2,Залізничний транспорт,Залізничний транспорт,180 / 180 10,Законодавство про забезпечення діяльності транспорту / Залізничний транспорт,1,8,1738,857,https://zakon.rada.gov.ua/laws/main/j768,https://zakon.rada.gov.ua/laws/main/jj768,[],Залізничний транспорт. Шлях: Законодавство про забезпечення діяльності транспорту / Залізничний транспорт. Код: 180 10.,,,2026-10-05 18:41:38,2026-10-05 18:41:38
5222,180 10 10,180 10,3,Статут залізниць,Статут залізниць,180 / 180 10 / 180 10 10,Законодавство про забезпечення діяльності транспорту / Залізничний транспорт / Статут залізниць,0,0,34,34,https://zakon.rada.gov.ua/laws/main/jj769,https://zakon.rada.gov.ua/laws/main/jj769,[],Статут залізниць. Шлях: Законодавство про забезпечення діяльності транспорту / Залізничний транспорт / Статут залізниць. Код: 180 10 10.,,,2026-10-05 18:41:38,2026-10-05 18:41:38
5223,180 10 20,180 10,3,Перевезення і охорона вантажів,Перевезення і охорона вантажів,180 / 180 10 / 180 10 20,Законодавство про забезпечення діяльності транспорту / Залізничний транспорт / Перевезення і охорона вантажів,0,0,582,582,https://zakon.rada.gov.ua/laws/main/jj770,https://zakon.rada.gov.ua/laws/main/jj770,[],Перевезення і охорона вантажів. Шлях: Законодавство про забезпечення діяльності транспорту / Залізничний транспорт / Перевезення і охорона вантажів. Код: 180 10 20.,,,2026-10-05 18:41:38,2026-10-05 18:41:38
5224,180 10 30,180 10,3,Перевезення пасажирів,Перевезення пасажирів,180 / 180 10 / 180 10 30,Законодавство про забезпечення діяльності транспорту / Залізничний транспорт / Перевезення пасажирів,0,0,260,260,https://zakon.rada.gov.ua/laws/main/jj771,https://zakon.rada.gov.ua/laws/main/jj771,[],Перевезення пасажирів. Шлях: Законодавство про забезпечення діяльності транспорту / Залізничний транспорт / Перевезення пасажирів. Код: 180 10 30.,,,2026-10-05 18:41:38,2026-10-05 18:41:38
5225,180 10 40,180 10,3,Тарифи і розрахунки,Тарифи і розрахунки,180 / 180 10 / 180 10 40,Законодавство про забезпечення діяльності транспорту / Залізничний транспорт / Тарифи і розрахунки,0,0,210,210,https://zakon.rada.gov.ua/laws/main/jj772,https://zakon.rada.gov.ua/laws/main/jj772,[],Тарифи і розрахунки. Шлях: Законодавство про забезпечення діяльності транспорту / Залізничний транспорт / Тарифи і розрахунки. Код: 180 10 40.,,,2026-10-05 18:41:38,2026-10-05 18:41:38
5226,180 10 50,180 10,3,Рухомий склад і під'їзні колії (штрафи за простій на під'їзних коліях),Рухомий склад і під'їзні колії (штрафи за простій на під'їзних коліях),180 / 180 10 / 180 10 50,Законодавство про забезпечення діяльності транспорту / Залізничний транспорт / Рухомий склад і під'їзні колії (штрафи за простій на під'їзних коліях),0,0,74,74,https://zakon.rada.gov.ua/laws/main/jj773,https://zakon.rada.gov.ua/laws/main/jj773,[],Рухомий склад і під'їзні колії (штрафи за простій на під'їзних коліях). Шлях: Законодавство про забезпечення діяльності транспорту / Залізничний транспорт / Рухомий склад і під'їзні колії (штрафи за простій на під'їзних коліях). Код: 180 10 50.,,,2026-10-05 18:41:38,2026-10-05 18:41:38
5227,180 10 60,180 10,3,Звання. Форма одягу,Звання. Форма одягу,180 / 180 10 / 180 10 60,Законодавство про забезпечення діяльності транспорту / Залізничний транспорт / Звання. Форма одягу,0,0,12,12,https://zakon.rada.gov.ua/laws/main/jj774,https://zakon.rada.gov.ua/laws/main/jj774,[],Звання. Форма одягу. Шлях: Законодавство про забезпечення діяльності транспорту / Залізничний транспорт / Звання. Форма одягу. Код: 180 10 60.,,,2026-10-05 18:41:38,2026-10-05 18:41:38
5228,180 10 70,180 10,3,Дисципліна (дисциплінарний статут),Дисципліна (дисциплінарний статут),180 / 180 10 / 180 10 70,Законодавство про забезпечення діяльності транспорту / Залізничний транспорт / Дисципліна (дисциплінарний статут),0,0,1,1,https://zakon.rada.gov.ua/laws/main/jj775,https://zakon.rada.gov.ua/laws/main/jj775,[],Дисципліна (дисциплінарний статут). Шлях: Законодавство про забезпечення діяльності транспорту / Залізничний транспорт / Дисципліна (дисциплінарний статут). Код: 180 10 70.,,,2026-10-05 18:41:38,2026-10-05 18:41:38
5229,180 10 80,180 10,3,Аварії,Аварії,180 / 180 10 / 180 10 80,Законодавство про забезпечення діяльності транспорту / Залізничний транспорт / Аварії,0,0,30,30,https://zakon.rada.gov.ua/laws/main/jj776,https://zakon.rada.gov.ua/laws/main/jj776,[],Аварії. Шлях: Законодавство про забезпечення діяльності транспорту / Залізничний транспорт / Аварії. Код: 180 10 80.,,,2026-10-05 18:41:38,2026-10-05 18:41:38
5230,180 11,180,2,Загальні питання водного транспорту,Загальні питання водного транспорту,180 / 180 11,Законодавство про забезпечення діяльності транспорту / Загальні питання водного транспорту,0,0,123,123,https://zakon.rada.gov.ua/laws/main/jj777,https://zakon.rada.gov.ua/laws/main/jj777,[],Загальні питання водного транспорту. Шлях: Законодавство про забезпечення діяльності транспорту / Загальні питання водного транспорту. Код: 180 11.,,,2026-10-05 18:41:38,2026-10-05 18:41:38
5231,180 20,180,2,Морський транспорт,Морський транспорт,180 / 180 20,Законодавство про забезпечення діяльності транспорту / Морський транспорт,1,6,1627,1265,https://zakon.rada.gov.ua/laws/main/j778,https://zakon.rada.gov.ua/laws/main/jj778,[],Морський транспорт. Шлях: Законодавство про забезпечення діяльності транспорту / Морський транспорт. Код: 180 20.,,,2026-10-05 18:41:38,2026-10-05 18:41:38
5232,180 20 10,180 20,3,Перевезення вантажів і пасажирів,Перевезення вантажів і пасажирів,180 / 180 20 / 180 20 10,Законодавство про забезпечення діяльності транспорту / Морський транспорт / Перевезення вантажів і пасажирів,0,0,197,197,https://zakon.rada.gov.ua/laws/main/jj779,https://zakon.rada.gov.ua/laws/main/jj779,[],Перевезення вантажів і пасажирів. Шлях: Законодавство про забезпечення діяльності транспорту / Морський транспорт / Перевезення вантажів і пасажирів. Код: 180 20 10.,,,2026-10-05 18:41:38,2026-10-05 18:41:38
5233,180 20 20,180 20,3,Тарифи і розрахунки. Портові збори,Тарифи і розрахунки. Портові збори,180 / 180 20 / 180 20 20,Законодавство про забезпечення діяльності транспорту / Морський транспорт / Тарифи і розрахунки. Портові збори,0,0,150,150,https://zakon.rada.gov.ua/laws/main/jj780,https://zakon.rada.gov.ua/laws/main/jj780,[],Тарифи і розрахунки. Портові збори. Шлях: Законодавство про забезпечення діяльності транспорту / Морський транспорт / Тарифи і розрахунки. Портові збори. Код: 180 20 20.,,,2026-10-05 18:41:38,2026-10-05 18:41:38
5234,180 20 30,180 20,3,Звання. Форма одягу,Звання. Форма одягу,180 / 180 20 / 180 20 30,Законодавство про забезпечення діяльності транспорту / Морський транспорт / Звання. Форма одягу,0,0,43,43,https://zakon.rada.gov.ua/laws/main/jj781,https://zakon.rada.gov.ua/laws/main/jj781,[],Звання. Форма одягу. Шлях: Законодавство про забезпечення діяльності транспорту / Морський транспорт / Звання. Форма одягу. Код: 180 20 30.,,,2026-10-05 18:41:38,2026-10-05 18:41:38
5235,180 20 40,180 20,3,Дисципліна (дисциплінарний статут),Дисципліна (дисциплінарний статут),180 / 180 20 / 180 20 40,Законодавство про забезпечення діяльності транспорту / Морський транспорт / Дисципліна (дисциплінарний статут),0,0,7,7,https://zakon.rada.gov.ua/laws/main/jj782,https://zakon.rada.gov.ua/laws/main/jj782,[],Дисципліна (дисциплінарний статут). Шлях: Законодавство про забезпечення діяльності транспорту / Морський транспорт / Дисципліна (дисциплінарний статут). Код: 180 20 40.,,,2026-10-05 18:41:38,2026-10-05 18:41:38
5236,180 20 50,180 20,3,Аварії,Аварії,180 / 180 20 / 180 20 50,Законодавство про забезпечення діяльності транспорту / Морський транспорт / Аварії,0,0,19,19,https://zakon.rada.gov.ua/laws/main/jj783,https://zakon.rada.gov.ua/laws/main/jj783,[],Аварії. Шлях: Законодавство про забезпечення діяльності транспорту / Морський транспорт / Аварії. Код: 180 20 50.,,,2026-10-05 18:41:38,2026-10-05 18:41:38
5237,180 20 60,180 20,3,Регістр,Регістр,180 / 180 20 / 180 20 60,Законодавство про забезпечення діяльності транспорту / Морський транспорт / Регістр,0,0,8,8,https://zakon.rada.gov.ua/laws/main/jj784,https://zakon.rada.gov.ua/laws/main/jj784,[],Регістр. Шлях: Законодавство про забезпечення діяльності транспорту / Морський транспорт / Регістр. Код: 180 20 60.,,,2026-10-05 18:41:38,2026-10-05 18:41:38
5238,180 30,180,2,Річковий транспорт,Річковий транспорт,180 / 180 30,Законодавство про забезпечення діяльності транспорту / Річковий транспорт,1,7,544,415,https://zakon.rada.gov.ua/laws/main/j785,https://zakon.rada.gov.ua/laws/main/jj785,[],Річковий транспорт. Шлях: Законодавство про забезпечення діяльності транспорту / Річковий транспорт. Код: 180 30.,,,2026-10-05 18:41:38,2026-10-05 18:41:38
5239,180 30 10,180 30,3,Перевезення вантажів і пасажирів,Перевезення вантажів і пасажирів,180 / 180 30 / 180 30 10,Законодавство про забезпечення діяльності транспорту / Річковий транспорт / Перевезення вантажів і пасажирів,0,0,105,105,https://zakon.rada.gov.ua/laws/main/jj786,https://zakon.rada.gov.ua/laws/main/jj786,[],Перевезення вантажів і пасажирів. Шлях: Законодавство про забезпечення діяльності транспорту / Річковий транспорт / Перевезення вантажів і пасажирів. Код: 180 30 10.,,,2026-10-05 18:41:38,2026-10-05 18:41:38
5240,180 30 20,180 30,3,Тарифи і розрахунки,Тарифи і розрахунки,180 / 180 30 / 180 30 20,Законодавство про забезпечення діяльності транспорту / Річковий транспорт / Тарифи і розрахунки,0,0,14,14,https://zakon.rada.gov.ua/laws/main/jj787,https://zakon.rada.gov.ua/laws/main/jj787,[],Тарифи і розрахунки. Шлях: Законодавство про забезпечення діяльності транспорту / Річковий транспорт / Тарифи і розрахунки. Код: 180 30 20.,,,2026-10-05 18:41:38,2026-10-05 18:41:38
5241,180 30 30,180 30,3,Освоєння малих річок,Освоєння малих річок,180 / 180 30 / 180 30 30,Законодавство про забезпечення діяльності транспорту / Річковий транспорт / Освоєння малих річок,0,0,0,0,,,[],Освоєння малих річок. Шлях: Законодавство про забезпечення діяльності транспорту / Річковий транспорт / Освоєння малих річок. Код: 180 30 30.,,,2026-10-05 18:41:38,2026-10-05 18:41:38
5242,180 30 40,180 30,3,Звання. Форма одягу,Звання. Форма одягу,180 / 180 30 / 180 30 40,Законодавство про забезпечення діяльності транспорту / Річковий транспорт / Звання. Форма одягу,0,0,16,16,https://zakon.rada.gov.ua/laws/main/jj789,https://zakon.rada.gov.ua/laws/main/jj789,[],Звання. Форма одягу. Шлях: Законодавство про забезпечення діяльності транспорту / Річковий транспорт / Звання. Форма одягу. Код: 180 30 40.,,,2026-10-05 18:41:38,2026-10-05 18:41:38
5243,180 30 50,180 30,3,Дисципліна,Дисципліна,180 / 180 30 / 180 30 50,Законодавство про забезпечення діяльності транспорту / Річковий транспорт / Дисципліна,0,0,3,3,https://zakon.rada.gov.ua/laws/main/jj790,https://zakon.rada.gov.ua/laws/main/jj790,[],Дисципліна. Шлях: Законодавство про забезпечення діяльності транспорту / Річковий транспорт / Дисципліна. Код: 180 30 50.,,,2026-10-05 18:41:38,2026-10-05 18:41:38
5244,180 30 60,180 30,3,Аварії,Аварії,180 / 180 30 / 180 30 60,Законодавство про забезпечення діяльності транспорту / Річковий транспорт / Аварії,0,0,3,3,https://zakon.rada.gov.ua/laws/main/jj791,https://zakon.rada.gov.ua/laws/main/jj791,[],Аварії. Шлях: Законодавство про забезпечення діяльності транспорту / Річковий транспорт / Аварії. Код: 180 30 60.,,,2026-10-05 18:41:38,2026-10-05 18:41:38
5245,180 30 70,180 30,3,"Технічне обслуговування малих суден, що належать громадянам","Технічне обслуговування малих суден, що належать громадянам",180 / 180 30 / 180 30 70,"Законодавство про забезпечення діяльності транспорту / Річковий транспорт / Технічне обслуговування малих суден, що належать громадянам",0,0,0,0,,,[],"Технічне обслуговування малих суден, що належать громадянам. Шлях: Законодавство про забезпечення діяльності транспорту / Річковий транспорт / Технічне обслуговування малих суден, що належать громадянам. Код: 180 30 70.",,,2026-10-05 18:41:38,2026-10-05 18:41:38
5246,180 40,180,2,Повітряний транспорт,Повітряний транспорт,180 / 180 40,Законодавство про забезпечення діяльності транспорту / Повітряний транспорт,1,7,1854,1331,https://zakon.rada.gov.ua/laws/main/j793,https://zakon.rada.gov.ua/laws/main/jj793,[],Повітряний транспорт. Шлях: Законодавство про забезпечення діяльності транспорту / Повітряний транспорт. Код: 180 40.,,,2026-10-05 18:41:38,2026-10-05 18:41:38
5247,180 40 10,180 40,3,Перевезення вантажів і пасажирів,Перевезення вантажів і пасажирів,180 / 180 40 / 180 40 10,Законодавство про забезпечення діяльності транспорту / Повітряний транспорт / Перевезення вантажів і пасажирів,0,0,195,195,https://zakon.rada.gov.ua/laws/main/jj794,https://zakon.rada.gov.ua/laws/main/jj794,[],Перевезення вантажів і пасажирів. Шлях: Законодавство про забезпечення діяльності транспорту / Повітряний транспорт / Перевезення вантажів і пасажирів. Код: 180 40 10.,,,2026-10-05 18:41:38,2026-10-05 18:41:38
5248,180 40 20,180 40,3,Тарифи і розрахунки,Тарифи і розрахунки,180 / 180 40 / 180 40 20,Законодавство про забезпечення діяльності транспорту / Повітряний транспорт / Тарифи і розрахунки,0,0,46,46,https://zakon.rada.gov.ua/laws/main/jj795,https://zakon.rada.gov.ua/laws/main/jj795,[],Тарифи і розрахунки. Шлях: Законодавство про забезпечення діяльності транспорту / Повітряний транспорт / Тарифи і розрахунки. Код: 180 40 20.,,,2026-10-05 18:41:38,2026-10-05 18:41:38
5249,180 40 30,180 40,3,Звання. Форма одягу. Посвідчення члена екіпажу,Звання. Форма одягу. Посвідчення члена екіпажу,180 / 180 40 / 180 40 30,Законодавство про забезпечення діяльності транспорту / Повітряний транспорт / Звання. Форма одягу. Посвідчення члена екіпажу,0,0,32,32,https://zakon.rada.gov.ua/laws/main/jj796,https://zakon.rada.gov.ua/laws/main/jj796,[],Звання. Форма одягу. Посвідчення члена екіпажу. Шлях: Законодавство про забезпечення діяльності транспорту / Повітряний транспорт / Звання. Форма одягу. Посвідчення члена екіпажу. Код: 180 40 30.,,,2026-10-05 18:41:38,2026-10-05 18:41:38
5250,180 40 40,180 40,3,Дисципліна,Дисципліна,180 / 180 40 / 180 40 40,Законодавство про забезпечення діяльності транспорту / Повітряний транспорт / Дисципліна,0,0,3,3,https://zakon.rada.gov.ua/laws/main/jj797,https://zakon.rada.gov.ua/laws/main/jj797,[],Дисципліна. Шлях: Законодавство про забезпечення діяльності транспорту / Повітряний транспорт / Дисципліна. Код: 180 40 40.,,,2026-10-05 18:41:38,2026-10-05 18:41:38
5251,180 40 50,180 40,3,Аварії,Аварії,180 / 180 40 / 180 40 50,Законодавство про забезпечення діяльності транспорту / Повітряний транспорт / Аварії,0,0,83,83,https://zakon.rada.gov.ua/laws/main/jj798,https://zakon.rada.gov.ua/laws/main/jj798,[],Аварії. Шлях: Законодавство про забезпечення діяльності транспорту / Повітряний транспорт / Аварії. Код: 180 40 50.,,,2026-10-05 18:41:38,2026-10-05 18:41:38
5252,180 40 60,180 40,3,Державіанагляд. Державіарегістр,Державіанагляд. Державіарегістр,180 / 180 40 / 180 40 60,Законодавство про забезпечення діяльності транспорту / Повітряний транспорт / Державіанагляд. Державіарегістр,0,0,88,88,https://zakon.rada.gov.ua/laws/main/jj799,https://zakon.rada.gov.ua/laws/main/jj799,[],Державіанагляд. Державіарегістр. Шлях: Законодавство про забезпечення діяльності транспорту / Повітряний транспорт / Державіанагляд. Державіарегістр. Код: 180 40 60.,,,2026-10-05 18:41:38,2026-10-05 18:41:38
5253,180 40 70,180 40,3,Аеродроми. Аеропорти,Аеродроми. Аеропорти,180 / 180 40 / 180 40 70,Законодавство про забезпечення діяльності транспорту / Повітряний транспорт / Аеродроми. Аеропорти,0,0,252,252,https://zakon.rada.gov.ua/laws/main/jj800,https://zakon.rada.gov.ua/laws/main/jj800,[],Аеродроми. Аеропорти. Шлях: Законодавство про забезпечення діяльності транспорту / Повітряний транспорт / Аеродроми. Аеропорти. Код: 180 40 70.,,,2026-10-05 18:41:38,2026-10-05 18:41:38
5254,180 50,180,2,Автотранспорт,Автотранспорт,180 / 180 50,Законодавство про забезпечення діяльності транспорту / Автотранспорт,1,9,2274,740,https://zakon.rada.gov.ua/laws/main/j801,https://zakon.rada.gov.ua/laws/main/jj801,[],Автотранспорт. Шлях: Законодавство про забезпечення діяльності транспорту / Автотранспорт. Код: 180 50.,,,2026-10-05 18:41:38,2026-10-05 18:41:38
5255,180 50 10,180 50,3,Перевезення вантажів і пасажирів,Перевезення вантажів і пасажирів,180 / 180 50 / 180 50 10,Законодавство про забезпечення діяльності транспорту / Автотранспорт / Перевезення вантажів і пасажирів,0,0,603,603,https://zakon.rada.gov.ua/laws/main/jj802,https://zakon.rada.gov.ua/laws/main/jj802,[],Перевезення вантажів і пасажирів. Шлях: Законодавство про забезпечення діяльності транспорту / Автотранспорт / Перевезення вантажів і пасажирів. Код: 180 50 10.,,,2026-10-05 18:41:38,2026-10-05 18:41:38
5256,180 50 20,180 50,3,Тарифи і розрахунки,Тарифи і розрахунки,180 / 180 50 / 180 50 20,Законодавство про забезпечення діяльності транспорту / Автотранспорт / Тарифи і розрахунки,0,0,34,34,https://zakon.rada.gov.ua/laws/main/jj803,https://zakon.rada.gov.ua/laws/main/jj803,[],Тарифи і розрахунки. Шлях: Законодавство про забезпечення діяльності транспорту / Автотранспорт / Тарифи і розрахунки. Код: 180 50 20.,,,2026-10-05 18:41:38,2026-10-05 18:41:38
5257,180 50 30,180 50,3,Норми витрат пального і мастильних матеріалів. Порядок відпустки,Норми витрат пального і мастильних матеріалів. Порядок відпустки,180 / 180 50 / 180 50 30,Законодавство про забезпечення діяльності транспорту / Автотранспорт / Норми витрат пального і мастильних матеріалів. Порядок відпустки,0,0,30,30,https://zakon.rada.gov.ua/laws/main/jj804,https://zakon.rada.gov.ua/laws/main/jj804,[],Норми витрат пального і мастильних матеріалів. Порядок відпустки. Шлях: Законодавство про забезпечення діяльності транспорту / Автотранспорт / Норми витрат пального і мастильних матеріалів. Порядок відпустки. Код: 180 50 30.,,,2026-10-05 18:41:38,2026-10-05 18:41:38
5258,180 50 40,180 50,3,Мобілізації,Мобілізації,180 / 180 50 / 180 50 40,Законодавство про забезпечення діяльності транспорту / Автотранспорт / Мобілізації,0,0,2,2,https://zakon.rada.gov.ua/laws/main/jj805,https://zakon.rada.gov.ua/laws/main/jj805,[],Мобілізації. Шлях: Законодавство про забезпечення діяльності транспорту / Автотранспорт / Мобілізації. Код: 180 50 40.,,,2026-10-05 18:41:38,2026-10-05 18:41:38
5259,180 50 50,180 50,3,"Вибракування, здача та відновлення спрацьованих автомобільних деталей, шин. Капітальний ремонт. Технічний огляд","Вибракування, здача та відновлення спрацьованих автомобільних деталей, шин. Капітальний ремонт. Технічний огляд",180 / 180 50 / 180 50 50,"Законодавство про забезпечення діяльності транспорту / Автотранспорт / Вибракування, здача та відновлення спрацьованих автомобільних деталей, шин. Капітальний ремонт. Технічний огляд",0,0,120,120,https://zakon.rada.gov.ua/laws/main/jj806,https://zakon.rada.gov.ua/laws/main/jj806,[],"Вибракування, здача та відновлення спрацьованих автомобільних деталей, шин. Капітальний ремонт. Технічний огляд. Шлях: Законодавство про забезпечення діяльності транспорту / Автотранспорт / Вибракування, здача та відновлення спрацьованих автомобільних деталей, шин. Капітальний ремонт. Технічний огляд. Код: 180 50 50.",,,2026-10-05 18:41:38,2026-10-05 18:41:38
5260,180 50 60,180 50,3,Аварії,Аварії,180 / 180 50 / 180 50 60,Законодавство про забезпечення діяльності транспорту / Автотранспорт / Аварії,0,0,42,42,https://zakon.rada.gov.ua/laws/main/jj807,https://zakon.rada.gov.ua/laws/main/jj807,[],Аварії. Шлях: Законодавство про забезпечення діяльності транспорту / Автотранспорт / Аварії. Код: 180 50 60.,,,2026-10-05 18:41:38,2026-10-05 18:41:38
5261,180 50 70,180 50,3,"Транспортні засоби, що належать громадянам. Гаражі. Автостоянки","Транспортні засоби, що належать громадянам. Гаражі. Автостоянки",180 / 180 50 / 180 50 70,"Законодавство про забезпечення діяльності транспорту / Автотранспорт / Транспортні засоби, що належать громадянам. Гаражі. Автостоянки",0,0,201,201,https://zakon.rada.gov.ua/laws/main/jj808,https://zakon.rada.gov.ua/laws/main/jj808,[],"Транспортні засоби, що належать громадянам. Гаражі. Автостоянки. Шлях: Законодавство про забезпечення діяльності транспорту / Автотранспорт / Транспортні засоби, що належать громадянам. Гаражі. Автостоянки. Код: 180 50 70.",,,2026-10-05 18:41:38,2026-10-05 18:41:38
5262,180 50 80,180 50,3,Службові і спеціальні легкові автомобілі,Службові і спеціальні легкові автомобілі,180 / 180 50 / 180 50 80,Законодавство про забезпечення діяльності транспорту / Автотранспорт / Службові і спеціальні легкові автомобілі,0,0,466,466,https://zakon.rada.gov.ua/laws/main/jj809,https://zakon.rada.gov.ua/laws/main/jj809,[],Службові і спеціальні легкові автомобілі. Шлях: Законодавство про забезпечення діяльності транспорту / Автотранспорт / Службові і спеціальні легкові автомобілі. Код: 180 50 80.,,,2026-10-05 18:41:38,2026-10-05 18:41:38
5263,180 50 90,180 50,3,Підготовка водіїв. Посвідчення. Товариства автомотолюбителів,Підготовка водіїв. Посвідчення. Товариства автомотолюбителів,180 / 180 50 / 180 50 90,Законодавство про забезпечення діяльності транспорту / Автотранспорт / Підготовка водіїв. Посвідчення. Товариства автомотолюбителів,0,0,188,188,https://zakon.rada.gov.ua/laws/main/jj810,https://zakon.rada.gov.ua/laws/main/jj810,[],Підготовка водіїв. Посвідчення. Товариства автомотолюбителів. Шлях: Законодавство про забезпечення діяльності транспорту / Автотранспорт / Підготовка водіїв. Посвідчення. Товариства автомотолюбителів. Код: 180 50 90.,,,2026-10-05 18:41:38,2026-10-05 18:41:38
5264,180 60,180,2,Дорожній рух. Безпека руху,Дорожній рух. Безпека руху,180 / 180 60,Законодавство про забезпечення діяльності транспорту / Дорожній рух. Безпека руху,0,0,560,560,https://zakon.rada.gov.ua/laws/main/jj811,https://zakon.rada.gov.ua/laws/main/jj811,[],Дорожній рух. Безпека руху. Шлях: Законодавство про забезпечення діяльності транспорту / Дорожній рух. Безпека руху. Код: 180 60.,,,2026-10-05 18:41:38,2026-10-05 18:41:38
5265,180 70,180,2,Міський транспорт. Метрополітен. Оплата проїзду. Пільги,Міський транспорт. Метрополітен. Оплата проїзду. Пільги,180 / 180 70,Законодавство про забезпечення діяльності транспорту / Міський транспорт. Метрополітен. Оплата проїзду. Пільги,0,0,374,374,https://zakon.rada.gov.ua/laws/main/jj812,https://zakon.rada.gov.ua/laws/main/jj812,[],Міський транспорт. Метрополітен. Оплата проїзду. Пільги. Шлях: Законодавство про забезпечення діяльності транспорту / Міський транспорт. Метрополітен. Оплата проїзду. Пільги. Код: 180 70.,,,2026-10-05 18:41:38,2026-10-05 18:41:38
5266,180 80,180,2,"Дорожнє господарство (будівництво, реконструкція, ремонт і утримання автомобільних доріг)","Дорожнє господарство (будівництво, реконструкція, ремонт і утримання автомобільних доріг)",180 / 180 80,"Законодавство про забезпечення діяльності транспорту / Дорожнє господарство (будівництво, реконструкція, ремонт і утримання автомобільних доріг)",0,0,971,971,https://zakon.rada.gov.ua/laws/main/jj813,https://zakon.rada.gov.ua/laws/main/jj813,[],"Дорожнє господарство (будівництво, реконструкція, ремонт і утримання автомобільних доріг). Шлях: Законодавство про забезпечення діяльності транспорту / Дорожнє господарство (будівництво, реконструкція, ремонт і утримання автомобільних доріг). Код: 180 80.",,,2026-10-05 18:41:38,2026-10-05 18:41:38
5267,180 90,180,2,Змішані перевезення,Змішані перевезення,180 / 180 90,Законодавство про забезпечення діяльності транспорту / Змішані перевезення,0,0,43,43,https://zakon.rada.gov.ua/laws/main/jj814,https://zakon.rada.gov.ua/laws/main/jj814,[],Змішані перевезення. Шлях: Законодавство про забезпечення діяльності транспорту / Змішані перевезення. Код: 180 90.,,,2026-10-05 18:41:38,2026-10-05 18:41:38
5268,180100,180,2,Трубопровідний транспорт,Трубопровідний транспорт,180 / 180100,Законодавство про забезпечення діяльності транспорту / Трубопровідний транспорт,0,0,245,245,https://zakon.rada.gov.ua/laws/main/jj815,https://zakon.rada.gov.ua/laws/main/jj815,[],Трубопровідний транспорт. Шлях: Законодавство про забезпечення діяльності транспорту / Трубопровідний транспорт. Код: 180100.,,,2026-10-05 18:41:38,2026-10-05 18:41:38
5269,190,,1,Законодавство про забезпечення діяльності зв'язку,Законодавство про забезпечення діяльності зв'язку,190,Законодавство про забезпечення діяльності зв'язку,1,8,2684,1008,https://zakon.rada.gov.ua/laws/main/j816,https://zakon.rada.gov.ua/laws/main/jj816,[],Законодавство про забезпечення діяльності зв'язку. Шлях: Законодавство про забезпечення діяльності зв'язку. Код: 190.,,,2026-10-05 18:41:38,2026-10-05 18:41:38
5270,190 10,190,2,Поштовий зв'язок,Поштовий зв'язок,190 / 190 10,Законодавство про забезпечення діяльності зв'язку / Поштовий зв'язок,1,5,461,371,https://zakon.rada.gov.ua/laws/main/j817,https://zakon.rada.gov.ua/laws/main/jj817,[],Поштовий зв'язок. Шлях: Законодавство про забезпечення діяльності зв'язку / Поштовий зв'язок. Код: 190 10.,,,2026-10-05 18:41:38,2026-10-05 18:41:38
5271,190 10 10,190 10,3,Перевезення і доставка поштових відправлень,Перевезення і доставка поштових відправлень,190 / 190 10 / 190 10 10,Законодавство про забезпечення діяльності зв'язку / Поштовий зв'язок / Перевезення і доставка поштових відправлень,0,0,65,65,https://zakon.rada.gov.ua/laws/main/jj818,https://zakon.rada.gov.ua/laws/main/jj818,[],Перевезення і доставка поштових відправлень. Шлях: Законодавство про забезпечення діяльності зв'язку / Поштовий зв'язок / Перевезення і доставка поштових відправлень. Код: 190 10 10.,,,2026-10-05 18:41:38,2026-10-05 18:41:38
5272,190 10 20,190 10,3,Відповідальність органів зв'язку за затримку та втрату поштових відправлень,Відповідальність органів зв'язку за затримку та втрату поштових відправлень,190 / 190 10 / 190 10 20,Законодавство про забезпечення діяльності зв'язку / Поштовий зв'язок / Відповідальність органів зв'язку за затримку та втрату поштових відправлень,0,0,4,4,https://zakon.rada.gov.ua/laws/main/jj819,https://zakon.rada.gov.ua/laws/main/jj819,[],Відповідальність органів зв'язку за затримку та втрату поштових відправлень. Шлях: Законодавство про забезпечення діяльності зв'язку / Поштовий зв'язок / Відповідальність органів зв'язку за затримку та втрату поштових відправлень. Код: 190 10 20.,,,2026-10-05 18:41:38,2026-10-05 18:41:38
5273,190 10 30,190 10,3,Порядок реалізації невитребуваних поштових відправлень,Порядок реалізації невитребуваних поштових відправлень,190 / 190 10 / 190 10 30,Законодавство про забезпечення діяльності зв'язку / Поштовий зв'язок / Порядок реалізації невитребуваних поштових відправлень,0,0,0,0,,,[],Порядок реалізації невитребуваних поштових відправлень. Шлях: Законодавство про забезпечення діяльності зв'язку / Поштовий зв'язок / Порядок реалізації невитребуваних поштових відправлень. Код: 190 10 30.,,,2026-10-05 18:41:38,2026-10-05 18:41:38
5274,190 10 40,190 10,3,Тарифи і такси на поштові відправлення,Тарифи і такси на поштові відправлення,190 / 190 10 / 190 10 40,Законодавство про забезпечення діяльності зв'язку / Поштовий зв'язок / Тарифи і такси на поштові відправлення,0,0,63,63,https://zakon.rada.gov.ua/laws/main/jj821,https://zakon.rada.gov.ua/laws/main/jj821,[],Тарифи і такси на поштові відправлення. Шлях: Законодавство про забезпечення діяльності зв'язку / Поштовий зв'язок / Тарифи і такси на поштові відправлення. Код: 190 10 40.,,,2026-10-05 18:41:38,2026-10-05 18:41:38
5275,190 10 50,190 10,3,Листоноші,Листоноші,190 / 190 10 / 190 10 50,Законодавство про забезпечення діяльності зв'язку / Поштовий зв'язок / Листоноші,0,0,0,0,,,[],Листоноші. Шлях: Законодавство про забезпечення діяльності зв'язку / Поштовий зв'язок / Листоноші. Код: 190 10 50.,,,2026-10-05 18:41:38,2026-10-05 18:41:38
5276,190 20,190,2,Телеграфний зв'язок,Телеграфний зв'язок,190 / 190 20,Законодавство про забезпечення діяльності зв'язку / Телеграфний зв'язок,0,0,39,39,https://zakon.rada.gov.ua/laws/main/jj823,https://zakon.rada.gov.ua/laws/main/jj823,[],Телеграфний зв'язок. Шлях: Законодавство про забезпечення діяльності зв'язку / Телеграфний зв'язок. Код: 190 20.,,,2026-10-05 18:41:38,2026-10-05 18:41:38
5277,190 30,190,2,Телефонний зв'язок. Мобільний зв'язок.,Телефонний зв'язок. Мобільний зв'язок.,190 / 190 30,Законодавство про забезпечення діяльності зв'язку / Телефонний зв'язок. Мобільний зв'язок.,0,0,266,266,https://zakon.rada.gov.ua/laws/main/jj824,https://zakon.rada.gov.ua/laws/main/jj824,[],Телефонний зв'язок. Мобільний зв'язок.. Шлях: Законодавство про забезпечення діяльності зв'язку / Телефонний зв'язок. Мобільний зв'язок.. Код: 190 30.,,,2026-10-05 18:41:38,2026-10-05 18:41:38
5278,190 40,190,2,Радіо. Телевізори. Радіотелеательє,Радіо. Телевізори. Радіотелеательє,190 / 190 40,Законодавство про забезпечення діяльності зв'язку / Радіо. Телевізори. Радіотелеательє,0,0,173,173,https://zakon.rada.gov.ua/laws/main/jj825,https://zakon.rada.gov.ua/laws/main/jj825,[],Радіо. Телевізори. Радіотелеательє. Шлях: Законодавство про забезпечення діяльності зв'язку / Радіо. Телевізори. Радіотелеательє. Код: 190 40.,,,2026-10-05 18:41:38,2026-10-05 18:41:38
5279,190 50,190,2,Звання. Форма одягу працівників зв'язку,Звання. Форма одягу працівників зв'язку,190 / 190 50,Законодавство про забезпечення діяльності зв'язку / Звання. Форма одягу працівників зв'язку,0,0,3,3,https://zakon.rada.gov.ua/laws/main/jj826,https://zakon.rada.gov.ua/laws/main/jj826,[],Звання. Форма одягу працівників зв'язку. Шлях: Законодавство про забезпечення діяльності зв'язку / Звання. Форма одягу працівників зв'язку. Код: 190 50.,,,2026-10-05 18:41:38,2026-10-05 18:41:38
5280,190 60,190,2,Спеціальний зв'язок,Спеціальний зв'язок,190 / 190 60,Законодавство про забезпечення діяльності зв'язку / Спеціальний зв'язок,0,0,843,843,https://zakon.rada.gov.ua/laws/main/jj827,https://zakon.rada.gov.ua/laws/main/jj827,[],Спеціальний зв'язок. Шлях: Законодавство про забезпечення діяльності зв'язку / Спеціальний зв'язок. Код: 190 60.,,,2026-10-05 18:41:38,2026-10-05 18:41:38
5281,190 70,190,2,Охорона ліній зв'язку,Охорона ліній зв'язку,190 / 190 70,Законодавство про забезпечення діяльності зв'язку / Охорона ліній зв'язку,0,0,11,11,https://zakon.rada.gov.ua/laws/main/jj828,https://zakon.rada.gov.ua/laws/main/jj828,[],Охорона ліній зв'язку. Шлях: Законодавство про забезпечення діяльності зв'язку / Охорона ліній зв'язку. Код: 190 70.,,,2026-10-05 18:41:38,2026-10-05 18:41:38
5282,190 80,190,2,Філателія,Філателія,190 / 190 80,Законодавство про забезпечення діяльності зв'язку / Філателія,0,0,1,1,https://zakon.rada.gov.ua/laws/main/jj829,https://zakon.rada.gov.ua/laws/main/jj829,[],Філателія. Шлях: Законодавство про забезпечення діяльності зв'язку / Філателія. Код: 190 80.,,,2026-10-05 18:41:38,2026-10-05 18:41:38
5283,200,,1,Законодавство з питань торгівлі та громадського харчування. Побутове обслуговування населення,Законодавство з питань торгівлі та громадського харчування. Побутове обслуговування населення,200,Законодавство з питань торгівлі та громадського харчування. Побутове обслуговування населення,1,14,3575,372,https://zakon.rada.gov.ua/laws/main/j830,https://zakon.rada.gov.ua/laws/main/jj830,[],Законодавство з питань торгівлі та громадського харчування. Побутове обслуговування населення. Шлях: Законодавство з питань торгівлі та громадського харчування. Побутове обслуговування населення. Код: 200.,,,2026-10-05 18:41:38,2026-10-05 18:41:38
5284,200 10,200,2,Державна торгівля,Державна торгівля,200 / 200 10,Законодавство з питань торгівлі та громадського харчування. Побутове обслуговування населення / Державна торгівля,1,2,96,27,https://zakon.rada.gov.ua/laws/main/j831,https://zakon.rada.gov.ua/laws/main/jj831,[],Державна торгівля. Шлях: Законодавство з питань торгівлі та громадського харчування. Побутове обслуговування населення / Державна торгівля. Код: 200 10.,,,2026-10-05 18:41:38,2026-10-05 18:41:38
5285,200 10 10,200 10,3,Оптова,Оптова,200 / 200 10 / 200 10 10,Законодавство з питань торгівлі та громадського харчування. Побутове обслуговування населення / Державна торгівля / Оптова,0,0,34,34,https://zakon.rada.gov.ua/laws/main/jj832,https://zakon.rada.gov.ua/laws/main/jj832,[],Оптова. Шлях: Законодавство з питань торгівлі та громадського харчування. Побутове обслуговування населення / Державна торгівля / Оптова. Код: 200 10 10.,,,2026-10-05 18:41:38,2026-10-05 18:41:38
5286,200 10 20,200 10,3,Роздрібна,Роздрібна,200 / 200 10 / 200 10 20,Законодавство з питань торгівлі та громадського харчування. Побутове обслуговування населення / Державна торгівля / Роздрібна,0,0,44,44,https://zakon.rada.gov.ua/laws/main/jj833,https://zakon.rada.gov.ua/laws/main/jj833,[],Роздрібна. Шлях: Законодавство з питань торгівлі та громадського харчування. Побутове обслуговування населення / Державна торгівля / Роздрібна. Код: 200 10 20.,,,2026-10-05 18:41:38,2026-10-05 18:41:38
5287,200 20,200,2,Комерційна торгівля,Комерційна торгівля,200 / 200 20,Законодавство з питань торгівлі та громадського харчування. Побутове обслуговування населення / Комерційна торгівля,1,2,57,15,https://zakon.rada.gov.ua/laws/main/j834,https://zakon.rada.gov.ua/laws/main/jj834,[],Комерційна торгівля. Шлях: Законодавство з питань торгівлі та громадського харчування. Побутове обслуговування населення / Комерційна торгівля. Код: 200 20.,,,2026-10-05 18:41:38,2026-10-05 18:41:38
5288,200 20 10,200 20,3,Оптова,Оптова,200 / 200 20 / 200 20 10,Законодавство з питань торгівлі та громадського харчування. Побутове обслуговування населення / Комерційна торгівля / Оптова,0,0,28,28,https://zakon.rada.gov.ua/laws/main/jj835,https://zakon.rada.gov.ua/laws/main/jj835,[],Оптова. Шлях: Законодавство з питань торгівлі та громадського харчування. Побутове обслуговування населення / Комерційна торгівля / Оптова. Код: 200 20 10.,,,2026-10-05 18:41:38,2026-10-05 18:41:38
5289,200 20 20,200 20,3,Роздрібна,Роздрібна,200 / 200 20 / 200 20 20,Законодавство з питань торгівлі та громадського харчування. Побутове обслуговування населення / Комерційна торгівля / Роздрібна,0,0,25,25,https://zakon.rada.gov.ua/laws/main/jj836,https://zakon.rada.gov.ua/laws/main/jj836,[],Роздрібна. Шлях: Законодавство з питань торгівлі та громадського харчування. Побутове обслуговування населення / Комерційна торгівля / Роздрібна. Код: 200 20 20.,,,2026-10-05 18:41:38,2026-10-05 18:41:38
5290,200 30,200,2,Комісійна торгівля,Комісійна торгівля,200 / 200 30,Законодавство з питань торгівлі та громадського харчування. Побутове обслуговування населення / Комісійна торгівля,0,0,12,12,https://zakon.rada.gov.ua/laws/main/jj837,https://zakon.rada.gov.ua/laws/main/jj837,[],Комісійна торгівля. Шлях: Законодавство з питань торгівлі та громадського харчування. Побутове обслуговування населення / Комісійна торгівля. Код: 200 30.,,,2026-10-05 18:41:38,2026-10-05 18:41:38
5291,200 40,200,2,Кооперативна торгівля,Кооперативна торгівля,200 / 200 40,Законодавство з питань торгівлі та громадського харчування. Побутове обслуговування населення / Кооперативна торгівля,0,0,1,1,https://zakon.rada.gov.ua/laws/main/jj838,https://zakon.rada.gov.ua/laws/main/jj838,[],Кооперативна торгівля. Шлях: Законодавство з питань торгівлі та громадського харчування. Побутове обслуговування населення / Кооперативна торгівля. Код: 200 40.,,,2026-10-05 18:41:38,2026-10-05 18:41:38
5292,200 50,200,2,Ринки. Ярмарки. Виставки товарів,Ринки. Ярмарки. Виставки товарів,200 / 200 50,Законодавство з питань торгівлі та громадського харчування. Побутове обслуговування населення / Ринки. Ярмарки. Виставки товарів,0,0,291,291,https://zakon.rada.gov.ua/laws/main/jj839,https://zakon.rada.gov.ua/laws/main/jj839,[],Ринки. Ярмарки. Виставки товарів. Шлях: Законодавство з питань торгівлі та громадського харчування. Побутове обслуговування населення / Ринки. Ярмарки. Виставки товарів. Код: 200 50.,,,2026-10-05 18:41:38,2026-10-05 18:41:38
5293,200 60,200,2,Торгово-промислові палати,Торгово-промислові палати,200 / 200 60,Законодавство з питань торгівлі та громадського харчування. Побутове обслуговування населення / Торгово-промислові палати,0,0,32,32,https://zakon.rada.gov.ua/laws/main/jj840,https://zakon.rada.gov.ua/laws/main/jj840,[],Торгово-промислові палати. Шлях: Законодавство з питань торгівлі та громадського харчування. Побутове обслуговування населення / Торгово-промислові палати. Код: 200 60.,,,2026-10-05 18:41:38,2026-10-05 18:41:38
5294,200 70,200,2,Аукціони. Тендери. Торги. Конкурси,Аукціони. Тендери. Торги. Конкурси,200 / 200 70,Законодавство з питань торгівлі та громадського харчування. Побутове обслуговування населення / Аукціони. Тендери. Торги. Конкурси,0,0,975,975,https://zakon.rada.gov.ua/laws/main/jj841,https://zakon.rada.gov.ua/laws/main/jj841,[],Аукціони. Тендери. Торги. Конкурси. Шлях: Законодавство з питань торгівлі та громадського харчування. Побутове обслуговування населення / Аукціони. Тендери. Торги. Конкурси. Код: 200 70.,,,2026-10-05 18:41:38,2026-10-05 18:41:38
5295,200 80,200,2,Спеціалізована торгівля,Спеціалізована торгівля,200 / 200 80,Законодавство з питань торгівлі та громадського харчування. Побутове обслуговування населення / Спеціалізована торгівля,1,3,749,7,https://zakon.rada.gov.ua/laws/main/j842,https://zakon.rada.gov.ua/laws/main/jj842,[],Спеціалізована торгівля. Шлях: Законодавство з питань торгівлі та громадського харчування. Побутове обслуговування населення / Спеціалізована торгівля. Код: 200 80.,,,2026-10-05 18:41:38,2026-10-05 18:41:38
5296,200 80 10,200 80,3,Продаж автомобілів,Продаж автомобілів,200 / 200 80 / 200 80 10,Законодавство з питань торгівлі та громадського харчування. Побутове обслуговування населення / Спеціалізована торгівля / Продаж автомобілів,0,0,6,6,https://zakon.rada.gov.ua/laws/main/jj843,https://zakon.rada.gov.ua/laws/main/jj843,[],Продаж автомобілів. Шлях: Законодавство з питань торгівлі та громадського харчування. Побутове обслуговування населення / Спеціалізована торгівля / Продаж автомобілів. Код: 200 80 10.,,,2026-10-05 18:41:38,2026-10-05 18:41:38
5297,200 80 20,200 80,3,Торгівля лікеро-горілчаними та тютюновими виробами,Торгівля лікеро-горілчаними та тютюновими виробами,200 / 200 80 / 200 80 20,Законодавство з питань торгівлі та громадського харчування. Побутове обслуговування населення / Спеціалізована торгівля / Торгівля лікеро-горілчаними та тютюновими виробами,0,0,738,738,https://zakon.rada.gov.ua/laws/main/jj844,https://zakon.rada.gov.ua/laws/main/jj844,[],Торгівля лікеро-горілчаними та тютюновими виробами. Шлях: Законодавство з питань торгівлі та громадського харчування. Побутове обслуговування населення / Спеціалізована торгівля / Торгівля лікеро-горілчаними та тютюновими виробами. Код: 200 80 20.,,,2026-10-05 18:41:38,2026-10-05 18:41:38
5298,200 80 30,200 80,3,Продаж товарів за іноземну валюту,Продаж товарів за іноземну валюту,200 / 200 80 / 200 80 30,Законодавство з питань торгівлі та громадського харчування. Побутове обслуговування населення / Спеціалізована торгівля / Продаж товарів за іноземну валюту,0,0,0,0,,,[],Продаж товарів за іноземну валюту. Шлях: Законодавство з питань торгівлі та громадського харчування. Побутове обслуговування населення / Спеціалізована торгівля / Продаж товарів за іноземну валюту. Код: 200 80 30.,,,2026-10-05 18:41:38,2026-10-05 18:41:38
5299,200 90,200,2,Продаж товарів в кредит,Продаж товарів в кредит,200 / 200 90,Законодавство з питань торгівлі та громадського харчування. Побутове обслуговування населення / Продаж товарів в кредит,0,0,15,15,https://zakon.rada.gov.ua/laws/main/jj846,https://zakon.rada.gov.ua/laws/main/jj846,[],Продаж товарів в кредит. Шлях: Законодавство з питань торгівлі та громадського харчування. Побутове обслуговування населення / Продаж товарів в кредит. Код: 200 90.,,,2026-10-05 18:41:38,2026-10-05 18:41:38
5300,200100,200,2,Торговельні приміщення. Сховища. Тара,Торговельні приміщення. Сховища. Тара,200 / 200100,Законодавство з питань торгівлі та громадського харчування. Побутове обслуговування населення / Торговельні приміщення. Сховища. Тара,0,0,107,107,https://zakon.rada.gov.ua/laws/main/jj847,https://zakon.rada.gov.ua/laws/main/jj847,[],Торговельні приміщення. Сховища. Тара. Шлях: Законодавство з питань торгівлі та громадського харчування. Побутове обслуговування населення / Торговельні приміщення. Сховища. Тара. Код: 200100.,,,2026-10-05 18:41:38,2026-10-05 18:41:38
5301,200110,200,2,Контрольно-касові апарати,Контрольно-касові апарати,200 / 200110,Законодавство з питань торгівлі та громадського харчування. Побутове обслуговування населення / Контрольно-касові апарати,0,0,318,318,https://zakon.rada.gov.ua/laws/main/jj848,https://zakon.rada.gov.ua/laws/main/jj848,[],Контрольно-касові апарати. Шлях: Законодавство з питань торгівлі та громадського харчування. Побутове обслуговування населення / Контрольно-касові апарати. Код: 200110.,,,2026-10-05 18:41:38,2026-10-05 18:41:38
5302,200111,200,2,Інвентаризація товарних залишків,Інвентаризація товарних залишків,200 / 200111,Законодавство з питань торгівлі та громадського харчування. Побутове обслуговування населення / Інвентаризація товарних залишків,0,0,1,1,https://zakon.rada.gov.ua/laws/main/jj849,https://zakon.rada.gov.ua/laws/main/jj849,[],Інвентаризація товарних залишків. Шлях: Законодавство з питань торгівлі та громадського харчування. Побутове обслуговування населення / Інвентаризація товарних залишків. Код: 200111.,,,2026-10-05 18:41:38,2026-10-05 18:41:38
5303,200120,200,2,Громадське харчування. Їдальні. Ресторани. Кафе,Громадське харчування. Їдальні. Ресторани. Кафе,200 / 200120,Законодавство з питань торгівлі та громадського харчування. Побутове обслуговування населення / Громадське харчування. Їдальні. Ресторани. Кафе,0,0,218,218,https://zakon.rada.gov.ua/laws/main/jj850,https://zakon.rada.gov.ua/laws/main/jj850,[],Громадське харчування. Їдальні. Ресторани. Кафе. Шлях: Законодавство з питань торгівлі та громадського харчування. Побутове обслуговування населення / Громадське харчування. Їдальні. Ресторани. Кафе. Код: 200120.,,,2026-10-05 18:41:38,2026-10-05 18:41:38
5304,200130,200,2,Побутове обслуговування,Побутове обслуговування,200 / 200130,Законодавство з питань торгівлі та громадського харчування. Побутове обслуговування населення / Побутове обслуговування,1,4,477,80,https://zakon.rada.gov.ua/laws/main/j851,https://zakon.rada.gov.ua/laws/main/jj851,[],Побутове обслуговування. Шлях: Законодавство з питань торгівлі та громадського харчування. Побутове обслуговування населення / Побутове обслуговування. Код: 200130.,,,2026-10-05 18:41:38,2026-10-05 18:41:38
5305,200130 10,200130,3,Підприємства побутового обслуговування,Підприємства побутового обслуговування,200 / 200130 / 200130 10,Законодавство з питань торгівлі та громадського харчування. Побутове обслуговування населення / Побутове обслуговування / Підприємства побутового обслуговування,0,0,39,39,https://zakon.rada.gov.ua/laws/main/jj852,https://zakon.rada.gov.ua/laws/main/jj852,[],Підприємства побутового обслуговування. Шлях: Законодавство з питань торгівлі та громадського харчування. Побутове обслуговування населення / Побутове обслуговування / Підприємства побутового обслуговування. Код: 200130 10.,,,2026-10-05 18:41:38,2026-10-05 18:41:38
5306,200130 20,200130,3,Ритуальне обслуговування,Ритуальне обслуговування,200 / 200130 / 200130 20,Законодавство з питань торгівлі та громадського харчування. Побутове обслуговування населення / Побутове обслуговування / Ритуальне обслуговування,0,0,15,15,https://zakon.rada.gov.ua/laws/main/jj853,https://zakon.rada.gov.ua/laws/main/jj853,[],Ритуальне обслуговування. Шлях: Законодавство з питань торгівлі та громадського харчування. Побутове обслуговування населення / Побутове обслуговування / Ритуальне обслуговування. Код: 200130 20.,,,2026-10-05 18:41:38,2026-10-05 18:41:38
5307,200130 30,200130,3,"Поховання, кладовища","Поховання, кладовища",200 / 200130 / 200130 30,"Законодавство з питань торгівлі та громадського харчування. Побутове обслуговування населення / Побутове обслуговування / Поховання, кладовища",0,0,348,348,https://zakon.rada.gov.ua/laws/main/jj854,https://zakon.rada.gov.ua/laws/main/jj854,[],"Поховання, кладовища. Шлях: Законодавство з питань торгівлі та громадського харчування. Побутове обслуговування населення / Побутове обслуговування / Поховання, кладовища. Код: 200130 30.",,,2026-10-05 18:41:38,2026-10-05 18:41:38
5308,200130 40,200130,3,Тарифи та пільги на побутове обслуговування,Тарифи та пільги на побутове обслуговування,200 / 200130 / 200130 40,Законодавство з питань торгівлі та громадського харчування. Побутове обслуговування населення / Побутове обслуговування / Тарифи та пільги на побутове обслуговування,0,0,1,1,https://zakon.rada.gov.ua/laws/main/jj855,https://zakon.rada.gov.ua/laws/main/jj855,[],Тарифи та пільги на побутове обслуговування. Шлях: Законодавство з питань торгівлі та громадського харчування. Побутове обслуговування населення / Побутове обслуговування / Тарифи та пільги на побутове обслуговування. Код: 200130 40.,,,2026-10-05 18:41:38,2026-10-05 18:41:38
5309,210,,1,Законодавство про використання ядерної енергії та радіаційний захист. Законодавство з питань ліквідації наслідків Чорнобильської катастрофи та інших ядерних аварій і випробувань,Законодавство про використання ядерної енергії та радіаційний захист. Законодавство з питань ліквідації наслідків Чорнобильської катастрофи та інших ядерних аварій і випробувань,210,Законодавство про використання ядерної енергії та радіаційний захист. Законодавство з питань ліквідації наслідків Чорнобильської катастрофи та інших ядерних аварій і випробувань,1,11,2321,141,https://zakon.rada.gov.ua/laws/main/j856,https://zakon.rada.gov.ua/laws/main/jj856,[],Законодавство про використання ядерної енергії та радіаційний захист. Законодавство з питань ліквідації наслідків Чорнобильської катастрофи та інших ядерних аварій і випробувань. Шлях: Законодавство про використання ядерної енергії та радіаційний захист. Законодавство з питань ліквідації наслідків Чорнобильської катастрофи та інших ядерних аварій і випробувань. Код: 210.,,,2026-10-05 18:41:38,2026-10-05 18:41:38
5310,210 10,210,2,Ядерне законодавство,Ядерне законодавство,210 / 210 10,Законодавство про використання ядерної енергії та радіаційний захист. Законодавство з питань ліквідації наслідків Чорнобильської катастрофи та інших ядерних аварій і випробувань / Ядерне законодавство,0,0,333,333,https://zakon.rada.gov.ua/laws/main/jj857,https://zakon.rada.gov.ua/laws/main/jj857,[],Ядерне законодавство. Шлях: Законодавство про використання ядерної енергії та радіаційний захист. Законодавство з питань ліквідації наслідків Чорнобильської катастрофи та інших ядерних аварій і випробувань / Ядерне законодавство. Код: 210 10.,,,2026-10-05 18:41:38,2026-10-05 18:41:38
5311,210 20,210,2,"Державне регулювання безпеки використання ядерної енергії, радіаційно небезпечних технологій та речовин","Державне регулювання безпеки використання ядерної енергії, радіаційно небезпечних технологій та речовин",210 / 210 20,"Законодавство про використання ядерної енергії та радіаційний захист. Законодавство з питань ліквідації наслідків Чорнобильської катастрофи та інших ядерних аварій і випробувань / Державне регулювання безпеки використання ядерної енергії, радіаційно небезпечних технологій та речовин",0,0,345,345,https://zakon.rada.gov.ua/laws/main/jj858,https://zakon.rada.gov.ua/laws/main/jj858,[],"Державне регулювання безпеки використання ядерної енергії, радіаційно небезпечних технологій та речовин. Шлях: Законодавство про використання ядерної енергії та радіаційний захист. Законодавство з питань ліквідації наслідків Чорнобильської катастрофи та інших ядерних аварій і випробувань / Державне регулювання безпеки використання ядерної енергії, радіаційно небезпечних технологій та речовин. Код: 210 20.",,,2026-10-05 18:41:38,2026-10-05 18:41:38
5312,210 30,210,2,"Правовий статус юридичних та фізичних осіб, що здійснюють діяльність в галузі використання джерел іонізуючого випромінювання","Правовий статус юридичних та фізичних осіб, що здійснюють діяльність в галузі використання джерел іонізуючого випромінювання",210 / 210 30,"Законодавство про використання ядерної енергії та радіаційний захист. Законодавство з питань ліквідації наслідків Чорнобильської катастрофи та інших ядерних аварій і випробувань / Правовий статус юридичних та фізичних осіб, що здійснюють діяльність в галузі використання джерел іонізуючого випромінювання",0,0,42,42,https://zakon.rada.gov.ua/laws/main/jj859,https://zakon.rada.gov.ua/laws/main/jj859,[],"Правовий статус юридичних та фізичних осіб, що здійснюють діяльність в галузі використання джерел іонізуючого випромінювання. Шлях: Законодавство про використання ядерної енергії та радіаційний захист. Законодавство з питань ліквідації наслідків Чорнобильської катастрофи та інших ядерних аварій і випробувань / Правовий статус юридичних та фізичних осіб, що здійснюють діяльність в галузі використання джерел іонізуючого випромінювання. Код: 210 30.",,,2026-10-05 18:41:38,2026-10-05 18:41:38
5313,210 40,210,2,"Розміщення, будівництво та введення в дію джерел іонізуючого випромінювання. Озоноруйнуючі речовини","Розміщення, будівництво та введення в дію джерел іонізуючого випромінювання. Озоноруйнуючі речовини",210 / 210 40,"Законодавство про використання ядерної енергії та радіаційний захист. Законодавство з питань ліквідації наслідків Чорнобильської катастрофи та інших ядерних аварій і випробувань / Розміщення, будівництво та введення в дію джерел іонізуючого випромінювання. Озоноруйнуючі речовини",0,0,79,79,https://zakon.rada.gov.ua/laws/main/jj860,https://zakon.rada.gov.ua/laws/main/jj860,[],"Розміщення, будівництво та введення в дію джерел іонізуючого випромінювання. Озоноруйнуючі речовини. Шлях: Законодавство про використання ядерної енергії та радіаційний захист. Законодавство з питань ліквідації наслідків Чорнобильської катастрофи та інших ядерних аварій і випробувань / Розміщення, будівництво та введення в дію джерел іонізуючого випромінювання. Озоноруйнуючі речовини. Код: 210 40.",,,2026-10-05 18:41:38,2026-10-05 18:41:38
5314,210 50,210,2,Радіоактивні відходи,Радіоактивні відходи,210 / 210 50,Законодавство про використання ядерної енергії та радіаційний захист. Законодавство з питань ліквідації наслідків Чорнобильської катастрофи та інших ядерних аварій і випробувань / Радіоактивні відходи,0,0,164,164,https://zakon.rada.gov.ua/laws/main/jj861,https://zakon.rada.gov.ua/laws/main/jj861,[],Радіоактивні відходи. Шлях: Законодавство про використання ядерної енергії та радіаційний захист. Законодавство з питань ліквідації наслідків Чорнобильської катастрофи та інших ядерних аварій і випробувань / Радіоактивні відходи. Код: 210 50.,,,2026-10-05 18:41:38,2026-10-05 18:41:38
5315,210 60,210,2,Радіоактивні речовини,Радіоактивні речовини,210 / 210 60,Законодавство про використання ядерної енергії та радіаційний захист. Законодавство з питань ліквідації наслідків Чорнобильської катастрофи та інших ядерних аварій і випробувань / Радіоактивні речовини,0,0,62,62,https://zakon.rada.gov.ua/laws/main/jj862,https://zakon.rada.gov.ua/laws/main/jj862,[],Радіоактивні речовини. Шлях: Законодавство про використання ядерної енергії та радіаційний захист. Законодавство з питань ліквідації наслідків Чорнобильської катастрофи та інших ядерних аварій і випробувань / Радіоактивні речовини. Код: 210 60.,,,2026-10-05 18:41:38,2026-10-05 18:41:38
5316,210 70,210,2,Ядерні матеріали та ядерні установки,Ядерні матеріали та ядерні установки,210 / 210 70,Законодавство про використання ядерної енергії та радіаційний захист. Законодавство з питань ліквідації наслідків Чорнобильської катастрофи та інших ядерних аварій і випробувань / Ядерні матеріали та ядерні установки,0,0,269,269,https://zakon.rada.gov.ua/laws/main/jj863,https://zakon.rada.gov.ua/laws/main/jj863,[],Ядерні матеріали та ядерні установки. Шлях: Законодавство про використання ядерної енергії та радіаційний захист. Законодавство з питань ліквідації наслідків Чорнобильської катастрофи та інших ядерних аварій і випробувань / Ядерні матеріали та ядерні установки. Код: 210 70.,,,2026-10-05 18:41:38,2026-10-05 18:41:38
5317,210 80,210,2,"Запобігання використання ядерних матеріалів, обладнання та технологій у військових цілях","Запобігання використання ядерних матеріалів, обладнання та технологій у військових цілях",210 / 210 80,"Законодавство про використання ядерної енергії та радіаційний захист. Законодавство з питань ліквідації наслідків Чорнобильської катастрофи та інших ядерних аварій і випробувань / Запобігання використання ядерних матеріалів, обладнання та технологій у військових цілях",0,0,7,7,https://zakon.rada.gov.ua/laws/main/jj864,https://zakon.rada.gov.ua/laws/main/jj864,[],"Запобігання використання ядерних матеріалів, обладнання та технологій у військових цілях. Шлях: Законодавство про використання ядерної енергії та радіаційний захист. Законодавство з питань ліквідації наслідків Чорнобильської катастрофи та інших ядерних аварій і випробувань / Запобігання використання ядерних матеріалів, обладнання та технологій у військових цілях. Код: 210 80.",,,2026-10-05 18:41:38,2026-10-05 18:41:38
5318,210 90,210,2,Відшкодування ядерних збитків,Відшкодування ядерних збитків,210 / 210 90,Законодавство про використання ядерної енергії та радіаційний захист. Законодавство з питань ліквідації наслідків Чорнобильської катастрофи та інших ядерних аварій і випробувань / Відшкодування ядерних збитків,0,0,6,6,https://zakon.rada.gov.ua/laws/main/jj865,https://zakon.rada.gov.ua/laws/main/jj865,[],Відшкодування ядерних збитків. Шлях: Законодавство про використання ядерної енергії та радіаційний захист. Законодавство з питань ліквідації наслідків Чорнобильської катастрофи та інших ядерних аварій і випробувань / Відшкодування ядерних збитків. Код: 210 90.,,,2026-10-05 18:41:38,2026-10-05 18:41:38
5319,210100,210,2,Міжнародні зобов'язання України щодо використання ядерної енергії.,Міжнародні зобов'язання України щодо використання ядерної енергії.,210 / 210100,Законодавство про використання ядерної енергії та радіаційний захист. Законодавство з питань ліквідації наслідків Чорнобильської катастрофи та інших ядерних аварій і випробувань / Міжнародні зобов'язання України щодо використання ядерної енергії.,0,0,98,98,https://zakon.rada.gov.ua/laws/main/jj866,https://zakon.rada.gov.ua/laws/main/jj866,[],Міжнародні зобов'язання України щодо використання ядерної енергії.. Шлях: Законодавство про використання ядерної енергії та радіаційний захист. Законодавство з питань ліквідації наслідків Чорнобильської катастрофи та інших ядерних аварій і випробувань / Міжнародні зобов'язання України щодо використання ядерної енергії.. Код: 210100.,,,2026-10-05 18:41:38,2026-10-05 18:41:38
5320,210110,210,2,Законодавство з питань ліквідації наслідків Чорнобильської катастрофи та інших ядерних аварій і випробувань,Законодавство з питань ліквідації наслідків Чорнобильської катастрофи та інших ядерних аварій і випробувань,210 / 210110,Законодавство про використання ядерної енергії та радіаційний захист. Законодавство з питань ліквідації наслідків Чорнобильської катастрофи та інших ядерних аварій і випробувань / Законодавство з питань ліквідації наслідків Чорнобильської катастрофи та інших ядерних аварій і випробувань,1,7,1117,529,https://zakon.rada.gov.ua/laws/main/j867,https://zakon.rada.gov.ua/laws/main/jj867,[],Законодавство з питань ліквідації наслідків Чорнобильської катастрофи та інших ядерних аварій і випробувань. Шлях: Законодавство про використання ядерної енергії та радіаційний захист. Законодавство з питань ліквідації наслідків Чорнобильської катастрофи та інших ядерних аварій і випробувань / Законодавство з питань ліквідації наслідків Чорнобильської катастрофи та інших ядерних аварій і випробувань. Код: 210110.,,,2026-10-05 18:41:38,2026-10-05 18:41:38
5321,210110 10,210110,3,"Про правовий режим території, що зазнала радіоактивного забруднення","Про правовий режим території, що зазнала радіоактивного забруднення",210 / 210110 / 210110 10,"Законодавство про використання ядерної енергії та радіаційний захист. Законодавство з питань ліквідації наслідків Чорнобильської катастрофи та інших ядерних аварій і випробувань / Законодавство з питань ліквідації наслідків Чорнобильської катастрофи та інших ядерних аварій і випробувань / Про правовий режим території, що зазнала радіоактивного забруднення",0,0,134,134,https://zakon.rada.gov.ua/laws/main/jj868,https://zakon.rada.gov.ua/laws/main/jj868,[],"Про правовий режим території, що зазнала радіоактивного забруднення. Шлях: Законодавство про використання ядерної енергії та радіаційний захист. Законодавство з питань ліквідації наслідків Чорнобильської катастрофи та інших ядерних аварій і випробувань / Законодавство з питань ліквідації наслідків Чорнобильської катастрофи та інших ядерних аварій і випробувань / Про правовий режим території, що зазнала радіоактивного забруднення. Код: 210110 10.",,,2026-10-05 18:41:38,2026-10-05 18:41:38
5322,210110 20,210110,3,"Про правовий статус громадян, які постраждали внаслідок Чорнобильської катастрофи та інших ядерних аварій і випробувань","Про правовий статус громадян, які постраждали внаслідок Чорнобильської катастрофи та інших ядерних аварій і випробувань",210 / 210110 / 210110 20,"Законодавство про використання ядерної енергії та радіаційний захист. Законодавство з питань ліквідації наслідків Чорнобильської катастрофи та інших ядерних аварій і випробувань / Законодавство з питань ліквідації наслідків Чорнобильської катастрофи та інших ядерних аварій і випробувань / Про правовий статус громадян, які постраждали внаслідок Чорнобильської катастрофи та інших ядерних аварій і випробувань",0,0,408,408,https://zakon.rada.gov.ua/laws/main/jj869,https://zakon.rada.gov.ua/laws/main/jj869,[],"Про правовий статус громадян, які постраждали внаслідок Чорнобильської катастрофи та інших ядерних аварій і випробувань. Шлях: Законодавство про використання ядерної енергії та радіаційний захист. Законодавство з питань ліквідації наслідків Чорнобильської катастрофи та інших ядерних аварій і випробувань / Законодавство з питань ліквідації наслідків Чорнобильської катастрофи та інших ядерних аварій і випробувань / Про правовий статус громадян, які постраждали внаслідок Чорнобильської катастрофи та інших ядерних аварій і випробувань. Код: 210110 20.",,,2026-10-05 18:41:38,2026-10-05 18:41:38
5323,210110 30,210110,3,Пільги,Пільги,210 / 210110 / 210110 30,Законодавство про використання ядерної енергії та радіаційний захист. Законодавство з питань ліквідації наслідків Чорнобильської катастрофи та інших ядерних аварій і випробувань / Законодавство з питань ліквідації наслідків Чорнобильської катастрофи та інших ядерних аварій і випробувань / Пільги,0,0,31,31,https://zakon.rada.gov.ua/laws/main/jj870,https://zakon.rada.gov.ua/laws/main/jj870,[],Пільги. Шлях: Законодавство про використання ядерної енергії та радіаційний захист. Законодавство з питань ліквідації наслідків Чорнобильської катастрофи та інших ядерних аварій і випробувань / Законодавство з питань ліквідації наслідків Чорнобильської катастрофи та інших ядерних аварій і випробувань / Пільги. Код: 210110 30.,,,2026-10-05 18:41:38,2026-10-05 18:41:38
5324,210110 40,210110,3,Порядок видачі посвідчень,Порядок видачі посвідчень,210 / 210110 / 210110 40,Законодавство про використання ядерної енергії та радіаційний захист. Законодавство з питань ліквідації наслідків Чорнобильської катастрофи та інших ядерних аварій і випробувань / Законодавство з питань ліквідації наслідків Чорнобильської катастрофи та інших ядерних аварій і випробувань / Порядок видачі посвідчень,0,0,30,30,https://zakon.rada.gov.ua/laws/main/jj871,https://zakon.rada.gov.ua/laws/main/jj871,[],Порядок видачі посвідчень. Шлях: Законодавство про використання ядерної енергії та радіаційний захист. Законодавство з питань ліквідації наслідків Чорнобильської катастрофи та інших ядерних аварій і випробувань / Законодавство з питань ліквідації наслідків Чорнобильської катастрофи та інших ядерних аварій і випробувань / Порядок видачі посвідчень. Код: 210110 40.,,,2026-10-05 18:41:38,2026-10-05 18:41:38
5325,210110 50,210110,3,"Переселення з територій, що зазнали радіоактивного забруднення","Переселення з територій, що зазнали радіоактивного забруднення",210 / 210110 / 210110 50,"Законодавство про використання ядерної енергії та радіаційний захист. Законодавство з питань ліквідації наслідків Чорнобильської катастрофи та інших ядерних аварій і випробувань / Законодавство з питань ліквідації наслідків Чорнобильської катастрофи та інших ядерних аварій і випробувань / Переселення з територій, що зазнали радіоактивного забруднення",0,0,33,33,https://zakon.rada.gov.ua/laws/main/jj872,https://zakon.rada.gov.ua/laws/main/jj872,[],"Переселення з територій, що зазнали радіоактивного забруднення. Шлях: Законодавство про використання ядерної енергії та радіаційний захист. Законодавство з питань ліквідації наслідків Чорнобильської катастрофи та інших ядерних аварій і випробувань / Законодавство з питань ліквідації наслідків Чорнобильської катастрофи та інших ядерних аварій і випробувань / Переселення з територій, що зазнали радіоактивного забруднення. Код: 210110 50.",,,2026-10-05 18:41:38,2026-10-05 18:41:38
5326,210110 60,210110,3,Будівництво житла для переселенців,Будівництво житла для переселенців,210 / 210110 / 210110 60,Законодавство про використання ядерної енергії та радіаційний захист. Законодавство з питань ліквідації наслідків Чорнобильської катастрофи та інших ядерних аварій і випробувань / Законодавство з питань ліквідації наслідків Чорнобильської катастрофи та інших ядерних аварій і випробувань / Будівництво житла для переселенців,0,0,8,8,https://zakon.rada.gov.ua/laws/main/jj873,https://zakon.rada.gov.ua/laws/main/jj873,[],Будівництво житла для переселенців. Шлях: Законодавство про використання ядерної енергії та радіаційний захист. Законодавство з питань ліквідації наслідків Чорнобильської катастрофи та інших ядерних аварій і випробувань / Законодавство з питань ліквідації наслідків Чорнобильської катастрофи та інших ядерних аварій і випробувань / Будівництво житла для переселенців. Код: 210110 60.,,,2026-10-05 18:41:38,2026-10-05 18:41:38
5327,210110 70,210110,3,Пенсійне забезпечення потерпілих та учасників ліквідації наслідків аварії на ЧАЕС та інших ядерних аварій і випробувань,Пенсійне забезпечення потерпілих та учасників ліквідації наслідків аварії на ЧАЕС та інших ядерних аварій і випробувань,210 / 210110 / 210110 70,Законодавство про використання ядерної енергії та радіаційний захист. Законодавство з питань ліквідації наслідків Чорнобильської катастрофи та інших ядерних аварій і випробувань / Законодавство з питань ліквідації наслідків Чорнобильської катастрофи та інших ядерних аварій і випробувань / Пенсійне забезпечення потерпілих та учасників ліквідації наслідків аварії на ЧАЕС та інших ядерних аварій і випробувань,0,0,18,18,https://zakon.rada.gov.ua/laws/main/jj874,https://zakon.rada.gov.ua/laws/main/jj874,[],Пенсійне забезпечення потерпілих та учасників ліквідації наслідків аварії на ЧАЕС та інших ядерних аварій і випробувань. Шлях: Законодавство про використання ядерної енергії та радіаційний захист. Законодавство з питань ліквідації наслідків Чорнобильської катастрофи та інших ядерних аварій і випробувань / Законодавство з питань ліквідації наслідків Чорнобильської катастрофи та інших ядерних аварій і випробувань / Пенсійне забезпечення потерпілих та учасників ліквідації наслідків аварії на ЧАЕС та інших ядерних аварій і випробувань. Код: 210110 70.,,,2026-10-05 18:41:38,2026-10-05 18:41:38
5328,220,,1,Законодавство про сільське господарство та агропромисловий комплекс,Законодавство про сільське господарство та агропромисловий комплекс,220,Законодавство про сільське господарство та агропромисловий комплекс,1,22,6008,430,https://zakon.rada.gov.ua/laws/main/j875,https://zakon.rada.gov.ua/laws/main/jj875,[],Законодавство про сільське господарство та агропромисловий комплекс. Шлях: Законодавство про сільське господарство та агропромисловий комплекс. Код: 220.,,,2026-10-05 18:41:38,2026-10-05 18:41:38
5329,220 10,220,2,Загальні засади розвитку села,Загальні засади розвитку села,220 / 220 10,Законодавство про сільське господарство та агропромисловий комплекс / Загальні засади розвитку села,0,0,342,342,https://zakon.rada.gov.ua/laws/main/jj876,https://zakon.rada.gov.ua/laws/main/jj876,[],Загальні засади розвитку села. Шлях: Законодавство про сільське господарство та агропромисловий комплекс / Загальні засади розвитку села. Код: 220 10.,,,2026-10-05 18:41:38,2026-10-05 18:41:38
5330,220 20,220,2,Агропромисловий комплекс,Агропромисловий комплекс,220 / 220 20,Законодавство про сільське господарство та агропромисловий комплекс / Агропромисловий комплекс,0,0,1175,1175,https://zakon.rada.gov.ua/laws/main/jj877,https://zakon.rada.gov.ua/laws/main/jj877,[],Агропромисловий комплекс. Шлях: Законодавство про сільське господарство та агропромисловий комплекс / Агропромисловий комплекс. Код: 220 20.,,,2026-10-05 18:41:38,2026-10-05 18:41:38
5331,220 30,220,2,Державні сільськогосподарські підприємства,Державні сільськогосподарські підприємства,220 / 220 30,Законодавство про сільське господарство та агропромисловий комплекс / Державні сільськогосподарські підприємства,0,0,119,119,https://zakon.rada.gov.ua/laws/main/jj878,https://zakon.rada.gov.ua/laws/main/jj878,[],Державні сільськогосподарські підприємства. Шлях: Законодавство про сільське господарство та агропромисловий комплекс / Державні сільськогосподарські підприємства. Код: 220 30.,,,2026-10-05 18:41:38,2026-10-05 18:41:38
5332,220 40,220,2,Колективні сільськогосподарські підприємства,Колективні сільськогосподарські підприємства,220 / 220 40,Законодавство про сільське господарство та агропромисловий комплекс / Колективні сільськогосподарські підприємства,0,0,104,104,https://zakon.rada.gov.ua/laws/main/jj879,https://zakon.rada.gov.ua/laws/main/jj879,[],Колективні сільськогосподарські підприємства. Шлях: Законодавство про сільське господарство та агропромисловий комплекс / Колективні сільськогосподарські підприємства. Код: 220 40.,,,2026-10-05 18:41:38,2026-10-05 18:41:38
5333,220 50,220,2,Селянські фермерські господарства,Селянські фермерські господарства,220 / 220 50,Законодавство про сільське господарство та агропромисловий комплекс / Селянські фермерські господарства,0,0,152,152,https://zakon.rada.gov.ua/laws/main/jj880,https://zakon.rada.gov.ua/laws/main/jj880,[],Селянські фермерські господарства. Шлях: Законодавство про сільське господарство та агропромисловий комплекс / Селянські фермерські господарства. Код: 220 50.,,,2026-10-05 18:41:38,2026-10-05 18:41:38
5334,220 60,220,2,Особисті підсобні господарства,Особисті підсобні господарства,220 / 220 60,Законодавство про сільське господарство та агропромисловий комплекс / Особисті підсобні господарства,0,0,25,25,https://zakon.rada.gov.ua/laws/main/jj881,https://zakon.rada.gov.ua/laws/main/jj881,[],Особисті підсобні господарства. Шлях: Законодавство про сільське господарство та агропромисловий комплекс / Особисті підсобні господарства. Код: 220 60.,,,2026-10-05 18:41:38,2026-10-05 18:41:38
5335,220 70,220,2,Сільськогосподарська техніка. Паливно-мастильні матеріали,Сільськогосподарська техніка. Паливно-мастильні матеріали,220 / 220 70,Законодавство про сільське господарство та агропромисловий комплекс / Сільськогосподарська техніка. Паливно-мастильні матеріали,0,0,407,407,https://zakon.rada.gov.ua/laws/main/jj882,https://zakon.rada.gov.ua/laws/main/jj882,[],Сільськогосподарська техніка. Паливно-мастильні матеріали. Шлях: Законодавство про сільське господарство та агропромисловий комплекс / Сільськогосподарська техніка. Паливно-мастильні матеріали. Код: 220 70.,,,2026-10-05 18:41:38,2026-10-05 18:41:38
5336,220 80,220,2,Рослинництво,Рослинництво,220 / 220 80,Законодавство про сільське господарство та агропромисловий комплекс / Рослинництво,1,6,1383,355,https://zakon.rada.gov.ua/laws/main/j883,https://zakon.rada.gov.ua/laws/main/jj883,[],Рослинництво. Шлях: Законодавство про сільське господарство та агропромисловий комплекс / Рослинництво. Код: 220 80.,,,2026-10-05 18:41:38,2026-10-05 18:41:38
5337,220 80 10,220 80,3,"Насіння, садивний матеріал","Насіння, садивний матеріал",220 / 220 80 / 220 80 10,"Законодавство про сільське господарство та агропромисловий комплекс / Рослинництво / Насіння, садивний матеріал",0,0,311,311,https://zakon.rada.gov.ua/laws/main/jj884,https://zakon.rada.gov.ua/laws/main/jj884,[],"Насіння, садивний матеріал. Шлях: Законодавство про сільське господарство та агропромисловий комплекс / Рослинництво / Насіння, садивний матеріал. Код: 220 80 10.",,,2026-10-05 18:41:38,2026-10-05 18:41:38
5338,220 80 20,220 80,3,Зернові культури,Зернові культури,220 / 220 80 / 220 80 20,Законодавство про сільське господарство та агропромисловий комплекс / Рослинництво / Зернові культури,0,0,442,442,https://zakon.rada.gov.ua/laws/main/jj885,https://zakon.rada.gov.ua/laws/main/jj885,[],Зернові культури. Шлях: Законодавство про сільське господарство та агропромисловий комплекс / Рослинництво / Зернові культури. Код: 220 80 20.,,,2026-10-05 18:41:38,2026-10-05 18:41:38
5339,220 80 30,220 80,3,Технічні та кормові культури,Технічні та кормові культури,220 / 220 80 / 220 80 30,Законодавство про сільське господарство та агропромисловий комплекс / Рослинництво / Технічні та кормові культури,0,0,190,190,https://zakon.rada.gov.ua/laws/main/jj886,https://zakon.rada.gov.ua/laws/main/jj886,[],Технічні та кормові культури. Шлях: Законодавство про сільське господарство та агропромисловий комплекс / Рослинництво / Технічні та кормові культури. Код: 220 80 30.,,,2026-10-05 18:41:38,2026-10-05 18:41:38
5340,220 80 40,220 80,3,Садівництво,Садівництво,220 / 220 80 / 220 80 40,Законодавство про сільське господарство та агропромисловий комплекс / Рослинництво / Садівництво,0,0,66,66,https://zakon.rada.gov.ua/laws/main/jj887,https://zakon.rada.gov.ua/laws/main/jj887,[],Садівництво. Шлях: Законодавство про сільське господарство та агропромисловий комплекс / Рослинництво / Садівництво. Код: 220 80 40.,,,2026-10-05 18:41:38,2026-10-05 18:41:38
5341,220 80 50,220 80,3,Виноградарство,Виноградарство,220 / 220 80 / 220 80 50,Законодавство про сільське господарство та агропромисловий комплекс / Рослинництво / Виноградарство,0,0,131,131,https://zakon.rada.gov.ua/laws/main/jj888,https://zakon.rada.gov.ua/laws/main/jj888,[],Виноградарство. Шлях: Законодавство про сільське господарство та агропромисловий комплекс / Рослинництво / Виноградарство. Код: 220 80 50.,,,2026-10-05 18:41:38,2026-10-05 18:41:38
5342,220 80 60,220 80,3,Городництво,Городництво,220 / 220 80 / 220 80 60,Законодавство про сільське господарство та агропромисловий комплекс / Рослинництво / Городництво,0,0,8,8,https://zakon.rada.gov.ua/laws/main/jj889,https://zakon.rada.gov.ua/laws/main/jj889,[],Городництво. Шлях: Законодавство про сільське господарство та агропромисловий комплекс / Рослинництво / Городництво. Код: 220 80 60.,,,2026-10-05 18:41:38,2026-10-05 18:41:38
5343,220 90,220,2,"Тваринництво, птахівництво, звіроводство","Тваринництво, птахівництво, звіроводство",220 / 220 90,"Законодавство про сільське господарство та агропромисловий комплекс / Тваринництво, птахівництво, звіроводство",0,0,664,664,https://zakon.rada.gov.ua/laws/main/jj890,https://zakon.rada.gov.ua/laws/main/jj890,[],"Тваринництво, птахівництво, звіроводство. Шлях: Законодавство про сільське господарство та агропромисловий комплекс / Тваринництво, птахівництво, звіроводство. Код: 220 90.",,,2026-10-05 18:41:38,2026-10-05 18:41:38
5344,220100,220,2,Рибоводство,Рибоводство,220 / 220100,Законодавство про сільське господарство та агропромисловий комплекс / Рибоводство,0,0,320,320,https://zakon.rada.gov.ua/laws/main/jj891,https://zakon.rada.gov.ua/laws/main/jj891,[],Рибоводство. Шлях: Законодавство про сільське господарство та агропромисловий комплекс / Рибоводство. Код: 220100.,,,2026-10-05 18:41:38,2026-10-05 18:41:38
5345,220110,220,2,Бджільництво,Бджільництво,220 / 220110,Законодавство про сільське господарство та агропромисловий комплекс / Бджільництво,0,0,40,40,https://zakon.rada.gov.ua/laws/main/jj892,https://zakon.rada.gov.ua/laws/main/jj892,[],Бджільництво. Шлях: Законодавство про сільське господарство та агропромисловий комплекс / Бджільництво. Код: 220110.,,,2026-10-05 18:41:38,2026-10-05 18:41:38
5346,220120,220,2,Ветеринарні та зоотехнічні заходи. Карантин,Ветеринарні та зоотехнічні заходи. Карантин,220 / 220120,Законодавство про сільське господарство та агропромисловий комплекс / Ветеринарні та зоотехнічні заходи. Карантин,0,0,909,909,https://zakon.rada.gov.ua/laws/main/jj893,https://zakon.rada.gov.ua/laws/main/jj893,[],Ветеринарні та зоотехнічні заходи. Карантин. Шлях: Законодавство про сільське господарство та агропромисловий комплекс / Ветеринарні та зоотехнічні заходи. Карантин. Код: 220120.,,,2026-10-05 18:41:38,2026-10-05 18:41:38
5347,220130,220,2,Агрономія. Хімізація. Меліорація земель,Агрономія. Хімізація. Меліорація земель,220 / 220130,Законодавство про сільське господарство та агропромисловий комплекс / Агрономія. Хімізація. Меліорація земель,0,0,350,350,https://zakon.rada.gov.ua/laws/main/jj894,https://zakon.rada.gov.ua/laws/main/jj894,[],Агрономія. Хімізація. Меліорація земель. Шлях: Законодавство про сільське господарство та агропромисловий комплекс / Агрономія. Хімізація. Меліорація земель. Код: 220130.,,,2026-10-05 18:41:38,2026-10-05 18:41:38
5348,220140,220,2,Селекційна робота. Дослідні станції,Селекційна робота. Дослідні станції,220 / 220140,Законодавство про сільське господарство та агропромисловий комплекс / Селекційна робота. Дослідні станції,0,0,137,137,https://zakon.rada.gov.ua/laws/main/jj895,https://zakon.rada.gov.ua/laws/main/jj895,[],Селекційна робота. Дослідні станції. Шлях: Законодавство про сільське господарство та агропромисловий комплекс / Селекційна робота. Дослідні станції. Код: 220140.,,,2026-10-05 18:41:38,2026-10-05 18:41:38
5349,220150,220,2,Збирання врожаю. Транспортне забезпечення перевезення врожаю,Збирання врожаю. Транспортне забезпечення перевезення врожаю,220 / 220150,Законодавство про сільське господарство та агропромисловий комплекс / Збирання врожаю. Транспортне забезпечення перевезення врожаю,0,0,64,64,https://zakon.rada.gov.ua/laws/main/jj896,https://zakon.rada.gov.ua/laws/main/jj896,[],Збирання врожаю. Транспортне забезпечення перевезення врожаю. Шлях: Законодавство про сільське господарство та агропромисловий комплекс / Збирання врожаю. Транспортне забезпечення перевезення врожаю. Код: 220150.,,,2026-10-05 18:41:38,2026-10-05 18:41:38
5350,220160,220,2,Сільськогосподарське переселення,Сільськогосподарське переселення,220 / 220160,Законодавство про сільське господарство та агропромисловий комплекс / Сільськогосподарське переселення,0,0,3,3,https://zakon.rada.gov.ua/laws/main/jj897,https://zakon.rada.gov.ua/laws/main/jj897,[],Сільськогосподарське переселення. Шлях: Законодавство про сільське господарство та агропромисловий комплекс / Сільськогосподарське переселення. Код: 220160.,,,2026-10-05 18:41:38,2026-10-05 18:41:38
5351,220170,220,2,Сільськогосподарські виставки,Сільськогосподарські виставки,220 / 220170,Законодавство про сільське господарство та агропромисловий комплекс / Сільськогосподарські виставки,0,0,20,20,https://zakon.rada.gov.ua/laws/main/jj898,https://zakon.rada.gov.ua/laws/main/jj898,[],Сільськогосподарські виставки. Шлях: Законодавство про сільське господарство та агропромисловий комплекс / Сільськогосподарські виставки. Код: 220170.,,,2026-10-05 18:41:38,2026-10-05 18:41:38
5352,220180,220,2,Заготівля та збереження сільськогосподарської продукції. Контрактація,Заготівля та збереження сільськогосподарської продукції. Контрактація,220 / 220180,Законодавство про сільське господарство та агропромисловий комплекс / Заготівля та збереження сільськогосподарської продукції. Контрактація,0,0,153,153,https://zakon.rada.gov.ua/laws/main/jj899,https://zakon.rada.gov.ua/laws/main/jj899,[],Заготівля та збереження сільськогосподарської продукції. Контрактація. Шлях: Законодавство про сільське господарство та агропромисловий комплекс / Заготівля та збереження сільськогосподарської продукції. Контрактація. Код: 220180.,,,2026-10-05 18:41:38,2026-10-05 18:41:38
5353,220190,220,2,Закупівля державою сільськогосподарської продукції. Пільги,Закупівля державою сільськогосподарської продукції. Пільги,220 / 220190,Законодавство про сільське господарство та агропромисловий комплекс / Закупівля державою сільськогосподарської продукції. Пільги,0,0,284,284,https://zakon.rada.gov.ua/laws/main/jj900,https://zakon.rada.gov.ua/laws/main/jj900,[],Закупівля державою сільськогосподарської продукції. Пільги. Шлях: Законодавство про сільське господарство та агропромисловий комплекс / Закупівля державою сільськогосподарської продукції. Пільги. Код: 220190.,,,2026-10-05 18:41:38,2026-10-05 18:41:38
5354,220200,220,2,Закупівельні та договірні ціни,Закупівельні та договірні ціни,220 / 220200,Законодавство про сільське господарство та агропромисловий комплекс / Закупівельні та договірні ціни,0,0,130,130,https://zakon.rada.gov.ua/laws/main/jj901,https://zakon.rada.gov.ua/laws/main/jj901,[],Закупівельні та договірні ціни. Шлях: Законодавство про сільське господарство та агропромисловий комплекс / Закупівельні та договірні ціни. Код: 220200.,,,2026-10-05 18:41:38,2026-10-05 18:41:38
5355,220210,220,2,Садівництво та городництво,Садівництво та городництво,220 / 220210,Законодавство про сільське господарство та агропромисловий комплекс / Садівництво та городництво,0,0,6,6,https://zakon.rada.gov.ua/laws/main/jj902,https://zakon.rada.gov.ua/laws/main/jj902,[],Садівництво та городництво. Шлях: Законодавство про сільське господарство та агропромисловий комплекс / Садівництво та городництво. Код: 220210.,,,2026-10-05 18:41:38,2026-10-05 18:41:38
5356,220220,220,2,"Підсобні господарства підприємств, установ, організацій","Підсобні господарства підприємств, установ, організацій",220 / 220220,"Законодавство про сільське господарство та агропромисловий комплекс / Підсобні господарства підприємств, установ, організацій",0,0,5,5,https://zakon.rada.gov.ua/laws/main/jj1033,https://zakon.rada.gov.ua/laws/main/jj1033,[],"Підсобні господарства підприємств, установ, організацій. Шлях: Законодавство про сільське господарство та агропромисловий комплекс / Підсобні господарства підприємств, установ, організацій. Код: 220220.",,,2026-10-05 18:41:38,2026-10-05 18:41:38
5357,230,,1,Законодавство з питань кооперації,Законодавство з питань кооперації,230,Законодавство з питань кооперації,1,6,186,33,https://zakon.rada.gov.ua/laws/main/j903,https://zakon.rada.gov.ua/laws/main/jj903,[],Законодавство з питань кооперації. Шлях: Законодавство з питань кооперації. Код: 230.,,,2026-10-05 18:41:38,2026-10-05 18:41:38
5358,230 10,230,2,Кооперативна діяльність,Кооперативна діяльність,230 / 230 10,Законодавство з питань кооперації / Кооперативна діяльність,0,0,11,11,https://zakon.rada.gov.ua/laws/main/jj904,https://zakon.rada.gov.ua/laws/main/jj904,[],Кооперативна діяльність. Шлях: Законодавство з питань кооперації / Кооперативна діяльність. Код: 230 10.,,,2026-10-05 18:41:38,2026-10-05 18:41:38
5359,230 20,230,2,Споживча кооперація,Споживча кооперація,230 / 230 20,Законодавство з питань кооперації / Споживча кооперація,1,2,47,45,https://zakon.rada.gov.ua/laws/main/j905,https://zakon.rada.gov.ua/laws/main/jj905,[],Споживча кооперація. Шлях: Законодавство з питань кооперації / Споживча кооперація. Код: 230 20.,,,2026-10-05 18:41:38,2026-10-05 18:41:38
5360,230 20 10,230 20,3,Споживчі товариства. Спілки,Споживчі товариства. Спілки,230 / 230 20 / 230 20 10,Законодавство з питань кооперації / Споживча кооперація / Споживчі товариства. Спілки,0,0,1,1,https://zakon.rada.gov.ua/laws/main/jj906,https://zakon.rada.gov.ua/laws/main/jj906,[],Споживчі товариства. Спілки. Шлях: Законодавство з питань кооперації / Споживча кооперація / Споживчі товариства. Спілки. Код: 230 20 10.,,,2026-10-05 18:41:38,2026-10-05 18:41:38
5361,230 20 20,230 20,3,Власність споживчої кооперації,Власність споживчої кооперації,230 / 230 20 / 230 20 20,Законодавство з питань кооперації / Споживча кооперація / Власність споживчої кооперації,0,0,1,1,https://zakon.rada.gov.ua/laws/main/jj907,https://zakon.rada.gov.ua/laws/main/jj907,[],Власність споживчої кооперації. Шлях: Законодавство з питань кооперації / Споживча кооперація / Власність споживчої кооперації. Код: 230 20 20.,,,2026-10-05 18:41:38,2026-10-05 18:41:38
5362,230 30,230,2,Промислова кооперація,Промислова кооперація,230 / 230 30,Законодавство з питань кооперації / Промислова кооперація,0,0,22,22,https://zakon.rada.gov.ua/laws/main/jj908,https://zakon.rada.gov.ua/laws/main/jj908,[],Промислова кооперація. Шлях: Законодавство з питань кооперації / Промислова кооперація. Код: 230 30.,,,2026-10-05 18:41:38,2026-10-05 18:41:38
5363,230 40,230,2,Риболовецькі кооперативи,Риболовецькі кооперативи,230 / 230 40,Законодавство з питань кооперації / Риболовецькі кооперативи,0,0,0,0,,,[],Риболовецькі кооперативи. Шлях: Законодавство з питань кооперації / Риболовецькі кооперативи. Код: 230 40.,,,2026-10-05 18:41:38,2026-10-05 18:41:38
5364,230 41,230,2,Сільськогосподарська кооперація,Сільськогосподарська кооперація,230 / 230 41,Законодавство з питань кооперації / Сільськогосподарська кооперація,0,0,31,31,https://zakon.rada.gov.ua/laws/main/jj910,https://zakon.rada.gov.ua/laws/main/jj910,[],Сільськогосподарська кооперація. Шлях: Законодавство з питань кооперації / Сільськогосподарська кооперація. Код: 230 41.,,,2026-10-05 18:41:38,2026-10-05 18:41:38
5365,230 50,230,2,Інші види кооперації,Інші види кооперації,230 / 230 50,Законодавство з питань кооперації / Інші види кооперації,0,0,43,43,https://zakon.rada.gov.ua/laws/main/jj911,https://zakon.rada.gov.ua/laws/main/jj911,[],Інші види кооперації. Шлях: Законодавство з питань кооперації / Інші види кооперації. Код: 230 50.,,,2026-10-05 18:41:38,2026-10-05 18:41:38
5366,240,,1,Адміністративне законодавство,Адміністративне законодавство,240,Адміністративне законодавство,1,2,0,0,https://zakon.rada.gov.ua/laws/main/j912,https://zakon.rada.gov.ua/laws/main/jj912,[],Адміністративне законодавство. Шлях: Адміністративне законодавство. Код: 240.,,,2026-10-08 15:41:44,2026-10-08 15:41:44
5367,240 10,240,2,Кодекс України про адміністративні правопорушення,Кодекс України про адміністративні правопорушення,240 / 240 10,Адміністративне законодавство / Кодекс України про адміністративні правопорушення,1,5,0,0,https://zakon.rada.gov.ua/laws/show/80731-10,https://zakon.rada.gov.ua/laws/show/80731-10,[],Кодекс України про адміністративні правопорушення. Шлях: Адміністративне законодавство / Кодекс України про адміністративні правопорушення. Код: 240 10.,,,2026-10-08 15:41:44,2026-10-08 15:41:44
5368,240 10 10,240 10,3,Розділ I. Загальні положення,Розділ I. Загальні положення,240 / 240 10 / 240 10 10,Адміністративне законодавство / Кодекс України про адміністративні правопорушення / Розділ I. Загальні положення,1,5,0,0,,,[],Розділ I. Загальні положення. Шлях: Адміністративне законодавство / Кодекс України про адміністративні правопорушення / Розділ I. Загальні положення. Код: 240 10 10.,,,2026-10-08 15:41:44,2026-10-08 15:41:44
5369,240 10 10 10,240 10 10,4,Глава 1. Загальні положення,Глава 1. Загальні положення,240 / 240 10 / 240 10 10 / 240 10 10 10,Адміністративне законодавство / Кодекс України про адміністративні правопорушення / Розділ I. Загальні положення / Глава 1. Загальні положення,0,0,0,0,,,[],Глава 1. Загальні положення. Шлях: Адміністративне законодавство / Кодекс України про адміністративні правопорушення / Розділ I. Загальні положення / Глава 1. Загальні положення. Код: 240 10 10 10.,,,2026-10-08 15:41:44,2026-10-08 15:41:44
5370,240 10 10 20,240 10 10,4,Глава 2. Адміністративне правопорушення і адміністративна відповідальність,Глава 2. Адміністративне правопорушення і адміністративна відповідальність,240 / 240 10 / 240 10 10 / 240 10 10 20,Адміністративне законодавство / Кодекс України про адміністративні правопорушення / Розділ I. Загальні положення / Глава 2. Адміністративне правопорушення і адміністративна відповідальність,0,0,0,0,,,[],Глава 2. Адміністративне правопорушення і адміністративна відповідальність. Шлях: Адміністративне законодавство / Кодекс України про адміністративні правопорушення / Розділ I. Загальні положення / Глава 2. Адміністративне правопорушення і адміністративна відповідальність. Код: 240 10 10 20.,,,2026-10-08 15:41:44,2026-10-08 15:41:44
5371,240 10 10 30,240 10 10,4,Глава 3. Адміністративне стягнення,Глава 3. Адміністративне стягнення,240 / 240 10 / 240 10 10 / 240 10 10 30,Адміністративне законодавство / Кодекс України про адміністративні правопорушення / Розділ I. Загальні положення / Глава 3. Адміністративне стягнення,0,0,0,0,,,[],Глава 3. Адміністративне стягнення. Шлях: Адміністративне законодавство / Кодекс України про адміністративні правопорушення / Розділ I. Загальні положення / Глава 3. Адміністративне стягнення. Код: 240 10 10 30.,,,2026-10-08 15:41:44,2026-10-08 15:41:44
5372,240 10 10 40,240 10 10,4,Глава 4. Накладення адміністративного стягнення,Глава 4. Накладення адміністративного стягнення,240 / 240 10 / 240 10 10 / 240 10 10 40,Адміністративне законодавство / Кодекс України про адміністративні правопорушення / Розділ I. Загальні положення / Глава 4. Накладення адміністративного стягнення,0,0,0,0,,,[],Глава 4. Накладення адміністративного стягнення. Шлях: Адміністративне законодавство / Кодекс України про адміністративні правопорушення / Розділ I. Загальні положення / Глава 4. Накладення адміністративного стягнення. Код: 240 10 10 40.,,,2026-10-08 15:41:44,2026-10-08 15:41:44
5373,240 10 10 50,240 10 10,4,"Глава 4-1. Заходи впливу, що застосовуються до неповнолітніх","Глава 4-1. Заходи впливу, що застосовуються до неповнолітніх",240 / 240 10 / 240 10 10 / 240 10 10 50,"Адміністративне законодавство / Кодекс України про адміністративні правопорушення / Розділ I. Загальні положення / Глава 4-1. Заходи впливу, що застосовуються до неповнолітніх",0,0,0,0,,,[],"Глава 4-1. Заходи впливу, що застосовуються до неповнолітніх. Шлях: Адміністративне законодавство / Кодекс України про адміністративні правопорушення / Розділ I. Загальні положення / Глава 4-1. Заходи впливу, що застосовуються до неповнолітніх. Код: 240 10 10 50.",,,2026-10-08 15:41:44,2026-10-08 15:41:44
5374,240 10 20,240 10,3,Розділ II. Особлива частина,Розділ II. Особлива частина,240 / 240 10 / 240 10 20,Адміністративне законодавство / Кодекс України про адміністративні правопорушення / Розділ II. Особлива частина,1,14,0,0,,,[],Розділ II. Особлива частина. Шлях: Адміністративне законодавство / Кодекс України про адміністративні правопорушення / Розділ II. Особлива частина. Код: 240 10 20.,,,2026-10-08 15:41:44,2026-10-08 15:41:44
5375,240 10 20 10,240 10 20,4,Глава 5. Адміністративні правопорушення в галузі охорони праці і здоров'я населення,Глава 5. Адміністративні правопорушення в галузі охорони праці і здоров'я населення,240 / 240 10 / 240 10 20 / 240 10 20 10,Адміністративне законодавство / Кодекс України про адміністративні правопорушення / Розділ II. Особлива частина / Глава 5. Адміністративні правопорушення в галузі охорони праці і здоров'я населення,0,0,0,0,,,[],Глава 5. Адміністративні правопорушення в галузі охорони праці і здоров'я населення. Шлях: Адміністративне законодавство / Кодекс України про адміністративні правопорушення / Розділ II. Особлива частина / Глава 5. Адміністративні правопорушення в галузі охорони праці і здоров'я населення. Код: 240 10 20 10.,,,2026-10-08 15:41:44,2026-10-08 15:41:44
5376,240 10 20 20,240 10 20,4,"Глава 6. Адміністративні правопорушення, що посягають на власність","Глава 6. Адміністративні правопорушення, що посягають на власність",240 / 240 10 / 240 10 20 / 240 10 20 20,"Адміністративне законодавство / Кодекс України про адміністративні правопорушення / Розділ II. Особлива частина / Глава 6. Адміністративні правопорушення, що посягають на власність",0,0,0,0,,,[],"Глава 6. Адміністративні правопорушення, що посягають на власність. Шлях: Адміністративне законодавство / Кодекс України про адміністративні правопорушення / Розділ II. Особлива частина / Глава 6. Адміністративні правопорушення, що посягають на власність. Код: 240 10 20 20.",,,2026-10-08 15:41:44,2026-10-08 15:41:44
5377,240 10 20 30,240 10 20,4,"Глава 7. Адміністративні правопорушення у сфері охорони природи, використання природних ресурсів, охорони культурної спадщини","Глава 7. Адміністративні правопорушення у сфері охорони природи, використання природних ресурсів, охорони культурної спадщини",240 / 240 10 / 240 10 20 / 240 10 20 30,"Адміністративне законодавство / Кодекс України про адміністративні правопорушення / Розділ II. Особлива частина / Глава 7. Адміністративні правопорушення у сфері охорони природи, використання природних ресурсів, охорони культурної спадщини",0,0,0,0,,,[],"Глава 7. Адміністративні правопорушення у сфері охорони природи, використання природних ресурсів, охорони культурної спадщини. Шлях: Адміністративне законодавство / Кодекс України про адміністративні правопорушення / Розділ II. Особлива частина / Глава 7. Адміністративні правопорушення у сфері охорони природи, використання природних ресурсів, охорони культурної спадщини. Код: 240 10 20 30.",,,2026-10-08 15:41:44,2026-10-08 15:41:44
5378,240 10 20 40,240 10 20,4,"Глава 8. Адміністративні правопорушення в промисловості, будівництві та у сфері використання паливно-енергетичних ресурсів","Глава 8. Адміністративні правопорушення в промисловості, будівництві та у сфері використання паливно-енергетичних ресурсів",240 / 240 10 / 240 10 20 / 240 10 20 40,"Адміністративне законодавство / Кодекс України про адміністративні правопорушення / Розділ II. Особлива частина / Глава 8. Адміністративні правопорушення в промисловості, будівництві та у сфері використання паливно-енергетичних ресурсів",0,0,0,0,,,[],"Глава 8. Адміністративні правопорушення в промисловості, будівництві та у сфері використання паливно-енергетичних ресурсів. Шлях: Адміністративне законодавство / Кодекс України про адміністративні правопорушення / Розділ II. Особлива частина / Глава 8. Адміністративні правопорушення в промисловості, будівництві та у сфері використання паливно-енергетичних ресурсів. Код: 240 10 20 40.",,,2026-10-08 15:41:44,2026-10-08 15:41:44
5379,240 10 20 50,240 10 20,4,Глава 9. Адміністративні правопорушення у сільському господарстві. Порушення ветеринарно-санітарних правил,Глава 9. Адміністративні правопорушення у сільському господарстві. Порушення ветеринарно-санітарних правил,240 / 240 10 / 240 10 20 / 240 10 20 50,Адміністративне законодавство / Кодекс України про адміністративні правопорушення / Розділ II. Особлива частина / Глава 9. Адміністративні правопорушення у сільському господарстві. Порушення ветеринарно-санітарних правил,0,0,0,0,,,[],Глава 9. Адміністративні правопорушення у сільському господарстві. Порушення ветеринарно-санітарних правил. Шлях: Адміністративне законодавство / Кодекс України про адміністративні правопорушення / Розділ II. Особлива частина / Глава 9. Адміністративні правопорушення у сільському господарстві. Порушення ветеринарно-санітарних правил. Код: 240 10 20 50.,,,2026-10-08 15:41:44,2026-10-08 15:41:44
5380,240 10 20 60,240 10 20,4,"Глава 10. Адміністративні правопорушення на транспорті, в галузі шляхового господарства і зв'язку","Глава 10. Адміністративні правопорушення на транспорті, в галузі шляхового господарства і зв'язку",240 / 240 10 / 240 10 20 / 240 10 20 60,"Адміністративне законодавство / Кодекс України про адміністративні правопорушення / Розділ II. Особлива частина / Глава 10. Адміністративні правопорушення на транспорті, в галузі шляхового господарства і зв'язку",0,0,0,0,,,[],"Глава 10. Адміністративні правопорушення на транспорті, в галузі шляхового господарства і зв'язку. Шлях: Адміністративне законодавство / Кодекс України про адміністративні правопорушення / Розділ II. Особлива частина / Глава 10. Адміністративні правопорушення на транспорті, в галузі шляхового господарства і зв'язку. Код: 240 10 20 60.",,,2026-10-08 15:41:44,2026-10-08 15:41:44
5381,240 10 20 70,240 10 20,4,"Глава 11. Адміністративні правопорушення в галузі житлових прав громадян, житлово-комунального господарства та благоустрою","Глава 11. Адміністративні правопорушення в галузі житлових прав громадян, житлово-комунального господарства та благоустрою",240 / 240 10 / 240 10 20 / 240 10 20 70,"Адміністративне законодавство / Кодекс України про адміністративні правопорушення / Розділ II. Особлива частина / Глава 11. Адміністративні правопорушення в галузі житлових прав громадян, житлово-комунального господарства та благоустрою",0,0,0,0,,,[],"Глава 11. Адміністративні правопорушення в галузі житлових прав громадян, житлово-комунального господарства та благоустрою. Шлях: Адміністративне законодавство / Кодекс України про адміністративні правопорушення / Розділ II. Особлива частина / Глава 11. Адміністративні правопорушення в галузі житлових прав громадян, житлово-комунального господарства та благоустрою. Код: 240 10 20 70.",,,2026-10-08 15:41:44,2026-10-08 15:41:44
5382,240 10 20 80,240 10 20,4,"Глава 12. Адміністративні правопорушення в галузі торгівлі, громадського харчування, сфері послуг, в галузі фінансів і підприємницькій діяльності","Глава 12. Адміністративні правопорушення в галузі торгівлі, громадського харчування, сфері послуг, в галузі фінансів і підприємницькій діяльності",240 / 240 10 / 240 10 20 / 240 10 20 80,"Адміністративне законодавство / Кодекс України про адміністративні правопорушення / Розділ II. Особлива частина / Глава 12. Адміністративні правопорушення в галузі торгівлі, громадського харчування, сфері послуг, в галузі фінансів і підприємницькій діяльності",0,0,0,0,,,[],"Глава 12. Адміністративні правопорушення в галузі торгівлі, громадського харчування, сфері послуг, в галузі фінансів і підприємницькій діяльності. Шлях: Адміністративне законодавство / Кодекс України про адміністративні правопорушення / Розділ II. Особлива частина / Глава 12. Адміністративні правопорушення в галузі торгівлі, громадського харчування, сфері послуг, в галузі фінансів і підприємницькій діяльності. Код: 240 10 20 80.",,,2026-10-08 15:41:44,2026-10-08 15:41:44
5383,240 10 20 90,240 10 20,4,"Глава 13. Адміністративні правопорушення в галузі стандартизації, якості продукції, метрології та оцінки відповідності","Глава 13. Адміністративні правопорушення в галузі стандартизації, якості продукції, метрології та оцінки відповідності",240 / 240 10 / 240 10 20 / 240 10 20 90,"Адміністративне законодавство / Кодекс України про адміністративні правопорушення / Розділ II. Особлива частина / Глава 13. Адміністративні правопорушення в галузі стандартизації, якості продукції, метрології та оцінки відповідності",0,0,0,0,,,[],"Глава 13. Адміністративні правопорушення в галузі стандартизації, якості продукції, метрології та оцінки відповідності. Шлях: Адміністративне законодавство / Кодекс України про адміністративні правопорушення / Розділ II. Особлива частина / Глава 13. Адміністративні правопорушення в галузі стандартизації, якості продукції, метрології та оцінки відповідності. Код: 240 10 20 90.",,,2026-10-08 15:41:44,2026-10-08 15:41:44
5384,240 10 20 100,240 10 20,4,"Глава 13-А. Адміністративні правопорушення, пов'язані з корупцією","Глава 13-А. Адміністративні правопорушення, пов'язані з корупцією",240 / 240 10 / 240 10 20 / 240 10 20 100,"Адміністративне законодавство / Кодекс України про адміністративні правопорушення / Розділ II. Особлива частина / Глава 13-А. Адміністративні правопорушення, пов'язані з корупцією",0,0,0,0,,,[],"Глава 13-А. Адміністративні правопорушення, пов'язані з корупцією. Шлях: Адміністративне законодавство / Кодекс України про адміністративні правопорушення / Розділ II. Особлива частина / Глава 13-А. Адміністративні правопорушення, пов'язані з корупцією. Код: 240 10 20 100.",,,2026-10-08 15:41:44,2026-10-08 15:41:44
5385,240 10 20 110,240 10 20,4,Глава 13-Б. Військові адміністративні правопорушення,Глава 13-Б. Військові адміністративні правопорушення,240 / 240 10 / 240 10 20 / 240 10 20 110,Адміністративне законодавство / Кодекс України про адміністративні правопорушення / Розділ II. Особлива частина / Глава 13-Б. Військові адміністративні правопорушення,0,0,0,0,,,[],Глава 13-Б. Військові адміністративні правопорушення. Шлях: Адміністративне законодавство / Кодекс України про адміністративні правопорушення / Розділ II. Особлива частина / Глава 13-Б. Військові адміністративні правопорушення. Код: 240 10 20 110.,,,2026-10-08 15:41:44,2026-10-08 15:41:44
5386,240 10 20 120,240 10 20,4,"Глава 14. Адміністративні правопорушення, що посягають на громадський порядок і громадську безпеку","Глава 14. Адміністративні правопорушення, що посягають на громадський порядок і громадську безпеку",240 / 240 10 / 240 10 20 / 240 10 20 120,"Адміністративне законодавство / Кодекс України про адміністративні правопорушення / Розділ II. Особлива частина / Глава 14. Адміністративні правопорушення, що посягають на громадський порядок і громадську безпеку",0,0,0,0,,,[],"Глава 14. Адміністративні правопорушення, що посягають на громадський порядок і громадську безпеку. Шлях: Адміністративне законодавство / Кодекс України про адміністративні правопорушення / Розділ II. Особлива частина / Глава 14. Адміністративні правопорушення, що посягають на громадський порядок і громадську безпеку. Код: 240 10 20 120.",,,2026-10-08 15:41:44,2026-10-08 15:41:44
5387,240 10 20 130,240 10 20,4,"Глава 15. Адміністративні правопорушення, що посягають на встановлений порядок управління","Глава 15. Адміністративні правопорушення, що посягають на встановлений порядок управління",240 / 240 10 / 240 10 20 / 240 10 20 130,"Адміністративне законодавство / Кодекс України про адміністративні правопорушення / Розділ II. Особлива частина / Глава 15. Адміністративні правопорушення, що посягають на встановлений порядок управління",0,0,0,0,,,[],"Глава 15. Адміністративні правопорушення, що посягають на встановлений порядок управління. Шлях: Адміністративне законодавство / Кодекс України про адміністративні правопорушення / Розділ II. Особлива частина / Глава 15. Адміністративні правопорушення, що посягають на встановлений порядок управління. Код: 240 10 20 130.",,,2026-10-08 15:41:44,2026-10-08 15:41:44
5388,240 10 20 140,240 10 20,4,"Глава 15-А. Адміністративні правопорушення, що посягають на здійснення народного волевиявлення та встановлений порядок його забезпечення","Глава 15-А. Адміністративні правопорушення, що посягають на здійснення народного волевиявлення та встановлений порядок його забезпечення",240 / 240 10 / 240 10 20 / 240 10 20 140,"Адміністративне законодавство / Кодекс України про адміністративні правопорушення / Розділ II. Особлива частина / Глава 15-А. Адміністративні правопорушення, що посягають на здійснення народного волевиявлення та встановлений порядок його забезпечення",0,0,0,0,,,[],"Глава 15-А. Адміністративні правопорушення, що посягають на здійснення народного волевиявлення та встановлений порядок його забезпечення. Шлях: Адміністративне законодавство / Кодекс України про адміністративні правопорушення / Розділ II. Особлива частина / Глава 15-А. Адміністративні правопорушення, що посягають на здійснення народного волевиявлення та встановлений порядок його забезпечення. Код: 240 10 20 140.",,,2026-10-08 15:41:44,2026-10-08 15:41:44
5389,240 10 30,240 10,3,"Розділ III. Органи, уповноважені розглядати справи про адміністративні правопорушення","Розділ III. Органи, уповноважені розглядати справи про адміністративні правопорушення",240 / 240 10 / 240 10 30,"Адміністративне законодавство / Кодекс України про адміністративні правопорушення / Розділ III. Органи, уповноважені розглядати справи про адміністративні правопорушення",1,2,0,0,,,[],"Розділ III. Органи, уповноважені розглядати справи про адміністративні правопорушення. Шлях: Адміністративне законодавство / Кодекс України про адміністративні правопорушення / Розділ III. Органи, уповноважені розглядати справи про адміністративні правопорушення. Код: 240 10 30.",,,2026-10-08 15:41:44,2026-10-08 15:41:44
5390,240 10 30 10,240 10 30,4,Глава 16. Основні положення,Глава 16. Основні положення,240 / 240 10 / 240 10 30 / 240 10 30 10,"Адміністративне законодавство / Кодекс України про адміністративні правопорушення / Розділ III. Органи, уповноважені розглядати справи про адміністративні правопорушення / Глава 16. Основні положення",0,0,0,0,,,[],"Глава 16. Основні положення. Шлях: Адміністративне законодавство / Кодекс України про адміністративні правопорушення / Розділ III. Органи, уповноважені розглядати справи про адміністративні правопорушення / Глава 16. Основні положення. Код: 240 10 30 10.",,,2026-10-08 15:41:44,2026-10-08 15:41:44
5391,240 10 30 20,240 10 30,4,Глава 17. Підвідомчість справ про адміністративні правопорушення,Глава 17. Підвідомчість справ про адміністративні правопорушення,240 / 240 10 / 240 10 30 / 240 10 30 20,"Адміністративне законодавство / Кодекс України про адміністративні правопорушення / Розділ III. Органи, уповноважені розглядати справи про адміністративні правопорушення / Глава 17. Підвідомчість справ про адміністративні правопорушення",0,0,0,0,,,[],"Глава 17. Підвідомчість справ про адміністративні правопорушення. Шлях: Адміністративне законодавство / Кодекс України про адміністративні правопорушення / Розділ III. Органи, уповноважені розглядати справи про адміністративні правопорушення / Глава 17. Підвідомчість справ про адміністративні правопорушення. Код: 240 10 30 20.",,,2026-10-08 15:41:44,2026-10-08 15:41:44
5392,240 10 40,240 10,3,Розділ IV. Провадження в справах про адміністративні правопорушення,Розділ IV. Провадження в справах про адміністративні правопорушення,240 / 240 10 / 240 10 40,Адміністративне законодавство / Кодекс України про адміністративні правопорушення / Розділ IV. Провадження в справах про адміністративні правопорушення,1,8,0,0,,,[],Розділ IV. Провадження в справах про адміністративні правопорушення. Шлях: Адміністративне законодавство / Кодекс України про адміністративні правопорушення / Розділ IV. Провадження в справах про адміністративні правопорушення. Код: 240 10 40.,,,2026-10-08 15:41:44,2026-10-08 15:41:44
5393,240 10 40 10,240 10 40,4,Глава 18. Основні положення,Глава 18. Основні положення,240 / 240 10 / 240 10 40 / 240 10 40 10,Адміністративне законодавство / Кодекс України про адміністративні правопорушення / Розділ IV. Провадження в справах про адміністративні правопорушення / Глава 18. Основні положення,0,0,0,0,,,[],Глава 18. Основні положення. Шлях: Адміністративне законодавство / Кодекс України про адміністративні правопорушення / Розділ IV. Провадження в справах про адміністративні правопорушення / Глава 18. Основні положення. Код: 240 10 40 10.,,,2026-10-08 15:41:44,2026-10-08 15:41:44
5394,240 10 40 20,240 10 40,4,Глава 19. Протокол про адміністративне правопорушення,Глава 19. Протокол про адміністративне правопорушення,240 / 240 10 / 240 10 40 / 240 10 40 20,Адміністративне законодавство / Кодекс України про адміністративні правопорушення / Розділ IV. Провадження в справах про адміністративні правопорушення / Глава 19. Протокол про адміністративне правопорушення,0,0,0,0,,,[],Глава 19. Протокол про адміністративне правопорушення. Шлях: Адміністративне законодавство / Кодекс України про адміністративні правопорушення / Розділ IV. Провадження в справах про адміністративні правопорушення / Глава 19. Протокол про адміністративне правопорушення. Код: 240 10 40 20.,,,2026-10-08 15:41:44,2026-10-08 15:41:44
5395,240 10 40 30,240 10 40,4,Глава 20. Заходи забезпечення провадження в справах про адміністративні правопорушення,Глава 20. Заходи забезпечення провадження в справах про адміністративні правопорушення,240 / 240 10 / 240 10 40 / 240 10 40 30,Адміністративне законодавство / Кодекс України про адміністративні правопорушення / Розділ IV. Провадження в справах про адміністративні правопорушення / Глава 20. Заходи забезпечення провадження в справах про адміністративні правопорушення,0,0,0,0,,,[],Глава 20. Заходи забезпечення провадження в справах про адміністративні правопорушення. Шлях: Адміністративне законодавство / Кодекс України про адміністративні правопорушення / Розділ IV. Провадження в справах про адміністративні правопорушення / Глава 20. Заходи забезпечення провадження в справах про адміністративні правопорушення. Код: 240 10 40 30.,,,2026-10-08 15:41:44,2026-10-08 15:41:44
5396,240 10 40 40,240 10 40,4,"Глава 21. Особи, які беруть участь у провадженні в справі про адміністративне правопорушення","Глава 21. Особи, які беруть участь у провадженні в справі про адміністративне правопорушення",240 / 240 10 / 240 10 40 / 240 10 40 40,"Адміністративне законодавство / Кодекс України про адміністративні правопорушення / Розділ IV. Провадження в справах про адміністративні правопорушення / Глава 21. Особи, які беруть участь у провадженні в справі про адміністративне правопорушення",0,0,0,0,,,[],"Глава 21. Особи, які беруть участь у провадженні в справі про адміністративне правопорушення. Шлях: Адміністративне законодавство / Кодекс України про адміністративні правопорушення / Розділ IV. Провадження в справах про адміністративні правопорушення / Глава 21. Особи, які беруть участь у провадженні в справі про адміністративне правопорушення. Код: 240 10 40 40.",,,2026-10-08 15:41:44,2026-10-08 15:41:44
5397,240 10 40 50,240 10 40,4,Глава 22. Розгляд справ про адміністративні правопорушення,Глава 22. Розгляд справ про адміністративні правопорушення,240 / 240 10 / 240 10 40 / 240 10 40 50,Адміністративне законодавство / Кодекс України про адміністративні правопорушення / Розділ IV. Провадження в справах про адміністративні правопорушення / Глава 22. Розгляд справ про адміністративні правопорушення,0,0,0,0,,,[],Глава 22. Розгляд справ про адміністративні правопорушення. Шлях: Адміністративне законодавство / Кодекс України про адміністративні правопорушення / Розділ IV. Провадження в справах про адміністративні правопорушення / Глава 22. Розгляд справ про адміністративні правопорушення. Код: 240 10 40 50.,,,2026-10-08 15:41:44,2026-10-08 15:41:44
5398,240 10 40 60,240 10 40,4,Глава 23. Постанова по справі про адміністративне правопорушення,Глава 23. Постанова по справі про адміністративне правопорушення,240 / 240 10 / 240 10 40 / 240 10 40 60,Адміністративне законодавство / Кодекс України про адміністративні правопорушення / Розділ IV. Провадження в справах про адміністративні правопорушення / Глава 23. Постанова по справі про адміністративне правопорушення,0,0,0,0,,,[],Глава 23. Постанова по справі про адміністративне правопорушення. Шлях: Адміністративне законодавство / Кодекс України про адміністративні правопорушення / Розділ IV. Провадження в справах про адміністративні правопорушення / Глава 23. Постанова по справі про адміністративне правопорушення. Код: 240 10 40 60.,,,2026-10-08 15:41:44,2026-10-08 15:41:44
5399,240 10 40 70,240 10 40,4,Глава 24. Оскарження постанови по справі про адміністративне правопорушення,Глава 24. Оскарження постанови по справі про адміністративне правопорушення,240 / 240 10 / 240 10 40 / 240 10 40 70,Адміністративне законодавство / Кодекс України про адміністративні правопорушення / Розділ IV. Провадження в справах про адміністративні правопорушення / Глава 24. Оскарження постанови по справі про адміністративне правопорушення,0,0,0,0,,,[],Глава 24. Оскарження постанови по справі про адміністративне правопорушення. Шлях: Адміністративне законодавство / Кодекс України про адміністративні правопорушення / Розділ IV. Провадження в справах про адміністративні правопорушення / Глава 24. Оскарження постанови по справі про адміністративне правопорушення. Код: 240 10 40 70.,,,2026-10-08 15:41:44,2026-10-08 15:41:44
5400,240 10 40 80,240 10 40,4,"Глава 24-1. Перегляд постанови по справі про адміністративне правопорушення у разі встановлення міжнародною судовою установою, юрисдикція якої визнана Україною, порушення Україною міжнародних зобов'язань","Глава 24-1. Перегляд постанови по справі про адміністративне правопорушення у разі встановлення міжнародною судовою установою, юрисдикція якої визнана Україною, порушення Україною міжнародних зобов'язань",240 / 240 10 / 240 10 40 / 240 10 40 80,"Адміністративне законодавство / Кодекс України про адміністративні правопорушення / Розділ IV. Провадження в справах про адміністративні правопорушення / Глава 24-1. Перегляд постанови по справі про адміністративне правопорушення у разі встановлення міжнародною судовою установою, юрисдикція якої визнана Україною, порушення Україною міжнародних зобов'язань",0,0,0,0,,,[],"Глава 24-1. Перегляд постанови по справі про адміністративне правопорушення у разі встановлення міжнародною судовою установою, юрисдикція якої визнана Україною, порушення Україною міжнародних зобов'язань. Шлях: Адміністративне законодавство / Кодекс України про адміністративні правопорушення / Розділ IV. Провадження в справах про адміністративні правопорушення / Глава 24-1. Перегляд постанови по справі про адміністративне правопорушення у разі встановлення міжнародною судовою установою, юрисдикція якої визнана Україною, порушення Україною міжнародних зобов'язань. Код: 240 10 40 80.",,,2026-10-08 15:41:44,2026-10-08 15:41:44
5401,240 10 50,240 10,3,Розділ V. Виконання постанов про накладення адміністративних стягнень,Розділ V. Виконання постанов про накладення адміністративних стягнень,240 / 240 10 / 240 10 50,Адміністративне законодавство / Кодекс України про адміністративні правопорушення / Розділ V. Виконання постанов про накладення адміністративних стягнень,1,9,0,0,,,[],Розділ V. Виконання постанов про накладення адміністративних стягнень. Шлях: Адміністративне законодавство / Кодекс України про адміністративні правопорушення / Розділ V. Виконання постанов про накладення адміністративних стягнень. Код: 240 10 50.,,,2026-10-08 15:41:44,2026-10-08 15:41:44
5402,240 10 50 10,240 10 50,4,Глава 25. Основні положення,Глава 25. Основні положення,240 / 240 10 / 240 10 50 / 240 10 50 10,Адміністративне законодавство / Кодекс України про адміністративні правопорушення / Розділ V. Виконання постанов про накладення адміністративних стягнень / Глава 25. Основні положення,0,0,0,0,,,[],Глава 25. Основні положення. Шлях: Адміністративне законодавство / Кодекс України про адміністративні правопорушення / Розділ V. Виконання постанов про накладення адміністративних стягнень / Глава 25. Основні положення. Код: 240 10 50 10.,,,2026-10-08 15:41:44,2026-10-08 15:41:44
5403,240 10 50 20,240 10 50,4,Глава 27. Провадження по виконанню постанови про накладення штрафу,Глава 27. Провадження по виконанню постанови про накладення штрафу,240 / 240 10 / 240 10 50 / 240 10 50 20,Адміністративне законодавство / Кодекс України про адміністративні правопорушення / Розділ V. Виконання постанов про накладення адміністративних стягнень / Глава 27. Провадження по виконанню постанови про накладення штрафу,0,0,0,0,,,[],Глава 27. Провадження по виконанню постанови про накладення штрафу. Шлях: Адміністративне законодавство / Кодекс України про адміністративні правопорушення / Розділ V. Виконання постанов про накладення адміністративних стягнень / Глава 27. Провадження по виконанню постанови про накладення штрафу. Код: 240 10 50 20.,,,2026-10-08 15:41:44,2026-10-08 15:41:44
5404,240 10 50 30,240 10 50,4,Глава 28. Провадження по виконанню постанови про оплатне вилучення предмета,Глава 28. Провадження по виконанню постанови про оплатне вилучення предмета,240 / 240 10 / 240 10 50 / 240 10 50 30,Адміністративне законодавство / Кодекс України про адміністративні правопорушення / Розділ V. Виконання постанов про накладення адміністративних стягнень / Глава 28. Провадження по виконанню постанови про оплатне вилучення предмета,0,0,0,0,,,[],Глава 28. Провадження по виконанню постанови про оплатне вилучення предмета. Шлях: Адміністративне законодавство / Кодекс України про адміністративні правопорушення / Розділ V. Виконання постанов про накладення адміністративних стягнень / Глава 28. Провадження по виконанню постанови про оплатне вилучення предмета. Код: 240 10 50 30.,,,2026-10-08 15:41:44,2026-10-08 15:41:44
5405,240 10 50 40,240 10 50,4,"Глава 29. Провадження по виконанню постанови про конфіскацію предмета, грошей","Глава 29. Провадження по виконанню постанови про конфіскацію предмета, грошей",240 / 240 10 / 240 10 50 / 240 10 50 40,"Адміністративне законодавство / Кодекс України про адміністративні правопорушення / Розділ V. Виконання постанов про накладення адміністративних стягнень / Глава 29. Провадження по виконанню постанови про конфіскацію предмета, грошей",0,0,0,0,,,[],"Глава 29. Провадження по виконанню постанови про конфіскацію предмета, грошей. Шлях: Адміністративне законодавство / Кодекс України про адміністративні правопорушення / Розділ V. Виконання постанов про накладення адміністративних стягнень / Глава 29. Провадження по виконанню постанови про конфіскацію предмета, грошей. Код: 240 10 50 40.",,,2026-10-08 15:41:44,2026-10-08 15:41:44
5406,240 10 50 50,240 10 50,4,Глава 30. Провадження по виконанню постанови про позбавлення спеціального права,Глава 30. Провадження по виконанню постанови про позбавлення спеціального права,240 / 240 10 / 240 10 50 / 240 10 50 50,Адміністративне законодавство / Кодекс України про адміністративні правопорушення / Розділ V. Виконання постанов про накладення адміністративних стягнень / Глава 30. Провадження по виконанню постанови про позбавлення спеціального права,0,0,0,0,,,[],Глава 30. Провадження по виконанню постанови про позбавлення спеціального права. Шлях: Адміністративне законодавство / Кодекс України про адміністративні правопорушення / Розділ V. Виконання постанов про накладення адміністративних стягнень / Глава 30. Провадження по виконанню постанови про позбавлення спеціального права. Код: 240 10 50 50.,,,2026-10-08 15:41:44,2026-10-08 15:41:44
5407,240 10 50 60,240 10 50,4,Глава 30-А. Провадження по виконанню постанови про застосування громадських робіт,Глава 30-А. Провадження по виконанню постанови про застосування громадських робіт,240 / 240 10 / 240 10 50 / 240 10 50 60,Адміністративне законодавство / Кодекс України про адміністративні правопорушення / Розділ V. Виконання постанов про накладення адміністративних стягнень / Глава 30-А. Провадження по виконанню постанови про застосування громадських робіт,0,0,0,0,,,[],Глава 30-А. Провадження по виконанню постанови про застосування громадських робіт. Шлях: Адміністративне законодавство / Кодекс України про адміністративні правопорушення / Розділ V. Виконання постанов про накладення адміністративних стягнень / Глава 30-А. Провадження по виконанню постанови про застосування громадських робіт. Код: 240 10 50 60.,,,2026-10-08 15:41:44,2026-10-08 15:41:44
5408,240 10 50 70,240 10 50,4,Глава 31. Провадження по виконанню постанови про застосування виправних робіт,Глава 31. Провадження по виконанню постанови про застосування виправних робіт,240 / 240 10 / 240 10 50 / 240 10 50 70,Адміністративне законодавство / Кодекс України про адміністративні правопорушення / Розділ V. Виконання постанов про накладення адміністративних стягнень / Глава 31. Провадження по виконанню постанови про застосування виправних робіт,0,0,0,0,,,[],Глава 31. Провадження по виконанню постанови про застосування виправних робіт. Шлях: Адміністративне законодавство / Кодекс України про адміністративні правопорушення / Розділ V. Виконання постанов про накладення адміністративних стягнень / Глава 31. Провадження по виконанню постанови про застосування виправних робіт. Код: 240 10 50 70.,,,2026-10-08 15:41:44,2026-10-08 15:41:44
5409,240 10 50 80,240 10 50,4,Глава 31-А. Провадження по виконанню постанови про застосування суспільно корисних робіт,Глава 31-А. Провадження по виконанню постанови про застосування суспільно корисних робіт,240 / 240 10 / 240 10 50 / 240 10 50 80,Адміністративне законодавство / Кодекс України про адміністративні правопорушення / Розділ V. Виконання постанов про накладення адміністративних стягнень / Глава 31-А. Провадження по виконанню постанови про застосування суспільно корисних робіт,0,0,0,0,,,[],Глава 31-А. Провадження по виконанню постанови про застосування суспільно корисних робіт. Шлях: Адміністративне законодавство / Кодекс України про адміністративні правопорушення / Розділ V. Виконання постанов про накладення адміністративних стягнень / Глава 31-А. Провадження по виконанню постанови про застосування суспільно корисних робіт. Код: 240 10 50 80.,,,2026-10-08 15:41:44,2026-10-08 15:41:44
5410,240 10 50 90,240 10 50,4,Глава 32. Провадження по виконанню постанови про застосування адміністративного арешту та арешту з утриманням на гауптвахті,Глава 32. Провадження по виконанню постанови про застосування адміністративного арешту та арешту з утриманням на гауптвахті,240 / 240 10 / 240 10 50 / 240 10 50 90,Адміністративне законодавство / Кодекс України про адміністративні правопорушення / Розділ V. Виконання постанов про накладення адміністративних стягнень / Глава 32. Провадження по виконанню постанови про застосування адміністративного арешту та арешту з утриманням на гауптвахті,0,0,0,0,,,[],Глава 32. Провадження по виконанню постанови про застосування адміністративного арешту та арешту з утриманням на гауптвахті. Шлях: Адміністративне законодавство / Кодекс України про адміністративні правопорушення / Розділ V. Виконання постанов про накладення адміністративних стягнень / Глава 32. Провадження по виконанню постанови про застосування адміністративного арешту та арешту з утриманням на гауптвахті. Код: 240 10 50 90.,,,2026-10-08 15:41:44,2026-10-08 15:41:44
5411,240 20,240,2,Кодекс адміністративного судочинства України,Кодекс адміністративного судочинства України,240 / 240 20,Адміністративне законодавство / Кодекс адміністративного судочинства України,1,6,0,0,https://zakon.rada.gov.ua/laws/show/2747-15,https://zakon.rada.gov.ua/laws/show/2747-15,[],Кодекс адміністративного судочинства України. Шлях: Адміністративне законодавство / Кодекс адміністративного судочинства України. Код: 240 20.,,,2026-10-08 15:41:44,2026-10-08 15:41:44
5412,240 20 10,240 20,3,Розділ I. Загальні положення,Розділ I. Загальні положення,240 / 240 20 / 240 20 10,Адміністративне законодавство / Кодекс адміністративного судочинства України / Розділ I. Загальні положення,1,10,0,0,,,[],Розділ I. Загальні положення. Шлях: Адміністративне законодавство / Кодекс адміністративного судочинства України / Розділ I. Загальні положення. Код: 240 20 10.,,,2026-10-08 15:41:44,2026-10-08 15:41:44
5413,240 20 10 10,240 20 10,4,Глава 1. Основні положення,Глава 1. Основні положення,240 / 240 20 / 240 20 10 / 240 20 10 10,Адміністративне законодавство / Кодекс адміністративного судочинства України / Розділ I. Загальні положення / Глава 1. Основні положення,0,0,0,0,,,[],Глава 1. Основні положення. Шлях: Адміністративне законодавство / Кодекс адміністративного судочинства України / Розділ I. Загальні положення / Глава 1. Основні положення. Код: 240 20 10 10.,,,2026-10-08 15:41:44,2026-10-08 15:41:44
5414,240 20 10 20,240 20 10,4,Глава 2. Адміністративні суди та підсудність,Глава 2. Адміністративні суди та підсудність,240 / 240 20 / 240 20 10 / 240 20 10 20,Адміністративне законодавство / Кодекс адміністративного судочинства України / Розділ I. Загальні положення / Глава 2. Адміністративні суди та підсудність,0,0,0,0,,,[],Глава 2. Адміністративні суди та підсудність. Шлях: Адміністративне законодавство / Кодекс адміністративного судочинства України / Розділ I. Загальні положення / Глава 2. Адміністративні суди та підсудність. Код: 240 20 10 20.,,,2026-10-08 15:41:44,2026-10-08 15:41:44
5415,240 20 10 30,240 20 10,4,Глава 3. Склад суду. Відводи,Глава 3. Склад суду. Відводи,240 / 240 20 / 240 20 10 / 240 20 10 30,Адміністративне законодавство / Кодекс адміністративного судочинства України / Розділ I. Загальні положення / Глава 3. Склад суду. Відводи,0,0,0,0,,,[],Глава 3. Склад суду. Відводи. Шлях: Адміністративне законодавство / Кодекс адміністративного судочинства України / Розділ I. Загальні положення / Глава 3. Склад суду. Відводи. Код: 240 20 10 30.,,,2026-10-08 15:41:44,2026-10-08 15:41:44
5416,240 20 10 40,240 20 10,4,Глава 4. Учасники судового процесу,Глава 4. Учасники судового процесу,240 / 240 20 / 240 20 10 / 240 20 10 40,Адміністративне законодавство / Кодекс адміністративного судочинства України / Розділ I. Загальні положення / Глава 4. Учасники судового процесу,1,4,0,0,,,[],Глава 4. Учасники судового процесу. Шлях: Адміністративне законодавство / Кодекс адміністративного судочинства України / Розділ I. Загальні положення / Глава 4. Учасники судового процесу. Код: 240 20 10 40.,,,2026-10-08 15:41:44,2026-10-08 15:41:44
5417,240 20 10 40 10,240 20 10 40,5,§ 1. Загальні положення про учасників судового процесу,§ 1. Загальні положення про учасників судового процесу,240 / 240 20 / 240 20 10 / 240 20 10 40 / 240 20 10 40 10,Адміністративне законодавство / Кодекс адміністративного судочинства України / Розділ I. Загальні положення / Глава 4. Учасники судового процесу / § 1. Загальні положення про учасників судового процесу,0,0,0,0,,,[],§ 1. Загальні положення про учасників судового процесу. Шлях: Адміністративне законодавство / Кодекс адміністративного судочинства України / Розділ I. Загальні положення / Глава 4. Учасники судового процесу / § 1. Загальні положення про учасників судового процесу. Код: 240 20 10 40 10.,,,2026-10-08 15:41:44,2026-10-08 15:41:44
5418,240 20 10 40 20,240 20 10 40,5,"§ 2. Сторони, треті особи","§ 2. Сторони, треті особи",240 / 240 20 / 240 20 10 / 240 20 10 40 / 240 20 10 40 20,"Адміністративне законодавство / Кодекс адміністративного судочинства України / Розділ I. Загальні положення / Глава 4. Учасники судового процесу / § 2. Сторони, треті особи",0,0,0,0,,,[],"§ 2. Сторони, треті особи. Шлях: Адміністративне законодавство / Кодекс адміністративного судочинства України / Розділ I. Загальні положення / Глава 4. Учасники судового процесу / § 2. Сторони, треті особи. Код: 240 20 10 40 20.",,,2026-10-08 15:41:44,2026-10-08 15:41:44
5419,240 20 10 40 30,240 20 10 40,5,§ 3. Представники,§ 3. Представники,240 / 240 20 / 240 20 10 / 240 20 10 40 / 240 20 10 40 30,Адміністративне законодавство / Кодекс адміністративного судочинства України / Розділ I. Загальні положення / Глава 4. Учасники судового процесу / § 3. Представники,0,0,0,0,,,[],§ 3. Представники. Шлях: Адміністративне законодавство / Кодекс адміністративного судочинства України / Розділ I. Загальні положення / Глава 4. Учасники судового процесу / § 3. Представники. Код: 240 20 10 40 30.,,,2026-10-08 15:41:44,2026-10-08 15:41:44
5420,240 20 10 40 40,240 20 10 40,5,§ 4. Інші учасники судового процесу,§ 4. Інші учасники судового процесу,240 / 240 20 / 240 20 10 / 240 20 10 40 / 240 20 10 40 40,Адміністративне законодавство / Кодекс адміністративного судочинства України / Розділ I. Загальні положення / Глава 4. Учасники судового процесу / § 4. Інші учасники судового процесу,0,0,0,0,,,[],§ 4. Інші учасники судового процесу. Шлях: Адміністративне законодавство / Кодекс адміністративного судочинства України / Розділ I. Загальні положення / Глава 4. Учасники судового процесу / § 4. Інші учасники судового процесу. Код: 240 20 10 40 40.,,,2026-10-08 15:41:44,2026-10-08 15:41:44
5421,240 20 10 50,240 20 10,4,Глава 5. Докази та доказування,Глава 5. Докази та доказування,240 / 240 20 / 240 20 10 / 240 20 10 50,Адміністративне законодавство / Кодекс адміністративного судочинства України / Розділ I. Загальні положення / Глава 5. Докази та доказування,1,3,0,0,,,[],Глава 5. Докази та доказування. Шлях: Адміністративне законодавство / Кодекс адміністративного судочинства України / Розділ I. Загальні положення / Глава 5. Докази та доказування. Код: 240 20 10 50.,,,2026-10-08 15:41:44,2026-10-08 15:41:44
5422,240 20 10 50 10,240 20 10 50,5,§ 1. Загальні положення про докази,§ 1. Загальні положення про докази,240 / 240 20 / 240 20 10 / 240 20 10 50 / 240 20 10 50 10,Адміністративне законодавство / Кодекс адміністративного судочинства України / Розділ I. Загальні положення / Глава 5. Докази та доказування / § 1. Загальні положення про докази,0,0,0,0,,,[],§ 1. Загальні положення про докази. Шлях: Адміністративне законодавство / Кодекс адміністративного судочинства України / Розділ I. Загальні положення / Глава 5. Докази та доказування / § 1. Загальні положення про докази. Код: 240 20 10 50 10.,,,2026-10-08 15:41:44,2026-10-08 15:41:44
5423,240 20 10 50 20,240 20 10 50,5,§ 2. Окремі види доказів,§ 2. Окремі види доказів,240 / 240 20 / 240 20 10 / 240 20 10 50 / 240 20 10 50 20,Адміністративне законодавство / Кодекс адміністративного судочинства України / Розділ I. Загальні положення / Глава 5. Докази та доказування / § 2. Окремі види доказів,0,0,0,0,,,[],§ 2. Окремі види доказів. Шлях: Адміністративне законодавство / Кодекс адміністративного судочинства України / Розділ I. Загальні положення / Глава 5. Докази та доказування / § 2. Окремі види доказів. Код: 240 20 10 50 20.,,,2026-10-08 15:41:44,2026-10-08 15:41:44
5424,240 20 10 50 30,240 20 10 50,5,§ 3. Забезпечення доказів,§ 3. Забезпечення доказів,240 / 240 20 / 240 20 10 / 240 20 10 50 / 240 20 10 50 30,Адміністративне законодавство / Кодекс адміністративного судочинства України / Розділ I. Загальні положення / Глава 5. Докази та доказування / § 3. Забезпечення доказів,0,0,0,0,,,[],§ 3. Забезпечення доказів. Шлях: Адміністративне законодавство / Кодекс адміністративного судочинства України / Розділ I. Загальні положення / Глава 5. Докази та доказування / § 3. Забезпечення доказів. Код: 240 20 10 50 30.,,,2026-10-08 15:41:44,2026-10-08 15:41:44
5425,240 20 10 60,240 20 10,4,Глава 6. Процесуальні строки,Глава 6. Процесуальні строки,240 / 240 20 / 240 20 10 / 240 20 10 60,Адміністративне законодавство / Кодекс адміністративного судочинства України / Розділ I. Загальні положення / Глава 6. Процесуальні строки,0,0,0,0,,,[],Глава 6. Процесуальні строки. Шлях: Адміністративне законодавство / Кодекс адміністративного судочинства України / Розділ I. Загальні положення / Глава 6. Процесуальні строки. Код: 240 20 10 60.,,,2026-10-08 15:41:44,2026-10-08 15:41:44
5426,240 20 10 70,240 20 10,4,Глава 7. Судові виклики і повідомлення,Глава 7. Судові виклики і повідомлення,240 / 240 20 / 240 20 10 / 240 20 10 70,Адміністративне законодавство / Кодекс адміністративного судочинства України / Розділ I. Загальні положення / Глава 7. Судові виклики і повідомлення,0,0,0,0,,,[],Глава 7. Судові виклики і повідомлення. Шлях: Адміністративне законодавство / Кодекс адміністративного судочинства України / Розділ I. Загальні положення / Глава 7. Судові виклики і повідомлення. Код: 240 20 10 70.,,,2026-10-08 15:41:44,2026-10-08 15:41:44
5427,240 20 10 80,240 20 10,4,Глава 8. Судові витрати,Глава 8. Судові витрати,240 / 240 20 / 240 20 10 / 240 20 10 80,Адміністративне законодавство / Кодекс адміністративного судочинства України / Розділ I. Загальні положення / Глава 8. Судові витрати,0,0,0,0,,,[],Глава 8. Судові витрати. Шлях: Адміністративне законодавство / Кодекс адміністративного судочинства України / Розділ I. Загальні положення / Глава 8. Судові витрати. Код: 240 20 10 80.,,,2026-10-08 15:41:44,2026-10-08 15:41:44
5428,240 20 10 90,240 20 10,4,Глава 9. Заходи процесуального примусу,Глава 9. Заходи процесуального примусу,240 / 240 20 / 240 20 10 / 240 20 10 90,Адміністративне законодавство / Кодекс адміністративного судочинства України / Розділ I. Загальні положення / Глава 9. Заходи процесуального примусу,0,0,0,0,,,[],Глава 9. Заходи процесуального примусу. Шлях: Адміністративне законодавство / Кодекс адміністративного судочинства України / Розділ I. Загальні положення / Глава 9. Заходи процесуального примусу. Код: 240 20 10 90.,,,2026-10-08 15:41:44,2026-10-08 15:41:44
5429,240 20 10 100,240 20 10,4,Глава 10. Забезпечення позову,Глава 10. Забезпечення позову,240 / 240 20 / 240 20 10 / 240 20 10 100,Адміністративне законодавство / Кодекс адміністративного судочинства України / Розділ I. Загальні положення / Глава 10. Забезпечення позову,0,0,0,0,,,[],Глава 10. Забезпечення позову. Шлях: Адміністративне законодавство / Кодекс адміністративного судочинства України / Розділ I. Загальні положення / Глава 10. Забезпечення позову. Код: 240 20 10 100.,,,2026-10-08 15:41:44,2026-10-08 15:41:44
5430,240 20 20,240 20,3,Розділ II. Позовне провадження,Розділ II. Позовне провадження,240 / 240 20 / 240 20 20,Адміністративне законодавство / Кодекс адміністративного судочинства України / Розділ II. Позовне провадження,1,10,0,0,,,[],Розділ II. Позовне провадження. Шлях: Адміністративне законодавство / Кодекс адміністративного судочинства України / Розділ II. Позовне провадження. Код: 240 20 20.,,,2026-10-08 15:41:44,2026-10-08 15:41:44
5431,240 20 20 10,240 20 20,4,Глава 1. Письмові заяви учасників справи,Глава 1. Письмові заяви учасників справи,240 / 240 20 / 240 20 20 / 240 20 20 10,Адміністративне законодавство / Кодекс адміністративного судочинства України / Розділ II. Позовне провадження / Глава 1. Письмові заяви учасників справи,0,0,0,0,,,[],Глава 1. Письмові заяви учасників справи. Шлях: Адміністративне законодавство / Кодекс адміністративного судочинства України / Розділ II. Позовне провадження / Глава 1. Письмові заяви учасників справи. Код: 240 20 20 10.,,,2026-10-08 15:41:44,2026-10-08 15:41:44
5432,240 20 20 20,240 20 20,4,Глава 2. Пред'явлення позову та відкриття провадження у справі,Глава 2. Пред'явлення позову та відкриття провадження у справі,240 / 240 20 / 240 20 20 / 240 20 20 20,Адміністративне законодавство / Кодекс адміністративного судочинства України / Розділ II. Позовне провадження / Глава 2. Пред'явлення позову та відкриття провадження у справі,0,0,0,0,,,[],Глава 2. Пред'явлення позову та відкриття провадження у справі. Шлях: Адміністративне законодавство / Кодекс адміністративного судочинства України / Розділ II. Позовне провадження / Глава 2. Пред'явлення позову та відкриття провадження у справі. Код: 240 20 20 20.,,,2026-10-08 15:41:44,2026-10-08 15:41:44
5433,240 20 20 30,240 20 20,4,Глава 3. Підготовче провадження,Глава 3. Підготовче провадження,240 / 240 20 / 240 20 20 / 240 20 20 30,Адміністративне законодавство / Кодекс адміністративного судочинства України / Розділ II. Позовне провадження / Глава 3. Підготовче провадження,0,0,0,0,,,[],Глава 3. Підготовче провадження. Шлях: Адміністративне законодавство / Кодекс адміністративного судочинства України / Розділ II. Позовне провадження / Глава 3. Підготовче провадження. Код: 240 20 20 30.,,,2026-10-08 15:41:44,2026-10-08 15:41:44
5434,240 20 20 40,240 20 20,4,Глава 4. Врегулювання спору за участю судді,Глава 4. Врегулювання спору за участю судді,240 / 240 20 / 240 20 20 / 240 20 20 40,Адміністративне законодавство / Кодекс адміністративного судочинства України / Розділ II. Позовне провадження / Глава 4. Врегулювання спору за участю судді,0,0,0,0,,,[],Глава 4. Врегулювання спору за участю судді. Шлях: Адміністративне законодавство / Кодекс адміністративного судочинства України / Розділ II. Позовне провадження / Глава 4. Врегулювання спору за участю судді. Код: 240 20 20 40.,,,2026-10-08 15:41:44,2026-10-08 15:41:44
5435,240 20 20 50,240 20 20,4,Глава 5. Фіксування судового процесу,Глава 5. Фіксування судового процесу,240 / 240 20 / 240 20 20 / 240 20 20 50,Адміністративне законодавство / Кодекс адміністративного судочинства України / Розділ II. Позовне провадження / Глава 5. Фіксування судового процесу,0,0,0,0,,,[],Глава 5. Фіксування судового процесу. Шлях: Адміністративне законодавство / Кодекс адміністративного судочинства України / Розділ II. Позовне провадження / Глава 5. Фіксування судового процесу. Код: 240 20 20 50.,,,2026-10-08 15:41:44,2026-10-08 15:41:44
5436,240 20 20 60,240 20 20,4,Глава 6. Розгляд справи по суті,Глава 6. Розгляд справи по суті,240 / 240 20 / 240 20 20 / 240 20 20 60,Адміністративне законодавство / Кодекс адміністративного судочинства України / Розділ II. Позовне провадження / Глава 6. Розгляд справи по суті,1,3,0,0,,,[],Глава 6. Розгляд справи по суті. Шлях: Адміністративне законодавство / Кодекс адміністративного судочинства України / Розділ II. Позовне провадження / Глава 6. Розгляд справи по суті. Код: 240 20 20 60.,,,2026-10-08 15:41:44,2026-10-08 15:41:44
5437,240 20 20 60 10,240 20 20 60,5,§ 1. Відкриття судового засідання та розгляд справи,§ 1. Відкриття судового засідання та розгляд справи,240 / 240 20 / 240 20 20 / 240 20 20 60 / 240 20 20 60 10,Адміністративне законодавство / Кодекс адміністративного судочинства України / Розділ II. Позовне провадження / Глава 6. Розгляд справи по суті / § 1. Відкриття судового засідання та розгляд справи,0,0,0,0,,,[],§ 1. Відкриття судового засідання та розгляд справи. Шлях: Адміністративне законодавство / Кодекс адміністративного судочинства України / Розділ II. Позовне провадження / Глава 6. Розгляд справи по суті / § 1. Відкриття судового засідання та розгляд справи. Код: 240 20 20 60 10.,,,2026-10-08 15:41:44,2026-10-08 15:41:44
5438,240 20 20 60 20,240 20 20 60,5,§ 2. Дослідження доказів,§ 2. Дослідження доказів,240 / 240 20 / 240 20 20 / 240 20 20 60 / 240 20 20 60 20,Адміністративне законодавство / Кодекс адміністративного судочинства України / Розділ II. Позовне провадження / Глава 6. Розгляд справи по суті / § 2. Дослідження доказів,0,0,0,0,,,[],§ 2. Дослідження доказів. Шлях: Адміністративне законодавство / Кодекс адміністративного судочинства України / Розділ II. Позовне провадження / Глава 6. Розгляд справи по суті / § 2. Дослідження доказів. Код: 240 20 20 60 20.,,,2026-10-08 15:41:44,2026-10-08 15:41:44
5439,240 20 20 60 30,240 20 20 60,5,§ 3. Судові дебати та ухвалення рішення,§ 3. Судові дебати та ухвалення рішення,240 / 240 20 / 240 20 20 / 240 20 20 60 / 240 20 20 60 30,Адміністративне законодавство / Кодекс адміністративного судочинства України / Розділ II. Позовне провадження / Глава 6. Розгляд справи по суті / § 3. Судові дебати та ухвалення рішення,0,0,0,0,,,[],§ 3. Судові дебати та ухвалення рішення. Шлях: Адміністративне законодавство / Кодекс адміністративного судочинства України / Розділ II. Позовне провадження / Глава 6. Розгляд справи по суті / § 3. Судові дебати та ухвалення рішення. Код: 240 20 20 60 30.,,,2026-10-08 15:41:44,2026-10-08 15:41:44
5440,240 20 20 70,240 20 20,4,"Глава 7. Зупинення і закриття провадження у справі, залишення позовної заяви без розгляду","Глава 7. Зупинення і закриття провадження у справі, залишення позовної заяви без розгляду",240 / 240 20 / 240 20 20 / 240 20 20 70,"Адміністративне законодавство / Кодекс адміністративного судочинства України / Розділ II. Позовне провадження / Глава 7. Зупинення і закриття провадження у справі, залишення позовної заяви без розгляду",0,0,0,0,,,[],"Глава 7. Зупинення і закриття провадження у справі, залишення позовної заяви без розгляду. Шлях: Адміністративне законодавство / Кодекс адміністративного судочинства України / Розділ II. Позовне провадження / Глава 7. Зупинення і закриття провадження у справі, залишення позовної заяви без розгляду. Код: 240 20 20 70.",,,2026-10-08 15:41:44,2026-10-08 15:41:44
5441,240 20 20 80,240 20 20,4,Глава 8. Судові рішення,Глава 8. Судові рішення,240 / 240 20 / 240 20 20 / 240 20 20 80,Адміністративне законодавство / Кодекс адміністративного судочинства України / Розділ II. Позовне провадження / Глава 8. Судові рішення,0,0,0,0,,,[],Глава 8. Судові рішення. Шлях: Адміністративне законодавство / Кодекс адміністративного судочинства України / Розділ II. Позовне провадження / Глава 8. Судові рішення. Код: 240 20 20 80.,,,2026-10-08 15:41:44,2026-10-08 15:41:44
5442,240 20 20 90,240 20 20,4,Глава 9. Особливості розгляду справ у порядку спрощеного позовного провадження,Глава 9. Особливості розгляду справ у порядку спрощеного позовного провадження,240 / 240 20 / 240 20 20 / 240 20 20 90,Адміністративне законодавство / Кодекс адміністративного судочинства України / Розділ II. Позовне провадження / Глава 9. Особливості розгляду справ у порядку спрощеного позовного провадження,0,0,0,0,,,[],Глава 9. Особливості розгляду справ у порядку спрощеного позовного провадження. Шлях: Адміністративне законодавство / Кодекс адміністративного судочинства України / Розділ II. Позовне провадження / Глава 9. Особливості розгляду справ у порядку спрощеного позовного провадження. Код: 240 20 20 90.,,,2026-10-08 15:41:44,2026-10-08 15:41:44
5443,240 20 20 100,240 20 20,4,Глава 10. Особливості провадження в окремих категоріях адміністративних справ,Глава 10. Особливості провадження в окремих категоріях адміністративних справ,240 / 240 20 / 240 20 20 / 240 20 20 100,Адміністративне законодавство / Кодекс адміністративного судочинства України / Розділ II. Позовне провадження / Глава 10. Особливості провадження в окремих категоріях адміністративних справ,1,6,0,0,,,[],Глава 10. Особливості провадження в окремих категоріях адміністративних справ. Шлях: Адміністративне законодавство / Кодекс адміністративного судочинства України / Розділ II. Позовне провадження / Глава 10. Особливості провадження в окремих категоріях адміністративних справ. Код: 240 20 20 100.,,,2026-10-08 15:41:44,2026-10-08 15:41:44
5444,240 20 20 100 10,240 20 20 100,5,§ 1. Оскарження нормативно-правових актів та рішень суб'єктів владних повноважень,§ 1. Оскарження нормативно-правових актів та рішень суб'єктів владних повноважень,240 / 240 20 / 240 20 20 / 240 20 20 100 / 240 20 20 100 10,Адміністративне законодавство / Кодекс адміністративного судочинства України / Розділ II. Позовне провадження / Глава 10. Особливості провадження в окремих категоріях адміністративних справ / § 1. Оскарження нормативно-правових актів та рішень суб'єктів владних повноважень,0,0,0,0,,,[],§ 1. Оскарження нормативно-правових актів та рішень суб'єктів владних повноважень. Шлях: Адміністративне законодавство / Кодекс адміністративного судочинства України / Розділ II. Позовне провадження / Глава 10. Особливості провадження в окремих категоріях адміністративних справ / § 1. Оскарження нормативно-правових актів та рішень суб'єктів владних повноважень. Код: 240 20 20 100 10.,,,2026-10-08 15:41:44,2026-10-08 15:41:44
5445,240 20 20 100 20,240 20 20 100,5,§ 2. Особливості провадження у справах щодо виборчого процесу та референдуму,§ 2. Особливості провадження у справах щодо виборчого процесу та референдуму,240 / 240 20 / 240 20 20 / 240 20 20 100 / 240 20 20 100 20,Адміністративне законодавство / Кодекс адміністративного судочинства України / Розділ II. Позовне провадження / Глава 10. Особливості провадження в окремих категоріях адміністративних справ / § 2. Особливості провадження у справах щодо виборчого процесу та референдуму,0,0,0,0,,,[],§ 2. Особливості провадження у справах щодо виборчого процесу та референдуму. Шлях: Адміністративне законодавство / Кодекс адміністративного судочинства України / Розділ II. Позовне провадження / Глава 10. Особливості провадження в окремих категоріях адміністративних справ / § 2. Особливості провадження у справах щодо виборчого процесу та референдуму. Код: 240 20 20 100 20.,,,2026-10-08 15:41:44,2026-10-08 15:41:44
5446,240 20 20 100 30,240 20 20 100,5,"§ 3. Справи з приводу рішень, дій або бездіяльності державної виконавчої служби та приватних виконавців","§ 3. Справи з приводу рішень, дій або бездіяльності державної виконавчої служби та приватних виконавців",240 / 240 20 / 240 20 20 / 240 20 20 100 / 240 20 20 100 30,"Адміністративне законодавство / Кодекс адміністративного судочинства України / Розділ II. Позовне провадження / Глава 10. Особливості провадження в окремих категоріях адміністративних справ / § 3. Справи з приводу рішень, дій або бездіяльності державної виконавчої служби та приватних виконавців",0,0,0,0,,,[],"§ 3. Справи з приводу рішень, дій або бездіяльності державної виконавчої служби та приватних виконавців. Шлях: Адміністративне законодавство / Кодекс адміністративного судочинства України / Розділ II. Позовне провадження / Глава 10. Особливості провадження в окремих категоріях адміністративних справ / § 3. Справи з приводу рішень, дій або бездіяльності державної виконавчої служби та приватних виконавців. Код: 240 20 20 100 30.",,,2026-10-08 15:41:44,2026-10-08 15:41:44
5447,240 20 20 100 40,240 20 20 100,5,§ 4. Справи щодо примусового повернення та видворення іноземців та осіб без громадянства,§ 4. Справи щодо примусового повернення та видворення іноземців та осіб без громадянства,240 / 240 20 / 240 20 20 / 240 20 20 100 / 240 20 20 100 40,Адміністративне законодавство / Кодекс адміністративного судочинства України / Розділ II. Позовне провадження / Глава 10. Особливості провадження в окремих категоріях адміністративних справ / § 4. Справи щодо примусового повернення та видворення іноземців та осіб без громадянства,0,0,0,0,,,[],§ 4. Справи щодо примусового повернення та видворення іноземців та осіб без громадянства. Шлях: Адміністративне законодавство / Кодекс адміністративного судочинства України / Розділ II. Позовне провадження / Глава 10. Особливості провадження в окремих категоріях адміністративних справ / § 4. Справи щодо примусового повернення та видворення іноземців та осіб без громадянства. Код: 240 20 20 100 40.,,,2026-10-08 15:41:44,2026-10-08 15:41:44
5448,240 20 20 100 50,240 20 20 100,5,"§ 5. Справи про примусове відчуження земельної ділянки, інших об'єктів нерухомого майна з мотивів суспільної необхідності","§ 5. Справи про примусове відчуження земельної ділянки, інших об'єктів нерухомого майна з мотивів суспільної необхідності",240 / 240 20 / 240 20 20 / 240 20 20 100 / 240 20 20 100 50,"Адміністративне законодавство / Кодекс адміністративного судочинства України / Розділ II. Позовне провадження / Глава 10. Особливості провадження в окремих категоріях адміністративних справ / § 5. Справи про примусове відчуження земельної ділянки, інших об'єктів нерухомого майна з мотивів суспільної необхідності",0,0,0,0,,,[],"§ 5. Справи про примусове відчуження земельної ділянки, інших об'єктів нерухомого майна з мотивів суспільної необхідності. Шлях: Адміністративне законодавство / Кодекс адміністративного судочинства України / Розділ II. Позовне провадження / Глава 10. Особливості провадження в окремих категоріях адміністративних справ / § 5. Справи про примусове відчуження земельної ділянки, інших об'єктів нерухомого майна з мотивів суспільної необхідності. Код: 240 20 20 100 50.",,,2026-10-08 15:41:44,2026-10-08 15:41:44
5449,240 20 20 100 60,240 20 20 100,5,§ 6. Інші спеціальні категорії адміністративних справ,§ 6. Інші спеціальні категорії адміністративних справ,240 / 240 20 / 240 20 20 / 240 20 20 100 / 240 20 20 100 60,Адміністративне законодавство / Кодекс адміністративного судочинства України / Розділ II. Позовне провадження / Глава 10. Особливості провадження в окремих категоріях адміністративних справ / § 6. Інші спеціальні категорії адміністративних справ,0,0,0,0,,,[],§ 6. Інші спеціальні категорії адміністративних справ. Шлях: Адміністративне законодавство / Кодекс адміністративного судочинства України / Розділ II. Позовне провадження / Глава 10. Особливості провадження в окремих категоріях адміністративних справ / § 6. Інші спеціальні категорії адміністративних справ. Код: 240 20 20 100 60.,,,2026-10-08 15:41:44,2026-10-08 15:41:44
5450,240 20 30,240 20,3,Розділ III. Перегляд судових рішень,Розділ III. Перегляд судових рішень,240 / 240 20 / 240 20 30,Адміністративне законодавство / Кодекс адміністративного судочинства України / Розділ III. Перегляд судових рішень,1,3,0,0,,,[],Розділ III. Перегляд судових рішень. Шлях: Адміністративне законодавство / Кодекс адміністративного судочинства України / Розділ III. Перегляд судових рішень. Код: 240 20 30.,,,2026-10-08 15:41:44,2026-10-08 15:41:44
5451,240 20 30 10,240 20 30,4,Глава 1. Апеляційне провадження,Глава 1. Апеляційне провадження,240 / 240 20 / 240 20 30 / 240 20 30 10,Адміністративне законодавство / Кодекс адміністративного судочинства України / Розділ III. Перегляд судових рішень / Глава 1. Апеляційне провадження,0,0,0,0,,,[],Глава 1. Апеляційне провадження. Шлях: Адміністративне законодавство / Кодекс адміністративного судочинства України / Розділ III. Перегляд судових рішень / Глава 1. Апеляційне провадження. Код: 240 20 30 10.,,,2026-10-08 15:41:44,2026-10-08 15:41:44
5452,240 20 30 20,240 20 30,4,Глава 2. Касаційне провадження,Глава 2. Касаційне провадження,240 / 240 20 / 240 20 30 / 240 20 30 20,Адміністративне законодавство / Кодекс адміністративного судочинства України / Розділ III. Перегляд судових рішень / Глава 2. Касаційне провадження,0,0,0,0,,,[],Глава 2. Касаційне провадження. Шлях: Адміністративне законодавство / Кодекс адміністративного судочинства України / Розділ III. Перегляд судових рішень / Глава 2. Касаційне провадження. Код: 240 20 30 20.,,,2026-10-08 15:41:44,2026-10-08 15:41:44
5453,240 20 30 30,240 20 30,4,Глава 3. Перегляд судових рішень за нововиявленими або виключними обставинами,Глава 3. Перегляд судових рішень за нововиявленими або виключними обставинами,240 / 240 20 / 240 20 30 / 240 20 30 30,Адміністративне законодавство / Кодекс адміністративного судочинства України / Розділ III. Перегляд судових рішень / Глава 3. Перегляд судових рішень за нововиявленими або виключними обставинами,0,0,0,0,,,[],Глава 3. Перегляд судових рішень за нововиявленими або виключними обставинами. Шлях: Адміністративне законодавство / Кодекс адміністративного судочинства України / Розділ III. Перегляд судових рішень / Глава 3. Перегляд судових рішень за нововиявленими або виключними обставинами. Код: 240 20 30 30.,,,2026-10-08 15:41:44,2026-10-08 15:41:44
5454,240 20 40,240 20,3,"Розділ IV. Процесуальні питання, пов'язані з виконанням судових рішень в адміністративних справах","Розділ IV. Процесуальні питання, пов'язані з виконанням судових рішень в адміністративних справах",240 / 240 20 / 240 20 40,"Адміністративне законодавство / Кодекс адміністративного судочинства України / Розділ IV. Процесуальні питання, пов'язані з виконанням судових рішень в адміністративних справах",0,0,0,0,,,[],"Розділ IV. Процесуальні питання, пов'язані з виконанням судових рішень в адміністративних справах. Шлях: Адміністративне законодавство / Кодекс адміністративного судочинства України / Розділ IV. Процесуальні питання, пов'язані з виконанням судових рішень в адміністративних справах. Код: 240 20 40.",,,2026-10-08 15:41:44,2026-10-08 15:41:44
5455,240 20 50,240 20,3,Розділ V. Відновлення втраченого судового провадження,Розділ V. Відновлення втраченого судового провадження,240 / 240 20 / 240 20 50,Адміністративне законодавство / Кодекс адміністративного судочинства України / Розділ V. Відновлення втраченого судового провадження,0,0,0,0,,,[],Розділ V. Відновлення втраченого судового провадження. Шлях: Адміністративне законодавство / Кодекс адміністративного судочинства України / Розділ V. Відновлення втраченого судового провадження. Код: 240 20 50.,,,2026-10-08 15:41:44,2026-10-08 15:41:44
5456,240 20 60,240 20,3,Розділ VI. Прикінцеві та перехідні положення,Розділ VI. Прикінцеві та перехідні положення,240 / 240 20 / 240 20 60,Адміністративне законодавство / Кодекс адміністративного судочинства України / Розділ VI. Прикінцеві та перехідні положення,0,0,0,0,,,[],Розділ VI. Прикінцеві та перехідні положення. Шлях: Адміністративне законодавство / Кодекс адміністративного судочинства України / Розділ VI. Прикінцеві та перехідні положення. Код: 240 20 60.,,,2026-10-08 15:41:44,2026-10-08 15:41:44
5457,250,,1,Кримінальне законодавство,Кримінальне законодавство,250,Кримінальне законодавство,1,2,0,0,https://zakon.rada.gov.ua/laws/main/find?find_text=%D0%BA%D1%80%D0%B8%D0%BC%D1%96%D0%BD%D0%B0%D0%BB%D1%8C%D0%BD%D0%B5%20%D0%B7%D0%B0%D0%BA%D0%BE%D0%BD%D0%BE%D0%B4%D0%B0%D0%B2%D1%81%D1%82%D0%B2%D0%BE%20%D0%BA%D0%BE%D0%B4%D0%B5%D0%BA%D1%81%20%D0%BA%D1%80%D0%B8%D0%BC%D1%96%D0%BD%D0%B0%D0%BB%D1%8C%D0%BD%D0%B8%D0%B9%20%D0%BF%D1%80%D0%BE%D1%86%D0%B5%D1%81,https://zakon.rada.gov.ua/laws/show/2341-14,[],Кримінальне законодавство. Шлях: Кримінальне законодавство. Код: 250.,,,2026-10-05 18:41:38,2026-10-05 18:41:38
5458,250 10,250,2,Кримінальний кодекс України,Кримінальний кодекс України,250 / 250 10,Кримінальне законодавство / Кримінальний кодекс України,1,2,0,0,https://zakon.rada.gov.ua/laws/main/find?find_text=%D0%9A%D1%80%D0%B8%D0%BC%D1%96%D0%BD%D0%B0%D0%BB%D1%8C%D0%BD%D0%B8%D0%B9%20%D0%BA%D0%BE%D0%B4%D0%B5%D0%BA%D1%81%20%D0%A3%D0%BA%D1%80%D0%B0%D1%97%D0%BD%D0%B8,https://zakon.rada.gov.ua/laws/show/2341-14,[],Кримінальний кодекс України. Шлях: Кримінальне законодавство / Кримінальний кодекс України. Код: 250 10.,,,2026-10-05 18:41:38,2026-10-05 18:41:38
5459,250 10 10,250 10,3,Загальна частина,Загальна частина,250 / 250 10 / 250 10 10,Кримінальне законодавство / Кримінальний кодекс України / Загальна частина,1,17,0,0,https://zakon.rada.gov.ua/laws/main/find?find_text=%D0%9A%D1%80%D0%B8%D0%BC%D1%96%D0%BD%D0%B0%D0%BB%D1%8C%D0%BD%D0%B8%D0%B9%20%D0%BA%D0%BE%D0%B4%D0%B5%D0%BA%D1%81%20%D0%A3%D0%BA%D1%80%D0%B0%D1%97%D0%BD%D0%B8%20%D0%97%D0%B0%D0%B3%D0%B0%D0%BB%D1%8C%D0%BD%D0%B0%20%D1%87%D0%B0%D1%81%D1%82%D0%B8%D0%BD%D0%B0,https://zakon.rada.gov.ua/laws/show/2341-14#n9,[],Загальна частина. Шлях: Кримінальне законодавство / Кримінальний кодекс України / Загальна частина. Код: 250 10 10.,,,2026-10-05 18:41:38,2026-10-05 18:41:38
5460,250 10 10 10,250 10 10,4,Розділ I. Загальні положення,Розділ I. Загальні положення,250 / 250 10 / 250 10 10 / 250 10 10 10,Кримінальне законодавство / Кримінальний кодекс України / Загальна частина / Розділ I. Загальні положення,0,0,0,0,https://zakon.rada.gov.ua/laws/main/find?find_text=%D0%9A%D1%80%D0%B8%D0%BC%D1%96%D0%BD%D0%B0%D0%BB%D1%8C%D0%BD%D0%B8%D0%B9%20%D0%BA%D0%BE%D0%B4%D0%B5%D0%BA%D1%81%20%D0%B7%D0%B0%D0%B3%D0%B0%D0%BB%D1%8C%D0%BD%D1%96%20%D0%BF%D0%BE%D0%BB%D0%BE%D0%B6%D0%B5%D0%BD%D0%BD%D1%8F,https://zakon.rada.gov.ua/laws/show/2341-14#n10,[],Розділ I. Загальні положення. Шлях: Кримінальне законодавство / Кримінальний кодекс України / Загальна частина / Розділ I. Загальні положення. Код: 250 10 10 10.,,,2026-10-05 18:41:38,2026-10-05 18:41:38
5461,250 10 10 20,250 10 10,4,Розділ II. Закон про кримінальну відповідальність,Розділ II. Закон про кримінальну відповідальність,250 / 250 10 / 250 10 10 / 250 10 10 20,Кримінальне законодавство / Кримінальний кодекс України / Загальна частина / Розділ II. Закон про кримінальну відповідальність,0,0,0,0,https://zakon.rada.gov.ua/laws/main/find?find_text=%D0%B7%D0%B0%D0%BA%D0%BE%D0%BD%20%D0%BF%D1%80%D0%BE%20%D0%BA%D1%80%D0%B8%D0%BC%D1%96%D0%BD%D0%B0%D0%BB%D1%8C%D0%BD%D1%83%20%D0%B2%D1%96%D0%B4%D0%BF%D0%BE%D0%B2%D1%96%D0%B4%D0%B0%D0%BB%D1%8C%D0%BD%D1%96%D1%81%D1%82%D1%8C%20%D1%87%D0%B8%D0%BD%D0%BD%D1%96%D1%81%D1%82%D1%8C,https://zakon.rada.gov.ua/laws/show/2341-14#n21,[],Розділ II. Закон про кримінальну відповідальність. Шлях: Кримінальне законодавство / Кримінальний кодекс України / Загальна частина / Розділ II. Закон про кримінальну відповідальність. Код: 250 10 10 20.,,,2026-10-05 18:41:38,2026-10-05 18:41:38
5462,250 10 10 30,250 10 10,4,"Розділ III. Кримінальне правопорушення, його види та стадії","Розділ III. Кримінальне правопорушення, його види та стадії",250 / 250 10 / 250 10 10 / 250 10 10 30,"Кримінальне законодавство / Кримінальний кодекс України / Загальна частина / Розділ III. Кримінальне правопорушення, його види та стадії",0,0,0,0,https://zakon.rada.gov.ua/laws/main/find?find_text=%D0%BA%D1%80%D0%B8%D0%BC%D1%96%D0%BD%D0%B0%D0%BB%D1%8C%D0%BD%D0%B5%20%D0%BF%D1%80%D0%B0%D0%B2%D0%BE%D0%BF%D0%BE%D1%80%D1%83%D1%88%D0%B5%D0%BD%D0%BD%D1%8F%20%D1%81%D1%82%D0%B0%D0%B4%D1%96%D1%97%20%D0%B3%D0%BE%D1%82%D1%83%D0%B2%D0%B0%D0%BD%D0%BD%D1%8F%20%D0%B7%D0%B0%D0%BC%D0%B0%D1%85,https://zakon.rada.gov.ua/laws/show/2341-14#n49,[],"Розділ III. Кримінальне правопорушення, його види та стадії. Шлях: Кримінальне законодавство / Кримінальний кодекс України / Загальна частина / Розділ III. Кримінальне правопорушення, його види та стадії. Код: 250 10 10 30.",,,2026-10-05 18:41:38,2026-10-05 18:41:38
5463,250 10 10 40,250 10 10,4,"Розділ IV. Особа, яка підлягає кримінальній відповідальності (суб’єкт кримінального правопорушення)","Розділ IV. Особа, яка підлягає кримінальній відповідальності (суб’єкт кримінального правопорушення)",250 / 250 10 / 250 10 10 / 250 10 10 40,"Кримінальне законодавство / Кримінальний кодекс України / Загальна частина / Розділ IV. Особа, яка підлягає кримінальній відповідальності (суб’єкт кримінального правопорушення)",0,0,0,0,https://zakon.rada.gov.ua/laws/main/find?find_text=%D1%81%D1%83%D0%B1%27%D1%94%D0%BA%D1%82%20%D0%BA%D1%80%D0%B8%D0%BC%D1%96%D0%BD%D0%B0%D0%BB%D1%8C%D0%BD%D0%BE%D0%B3%D0%BE%20%D0%BF%D1%80%D0%B0%D0%B2%D0%BE%D0%BF%D0%BE%D1%80%D1%83%D1%88%D0%B5%D0%BD%D0%BD%D1%8F%20%D0%BD%D0%B5%D0%BE%D1%81%D1%83%D0%B4%D0%BD%D1%96%D1%81%D1%82%D1%8C,https://zakon.rada.gov.ua/laws/show/2341-14#n79,[],"Розділ IV. Особа, яка підлягає кримінальній відповідальності (суб’єкт кримінального правопорушення). Шлях: Кримінальне законодавство / Кримінальний кодекс України / Загальна частина / Розділ IV. Особа, яка підлягає кримінальній відповідальності (суб’єкт кримінального правопорушення). Код: 250 10 10 40.",,,2026-10-05 18:41:38,2026-10-05 18:41:38
5464,250 10 10 50,250 10 10,4,Розділ V. Вина та її форми,Розділ V. Вина та її форми,250 / 250 10 / 250 10 10 / 250 10 10 50,Кримінальне законодавство / Кримінальний кодекс України / Загальна частина / Розділ V. Вина та її форми,0,0,0,0,https://zakon.rada.gov.ua/laws/main/find?find_text=%D0%B2%D0%B8%D0%BD%D0%B0%20%D1%83%D0%BC%D0%B8%D1%81%D0%B5%D0%BB%20%D0%BD%D0%B5%D0%BE%D0%B1%D0%B5%D1%80%D0%B5%D0%B6%D0%BD%D1%96%D1%81%D1%82%D1%8C%20%D0%BA%D1%80%D0%B8%D0%BC%D1%96%D0%BD%D0%B0%D0%BB%D1%8C%D0%BD%D0%B8%D0%B9,https://zakon.rada.gov.ua/laws/show/2341-14#n98,[],Розділ V. Вина та її форми. Шлях: Кримінальне законодавство / Кримінальний кодекс України / Загальна частина / Розділ V. Вина та її форми. Код: 250 10 10 50.,,,2026-10-05 18:41:38,2026-10-05 18:41:38
5465,250 10 10 60,250 10 10,4,Розділ VI. Співучасть у кримінальному правопорушенні,Розділ VI. Співучасть у кримінальному правопорушенні,250 / 250 10 / 250 10 10 / 250 10 10 60,Кримінальне законодавство / Кримінальний кодекс України / Загальна частина / Розділ VI. Співучасть у кримінальному правопорушенні,0,0,0,0,https://zakon.rada.gov.ua/laws/main/find?find_text=%D1%81%D0%BF%D1%96%D0%B2%D1%83%D1%87%D0%B0%D1%81%D1%82%D1%8C%20%D0%BE%D1%80%D0%B3%D0%B0%D0%BD%D1%96%D0%B7%D0%B0%D1%82%D0%BE%D1%80%20%D0%B2%D0%B8%D0%BA%D0%BE%D0%BD%D0%B0%D0%B2%D0%B5%D1%86%D1%8C%20%D0%BF%D0%BE%D1%81%D0%BE%D0%B1%D0%BD%D0%B8%D0%BA,https://zakon.rada.gov.ua/laws/show/2341-14#n108,[],Розділ VI. Співучасть у кримінальному правопорушенні. Шлях: Кримінальне законодавство / Кримінальний кодекс України / Загальна частина / Розділ VI. Співучасть у кримінальному правопорушенні. Код: 250 10 10 60.,,,2026-10-05 18:41:38,2026-10-05 18:41:38
5466,250 10 10 70,250 10 10,4,"Розділ VII. Повторність, сукупність та рецидив кримінальних правопорушень","Розділ VII. Повторність, сукупність та рецидив кримінальних правопорушень",250 / 250 10 / 250 10 10 / 250 10 10 70,"Кримінальне законодавство / Кримінальний кодекс України / Загальна частина / Розділ VII. Повторність, сукупність та рецидив кримінальних правопорушень",0,0,0,0,https://zakon.rada.gov.ua/laws/main/find?find_text=%D0%BF%D0%BE%D0%B2%D1%82%D0%BE%D1%80%D0%BD%D1%96%D1%81%D1%82%D1%8C%20%D1%81%D1%83%D0%BA%D1%83%D0%BF%D0%BD%D1%96%D1%81%D1%82%D1%8C%20%D1%80%D0%B5%D1%86%D0%B8%D0%B4%D0%B8%D0%B2,https://zakon.rada.gov.ua/laws/show/2341-14#n125,[],"Розділ VII. Повторність, сукупність та рецидив кримінальних правопорушень. Шлях: Кримінальне законодавство / Кримінальний кодекс України / Загальна частина / Розділ VII. Повторність, сукупність та рецидив кримінальних правопорушень. Код: 250 10 10 70.",,,2026-10-05 18:41:38,2026-10-05 18:41:38
5467,250 10 10 80,250 10 10,4,"Розділ VIII. Обставини, що виключають кримінальну протиправність діяння","Розділ VIII. Обставини, що виключають кримінальну протиправність діяння",250 / 250 10 / 250 10 10 / 250 10 10 80,"Кримінальне законодавство / Кримінальний кодекс України / Загальна частина / Розділ VIII. Обставини, що виключають кримінальну протиправність діяння",0,0,0,0,https://zakon.rada.gov.ua/laws/main/find?find_text=%D0%BD%D0%B5%D0%BE%D0%B1%D1%85%D1%96%D0%B4%D0%BD%D0%B0%20%D0%BE%D0%B1%D0%BE%D1%80%D0%BE%D0%BD%D0%B0%20%D0%BA%D1%80%D0%B0%D0%B9%D0%BD%D1%8F%20%D0%BD%D0%B5%D0%BE%D0%B1%D1%85%D1%96%D0%B4%D0%BD%D1%96%D1%81%D1%82%D1%8C%20%D0%B7%D0%B0%D1%82%D1%80%D0%B8%D0%BC%D0%B0%D0%BD%D0%BD%D1%8F,https://zakon.rada.gov.ua/laws/show/2341-14#n142,[],"Розділ VIII. Обставини, що виключають кримінальну протиправність діяння. Шлях: Кримінальне законодавство / Кримінальний кодекс України / Загальна частина / Розділ VIII. Обставини, що виключають кримінальну протиправність діяння. Код: 250 10 10 80.",,,2026-10-05 18:41:38,2026-10-05 18:41:38
5468,250 10 10 90,250 10 10,4,Розділ IX. Звільнення від кримінальної відповідальності,Розділ IX. Звільнення від кримінальної відповідальності,250 / 250 10 / 250 10 10 / 250 10 10 90,Кримінальне законодавство / Кримінальний кодекс України / Загальна частина / Розділ IX. Звільнення від кримінальної відповідальності,0,0,0,0,https://zakon.rada.gov.ua/laws/main/find?find_text=%D0%B7%D0%B2%D1%96%D0%BB%D1%8C%D0%BD%D0%B5%D0%BD%D0%BD%D1%8F%20%D0%B2%D1%96%D0%B4%20%D0%BA%D1%80%D0%B8%D0%BC%D1%96%D0%BD%D0%B0%D0%BB%D1%8C%D0%BD%D0%BE%D1%97%20%D0%B2%D1%96%D0%B4%D0%BF%D0%BE%D0%B2%D1%96%D0%B4%D0%B0%D0%BB%D1%8C%D0%BD%D0%BE%D1%81%D1%82%D1%96%20%D0%B4%D0%B0%D0%B2%D0%BD%D1%96%D1%81%D1%82%D1%8C,https://zakon.rada.gov.ua/laws/show/2341-14#n187,[],Розділ IX. Звільнення від кримінальної відповідальності. Шлях: Кримінальне законодавство / Кримінальний кодекс України / Загальна частина / Розділ IX. Звільнення від кримінальної відповідальності. Код: 250 10 10 90.,,,2026-10-05 18:41:38,2026-10-05 18:41:38
5469,250 10 10 100,250 10 10,4,Розділ X. Покарання та його види,Розділ X. Покарання та його види,250 / 250 10 / 250 10 10 / 250 10 10 100,Кримінальне законодавство / Кримінальний кодекс України / Загальна частина / Розділ X. Покарання та його види,0,0,0,0,https://zakon.rada.gov.ua/laws/main/find?find_text=%D0%BF%D0%BE%D0%BA%D0%B0%D1%80%D0%B0%D0%BD%D0%BD%D1%8F%20%D0%B2%D0%B8%D0%B4%D0%B8%20%D1%88%D1%82%D1%80%D0%B0%D1%84%20%D0%BF%D0%BE%D0%B7%D0%B1%D0%B0%D0%B2%D0%BB%D0%B5%D0%BD%D0%BD%D1%8F%20%D0%B2%D0%BE%D0%BB%D1%96,https://zakon.rada.gov.ua/laws/show/2341-14#n211,[],Розділ X. Покарання та його види. Шлях: Кримінальне законодавство / Кримінальний кодекс України / Загальна частина / Розділ X. Покарання та його види. Код: 250 10 10 100.,,,2026-10-05 18:41:38,2026-10-05 18:41:38
5470,250 10 10 110,250 10 10,4,Розділ XI. Призначення покарання,Розділ XI. Призначення покарання,250 / 250 10 / 250 10 10 / 250 10 10 110,Кримінальне законодавство / Кримінальний кодекс України / Загальна частина / Розділ XI. Призначення покарання,0,0,0,0,https://zakon.rada.gov.ua/laws/main/find?find_text=%D0%BF%D1%80%D0%B8%D0%B7%D0%BD%D0%B0%D1%87%D0%B5%D0%BD%D0%BD%D1%8F%20%D0%BF%D0%BE%D0%BA%D0%B0%D1%80%D0%B0%D0%BD%D0%BD%D1%8F%20%D0%BF%D0%BE%D0%BC%27%D1%8F%D0%BA%D1%88%D1%83%D1%8E%D1%87%D1%96%20%D0%BE%D0%B1%D1%82%D1%8F%D0%B6%D1%83%D1%8E%D1%87%D1%96,https://zakon.rada.gov.ua/laws/show/2341-14#n302,[],Розділ XI. Призначення покарання. Шлях: Кримінальне законодавство / Кримінальний кодекс України / Загальна частина / Розділ XI. Призначення покарання. Код: 250 10 10 110.,,,2026-10-05 18:41:38,2026-10-05 18:41:38
5471,250 10 10 120,250 10 10,4,Розділ XII. Звільнення від покарання та його відбування,Розділ XII. Звільнення від покарання та його відбування,250 / 250 10 / 250 10 10 / 250 10 10 120,Кримінальне законодавство / Кримінальний кодекс України / Загальна частина / Розділ XII. Звільнення від покарання та його відбування,0,0,0,0,https://zakon.rada.gov.ua/laws/main/find?find_text=%D0%B7%D0%B2%D1%96%D0%BB%D1%8C%D0%BD%D0%B5%D0%BD%D0%BD%D1%8F%20%D0%B2%D1%96%D0%B4%20%D0%BF%D0%BE%D0%BA%D0%B0%D1%80%D0%B0%D0%BD%D0%BD%D1%8F%20%D1%96%D1%81%D0%BF%D0%B8%D1%82%D0%BE%D0%B2%D0%B8%D0%B9%20%D1%81%D1%82%D1%80%D0%BE%D0%BA%20%D1%83%D0%BC%D0%BE%D0%B2%D0%BD%D0%BE-%D0%B4%D0%BE%D1%81%D1%82%D1%80%D0%BE%D0%BA%D0%BE%D0%B2%D0%B5,https://zakon.rada.gov.ua/laws/show/2341-14#n341,[],Розділ XII. Звільнення від покарання та його відбування. Шлях: Кримінальне законодавство / Кримінальний кодекс України / Загальна частина / Розділ XII. Звільнення від покарання та його відбування. Код: 250 10 10 120.,,,2026-10-05 18:41:38,2026-10-05 18:41:38
5472,250 10 10 130,250 10 10,4,Розділ XIII. Судимість,Розділ XIII. Судимість,250 / 250 10 / 250 10 10 / 250 10 10 130,Кримінальне законодавство / Кримінальний кодекс України / Загальна частина / Розділ XIII. Судимість,0,0,0,0,https://zakon.rada.gov.ua/laws/main/find?find_text=%D1%81%D1%83%D0%B4%D0%B8%D0%BC%D1%96%D1%81%D1%82%D1%8C%20%D0%BF%D0%BE%D0%B3%D0%B0%D1%88%D0%B5%D0%BD%D0%BD%D1%8F%20%D0%B7%D0%BD%D1%8F%D1%82%D1%82%D1%8F,https://zakon.rada.gov.ua/laws/show/2341-14#n389,[],Розділ XIII. Судимість. Шлях: Кримінальне законодавство / Кримінальний кодекс України / Загальна частина / Розділ XIII. Судимість. Код: 250 10 10 130.,,,2026-10-05 18:41:38,2026-10-05 18:41:38
5473,250 10 10 140,250 10 10,4,Розділ XIV. Інші заходи кримінально-правового характеру,Розділ XIV. Інші заходи кримінально-правового характеру,250 / 250 10 / 250 10 10 / 250 10 10 140,Кримінальне законодавство / Кримінальний кодекс України / Загальна частина / Розділ XIV. Інші заходи кримінально-правового характеру,0,0,0,0,https://zakon.rada.gov.ua/laws/main/find?find_text=%D0%BF%D1%80%D0%B8%D0%BC%D1%83%D1%81%D0%BE%D0%B2%D1%96%20%D0%B7%D0%B0%D1%85%D0%BE%D0%B4%D0%B8%20%D0%BC%D0%B5%D0%B4%D0%B8%D1%87%D0%BD%D0%BE%D0%B3%D0%BE%20%D1%85%D0%B0%D1%80%D0%B0%D0%BA%D1%82%D0%B5%D1%80%D1%83%20%D1%81%D0%BF%D0%B5%D1%86%D0%BA%D0%BE%D0%BD%D1%84%D1%96%D1%81%D0%BA%D0%B0%D1%86%D1%96%D1%8F,https://zakon.rada.gov.ua/laws/show/2341-14#n407,[],Розділ XIV. Інші заходи кримінально-правового характеру. Шлях: Кримінальне законодавство / Кримінальний кодекс України / Загальна частина / Розділ XIV. Інші заходи кримінально-правового характеру. Код: 250 10 10 140.,,,2026-10-05 18:41:38,2026-10-05 18:41:38
5474,250 10 10 150,250 10 10,4,Розділ XIV-1. Заходи кримінально-правового характеру щодо юридичних осіб,Розділ XIV-1. Заходи кримінально-правового характеру щодо юридичних осіб,250 / 250 10 / 250 10 10 / 250 10 10 150,Кримінальне законодавство / Кримінальний кодекс України / Загальна частина / Розділ XIV-1. Заходи кримінально-правового характеру щодо юридичних осіб,0,0,0,0,https://zakon.rada.gov.ua/laws/main/find?find_text=%D0%B7%D0%B0%D1%85%D0%BE%D0%B4%D0%B8%20%D1%89%D0%BE%D0%B4%D0%BE%20%D1%8E%D1%80%D0%B8%D0%B4%D0%B8%D1%87%D0%BD%D0%B8%D1%85%20%D0%BE%D1%81%D1%96%D0%B1%20%D0%BA%D1%80%D0%B8%D0%BC%D1%96%D0%BD%D0%B0%D0%BB%D1%8C%D0%BD%D0%B8%D0%B9%20%D0%BA%D0%BE%D0%B4%D0%B5%D0%BA%D1%81,https://zakon.rada.gov.ua/laws/show/2341-14#n431,[],Розділ XIV-1. Заходи кримінально-правового характеру щодо юридичних осіб. Шлях: Кримінальне законодавство / Кримінальний кодекс України / Загальна частина / Розділ XIV-1. Заходи кримінально-правового характеру щодо юридичних осіб. Код: 250 10 10 150.,,,2026-10-05 18:41:38,2026-10-05 18:41:38
5475,250 10 10 160,250 10 10,4,Розділ XV. Особливості кримінальної відповідальності та покарання неповнолітніх,Розділ XV. Особливості кримінальної відповідальності та покарання неповнолітніх,250 / 250 10 / 250 10 10 / 250 10 10 160,Кримінальне законодавство / Кримінальний кодекс України / Загальна частина / Розділ XV. Особливості кримінальної відповідальності та покарання неповнолітніх,0,0,0,0,https://zakon.rada.gov.ua/laws/main/find?find_text=%D0%B2%D1%96%D0%B4%D0%BF%D0%BE%D0%B2%D1%96%D0%B4%D0%B0%D0%BB%D1%8C%D0%BD%D1%96%D1%81%D1%82%D1%8C%20%D0%BF%D0%BE%D0%BA%D0%B0%D1%80%D0%B0%D0%BD%D0%BD%D1%8F%20%D0%BD%D0%B5%D0%BF%D0%BE%D0%B2%D0%BD%D0%BE%D0%BB%D1%96%D1%82%D0%BD%D1%96%D1%85%20%D0%BA%D1%80%D0%B8%D0%BC%D1%96%D0%BD%D0%B0%D0%BB%D1%8C%D0%BD%D0%B8%D0%B9,https://zakon.rada.gov.ua/laws/show/2341-14#n452,[],Розділ XV. Особливості кримінальної відповідальності та покарання неповнолітніх. Шлях: Кримінальне законодавство / Кримінальний кодекс України / Загальна частина / Розділ XV. Особливості кримінальної відповідальності та покарання неповнолітніх. Код: 250 10 10 160.,,,2026-10-05 18:41:38,2026-10-05 18:41:38
5476,250 10 10 170,250 10 10,4,Розділ XVI. Прикінцеві та перехідні положення,Розділ XVI. Прикінцеві та перехідні положення,250 / 250 10 / 250 10 10 / 250 10 10 170,Кримінальне законодавство / Кримінальний кодекс України / Загальна частина / Розділ XVI. Прикінцеві та перехідні положення,0,0,0,0,https://zakon.rada.gov.ua/laws/main/find?find_text=%D0%BA%D1%80%D0%B8%D0%BC%D1%96%D0%BD%D0%B0%D0%BB%D1%8C%D0%BD%D0%B8%D0%B9%20%D0%BA%D0%BE%D0%B4%D0%B5%D0%BA%D1%81%20%D0%BF%D1%80%D0%B8%D0%BA%D1%96%D0%BD%D1%86%D0%B5%D0%B2%D1%96%20%D0%BF%D0%B5%D1%80%D0%B5%D1%85%D1%96%D0%B4%D0%BD%D1%96%20%D0%BF%D0%BE%D0%BB%D0%BE%D0%B6%D0%B5%D0%BD%D0%BD%D1%8F,https://zakon.rada.gov.ua/laws/show/2341-14#n503,[],Розділ XVI. Прикінцеві та перехідні положення. Шлях: Кримінальне законодавство / Кримінальний кодекс України / Загальна частина / Розділ XVI. Прикінцеві та перехідні положення. Код: 250 10 10 170.,,,2026-10-05 18:41:38,2026-10-05 18:41:38
5477,250 10 20,250 10,3,Особлива частина,Особлива частина,250 / 250 10 / 250 10 20,Кримінальне законодавство / Кримінальний кодекс України / Особлива частина,1,20,0,0,https://zakon.rada.gov.ua/laws/main/find?find_text=%D0%9A%D1%80%D0%B8%D0%BC%D1%96%D0%BD%D0%B0%D0%BB%D1%8C%D0%BD%D0%B8%D0%B9%20%D0%BA%D0%BE%D0%B4%D0%B5%D0%BA%D1%81%20%D0%A3%D0%BA%D1%80%D0%B0%D1%97%D0%BD%D0%B8%20%D0%9E%D1%81%D0%BE%D0%B1%D0%BB%D0%B8%D0%B2%D0%B0%20%D1%87%D0%B0%D1%81%D1%82%D0%B8%D0%BD%D0%B0,https://zakon.rada.gov.ua/laws/show/2341-14#n515,[],Особлива частина. Шлях: Кримінальне законодавство / Кримінальний кодекс України / Особлива частина. Код: 250 10 20.,,,2026-10-05 18:41:38,2026-10-05 18:41:38
5478,250 10 20 10,250 10 20,4,Розділ I. Кримінальні правопорушення проти основ національної безпеки України,Розділ I. Кримінальні правопорушення проти основ національної безпеки України,250 / 250 10 / 250 10 20 / 250 10 20 10,Кримінальне законодавство / Кримінальний кодекс України / Особлива частина / Розділ I. Кримінальні правопорушення проти основ національної безпеки України,0,0,0,0,https://zakon.rada.gov.ua/laws/main/find?find_text=%D0%B4%D0%B5%D1%80%D0%B6%D0%B0%D0%B2%D0%BD%D0%B0%20%D0%B7%D1%80%D0%B0%D0%B4%D0%B0%20%D0%B4%D0%B8%D0%B2%D0%B5%D1%80%D1%81%D1%96%D1%8F%20%D0%BA%D0%BE%D0%BB%D0%B0%D0%B1%D0%BE%D1%80%D0%B0%D1%86%D1%96%D0%B9%D0%BD%D0%B0%20%D0%B4%D1%96%D1%8F%D0%BB%D1%8C%D0%BD%D1%96%D1%81%D1%82%D1%8C,https://zakon.rada.gov.ua/laws/show/2341-14#n516,[],Розділ I. Кримінальні правопорушення проти основ національної безпеки України. Шлях: Кримінальне законодавство / Кримінальний кодекс України / Особлива частина / Розділ I. Кримінальні правопорушення проти основ національної безпеки України. Код: 250 10 20 10.,,,2026-10-05 18:41:38,2026-10-05 18:41:38
5479,250 10 20 20,250 10 20,4,Розділ II. Кримінальні правопорушення проти життя та здоров'я особи,Розділ II. Кримінальні правопорушення проти життя та здоров'я особи,250 / 250 10 / 250 10 20 / 250 10 20 20,Кримінальне законодавство / Кримінальний кодекс України / Особлива частина / Розділ II. Кримінальні правопорушення проти життя та здоров'я особи,0,0,0,0,https://zakon.rada.gov.ua/laws/main/find?find_text=%D0%B2%D0%B1%D0%B8%D0%B2%D1%81%D1%82%D0%B2%D0%BE%20%D1%82%D1%96%D0%BB%D0%B5%D1%81%D0%BD%D1%96%20%D1%83%D1%88%D0%BA%D0%BE%D0%B4%D0%B6%D0%B5%D0%BD%D0%BD%D1%8F%20%D0%BD%D0%B5%D0%BD%D0%B0%D0%B4%D0%B0%D0%BD%D0%BD%D1%8F%20%D0%B4%D0%BE%D0%BF%D0%BE%D0%BC%D0%BE%D0%B3%D0%B8,https://zakon.rada.gov.ua/laws/show/2341-14#n558,[],Розділ II. Кримінальні правопорушення проти життя та здоров'я особи. Шлях: Кримінальне законодавство / Кримінальний кодекс України / Особлива частина / Розділ II. Кримінальні правопорушення проти життя та здоров'я особи. Код: 250 10 20 20.,,,2026-10-05 18:41:38,2026-10-05 18:41:38
5480,250 10 20 30,250 10 20,4,"Розділ III. Кримінальні правопорушення проти волі, честі та гідності особи","Розділ III. Кримінальні правопорушення проти волі, честі та гідності особи",250 / 250 10 / 250 10 20 / 250 10 20 30,"Кримінальне законодавство / Кримінальний кодекс України / Особлива частина / Розділ III. Кримінальні правопорушення проти волі, честі та гідності особи",0,0,0,0,https://zakon.rada.gov.ua/laws/main/find?find_text=%D0%BD%D0%B5%D0%B7%D0%B0%D0%BA%D0%BE%D0%BD%D0%BD%D0%B5%20%D0%BF%D0%BE%D0%B7%D0%B1%D0%B0%D0%B2%D0%BB%D0%B5%D0%BD%D0%BD%D1%8F%20%D0%B2%D0%BE%D0%BB%D1%96%20%D0%B2%D0%B8%D0%BA%D1%80%D0%B0%D0%B4%D0%B5%D0%BD%D0%BD%D1%8F%20%D1%82%D0%BE%D1%80%D0%B3%D1%96%D0%B2%D0%BB%D1%8F%20%D0%BB%D1%8E%D0%B4%D1%8C%D0%BC%D0%B8,https://zakon.rada.gov.ua/laws/show/2341-14#n678,[],"Розділ III. Кримінальні правопорушення проти волі, честі та гідності особи. Шлях: Кримінальне законодавство / Кримінальний кодекс України / Особлива частина / Розділ III. Кримінальні правопорушення проти волі, честі та гідності особи. Код: 250 10 20 30.",,,2026-10-05 18:41:38,2026-10-05 18:41:38
5481,250 10 20 40,250 10 20,4,Розділ IV. Кримінальні правопорушення проти статевої свободи та статевої недоторканості особи,Розділ IV. Кримінальні правопорушення проти статевої свободи та статевої недоторканості особи,250 / 250 10 / 250 10 20 / 250 10 20 40,Кримінальне законодавство / Кримінальний кодекс України / Особлива частина / Розділ IV. Кримінальні правопорушення проти статевої свободи та статевої недоторканості особи,0,0,0,0,https://zakon.rada.gov.ua/laws/main/find?find_text=%D0%B7%D2%91%D0%B2%D0%B0%D0%BB%D1%82%D1%83%D0%B2%D0%B0%D0%BD%D0%BD%D1%8F%20%D1%81%D0%B5%D0%BA%D1%81%D1%83%D0%B0%D0%BB%D1%8C%D0%BD%D0%B5%20%D0%BD%D0%B0%D1%81%D0%B8%D0%BB%D1%8C%D1%81%D1%82%D0%B2%D0%BE%20%D1%80%D0%BE%D0%B7%D0%B1%D0%B5%D1%89%D0%B5%D0%BD%D0%BD%D1%8F,https://zakon.rada.gov.ua/laws/show/2341-14#n705,[],Розділ IV. Кримінальні правопорушення проти статевої свободи та статевої недоторканості особи. Шлях: Кримінальне законодавство / Кримінальний кодекс України / Особлива частина / Розділ IV. Кримінальні правопорушення проти статевої свободи та статевої недоторканості особи. Код: 250 10 20 40.,,,2026-10-05 18:41:38,2026-10-05 18:41:38
5482,250 10 20 50,250 10 20,4,"Розділ V. Кримінальні правопорушення проти виборчих, трудових та інших особистих прав і свобод людини і громадянина","Розділ V. Кримінальні правопорушення проти виборчих, трудових та інших особистих прав і свобод людини і громадянина",250 / 250 10 / 250 10 20 / 250 10 20 50,"Кримінальне законодавство / Кримінальний кодекс України / Особлива частина / Розділ V. Кримінальні правопорушення проти виборчих, трудових та інших особистих прав і свобод людини і громадянина",0,0,0,0,https://zakon.rada.gov.ua/laws/main/find?find_text=%D0%BF%D0%BE%D1%80%D1%83%D1%88%D0%B5%D0%BD%D0%BD%D1%8F%20%D0%B2%D0%B8%D0%B1%D0%BE%D1%80%D1%87%D0%B8%D1%85%20%D0%BF%D1%80%D0%B0%D0%B2%20%D0%BF%D0%BE%D1%80%D1%83%D1%88%D0%B5%D0%BD%D0%BD%D1%8F%20%D1%82%D1%80%D1%83%D0%B4%D0%BE%D0%B2%D0%B8%D1%85%20%D0%BF%D1%80%D0%B0%D0%B2%20%D0%BD%D0%B5%D0%B4%D0%BE%D1%82%D0%BE%D1%80%D0%BA%D0%B0%D0%BD%D0%BD%D1%96%D1%81%D1%82%D1%8C%20%D0%B6%D0%B8%D1%82%D0%BB%D0%B0,https://zakon.rada.gov.ua/laws/show/2341-14#n736,[],"Розділ V. Кримінальні правопорушення проти виборчих, трудових та інших особистих прав і свобод людини і громадянина. Шлях: Кримінальне законодавство / Кримінальний кодекс України / Особлива частина / Розділ V. Кримінальні правопорушення проти виборчих, трудових та інших особистих прав і свобод людини і громадянина. Код: 250 10 20 50.",,,2026-10-05 18:41:38,2026-10-05 18:41:38
5483,250 10 20 60,250 10 20,4,Розділ VI. Кримінальні правопорушення проти власності,Розділ VI. Кримінальні правопорушення проти власності,250 / 250 10 / 250 10 20 / 250 10 20 60,Кримінальне законодавство / Кримінальний кодекс України / Особлива частина / Розділ VI. Кримінальні правопорушення проти власності,0,0,0,0,https://zakon.rada.gov.ua/laws/main/find?find_text=%D0%BA%D1%80%D0%B0%D0%B4%D1%96%D0%B6%D0%BA%D0%B0%20%D0%B3%D1%80%D0%B0%D0%B1%D1%96%D0%B6%20%D1%80%D0%BE%D0%B7%D0%B1%D1%96%D0%B9%20%D0%B2%D0%B8%D0%BC%D0%B0%D0%B3%D0%B0%D0%BD%D0%BD%D1%8F%20%D1%88%D0%B0%D1%85%D1%80%D0%B0%D0%B9%D1%81%D1%82%D0%B2%D0%BE%20%D0%BF%D1%80%D0%B8%D0%B2%D0%BB%D0%B0%D1%81%D0%BD%D0%B5%D0%BD%D0%BD%D1%8F,https://zakon.rada.gov.ua/laws/show/2341-14#n826,[],Розділ VI. Кримінальні правопорушення проти власності. Шлях: Кримінальне законодавство / Кримінальний кодекс України / Особлива частина / Розділ VI. Кримінальні правопорушення проти власності. Код: 250 10 20 60.,,,2026-10-05 18:41:38,2026-10-05 18:41:38
5484,250 10 20 70,250 10 20,4,Розділ VII. Кримінальні правопорушення у сфері господарської діяльності,Розділ VII. Кримінальні правопорушення у сфері господарської діяльності,250 / 250 10 / 250 10 20 / 250 10 20 70,Кримінальне законодавство / Кримінальний кодекс України / Особлива частина / Розділ VII. Кримінальні правопорушення у сфері господарської діяльності,0,0,0,0,https://zakon.rada.gov.ua/laws/main/find?find_text=%D0%BB%D0%B5%D0%B3%D0%B0%D0%BB%D1%96%D0%B7%D0%B0%D1%86%D1%96%D1%8F%20%D0%B4%D0%BE%D1%85%D0%BE%D0%B4%D1%96%D0%B2%20%D1%83%D1%85%D0%B8%D0%BB%D0%B5%D0%BD%D0%BD%D1%8F%20%D0%B2%D1%96%D0%B4%20%D1%81%D0%BF%D0%BB%D0%B0%D1%82%D0%B8%20%D0%BF%D0%BE%D0%B4%D0%B0%D1%82%D0%BA%D1%96%D0%B2%20%D0%BA%D0%BE%D0%BD%D1%82%D1%80%D0%B0%D0%B1%D0%B0%D0%BD%D0%B4%D0%B0,https://zakon.rada.gov.ua/laws/show/2341-14#n883,[],Розділ VII. Кримінальні правопорушення у сфері господарської діяльності. Шлях: Кримінальне законодавство / Кримінальний кодекс України / Особлива частина / Розділ VII. Кримінальні правопорушення у сфері господарської діяльності. Код: 250 10 20 70.,,,2026-10-05 18:41:38,2026-10-05 18:41:38
5485,250 10 20 80,250 10 20,4,Розділ VIII. Кримінальні правопорушення проти довкілля,Розділ VIII. Кримінальні правопорушення проти довкілля,250 / 250 10 / 250 10 20 / 250 10 20 80,Кримінальне законодавство / Кримінальний кодекс України / Особлива частина / Розділ VIII. Кримінальні правопорушення проти довкілля,0,0,0,0,https://zakon.rada.gov.ua/laws/main/find?find_text=%D0%B7%D0%B0%D0%B1%D1%80%D1%83%D0%B4%D0%BD%D0%B5%D0%BD%D0%BD%D1%8F%20%D0%B4%D0%BE%D0%B2%D0%BA%D1%96%D0%BB%D0%BB%D1%8F%20%D0%BD%D0%B5%D0%B7%D0%B0%D0%BA%D0%BE%D0%BD%D0%BD%D0%B0%20%D0%BF%D0%BE%D1%80%D1%83%D0%B1%D0%BA%D0%B0%20%D0%BB%D1%96%D1%81%D1%83%20%D0%B1%D1%80%D0%B0%D0%BA%D0%BE%D0%BD%D1%8C%D1%94%D1%80%D1%81%D1%82%D0%B2%D0%BE,https://zakon.rada.gov.ua/laws/show/2341-14#n1049,[],Розділ VIII. Кримінальні правопорушення проти довкілля. Шлях: Кримінальне законодавство / Кримінальний кодекс України / Особлива частина / Розділ VIII. Кримінальні правопорушення проти довкілля. Код: 250 10 20 80.,,,2026-10-05 18:41:38,2026-10-05 18:41:38
5486,250 10 20 90,250 10 20,4,Розділ IX. Кримінальні правопорушення проти громадської безпеки,Розділ IX. Кримінальні правопорушення проти громадської безпеки,250 / 250 10 / 250 10 20 / 250 10 20 90,Кримінальне законодавство / Кримінальний кодекс України / Особлива частина / Розділ IX. Кримінальні правопорушення проти громадської безпеки,0,0,0,0,https://zakon.rada.gov.ua/laws/main/find?find_text=%D1%82%D0%B5%D1%80%D0%BE%D1%80%D0%B8%D1%81%D1%82%D0%B8%D1%87%D0%BD%D0%B8%D0%B9%20%D0%B0%D0%BA%D1%82%20%D1%81%D1%82%D0%B2%D0%BE%D1%80%D0%B5%D0%BD%D0%BD%D1%8F%20%D0%B7%D0%BB%D0%BE%D1%87%D0%B8%D0%BD%D0%BD%D0%BE%D1%97%20%D0%BE%D1%80%D0%B3%D0%B0%D0%BD%D1%96%D0%B7%D0%B0%D1%86%D1%96%D1%97%20%D0%B7%D0%B1%D1%80%D0%BE%D1%8F,https://zakon.rada.gov.ua/laws/show/2341-14#n1134,[],Розділ IX. Кримінальні правопорушення проти громадської безпеки. Шлях: Кримінальне законодавство / Кримінальний кодекс України / Особлива частина / Розділ IX. Кримінальні правопорушення проти громадської безпеки. Код: 250 10 20 90.,,,2026-10-05 18:41:38,2026-10-05 18:41:38
5487,250 10 20 100,250 10 20,4,Розділ X. Кримінальні правопорушення проти безпеки виробництва,Розділ X. Кримінальні правопорушення проти безпеки виробництва,250 / 250 10 / 250 10 20 / 250 10 20 100,Кримінальне законодавство / Кримінальний кодекс України / Особлива частина / Розділ X. Кримінальні правопорушення проти безпеки виробництва,0,0,0,0,https://zakon.rada.gov.ua/laws/main/find?find_text=%D0%BF%D0%BE%D1%80%D1%83%D1%88%D0%B5%D0%BD%D0%BD%D1%8F%20%D0%BF%D1%80%D0%B0%D0%B2%D0%B8%D0%BB%20%D0%B1%D0%B5%D0%B7%D0%BF%D0%B5%D0%BA%D0%B8%20%D0%BD%D0%B0%20%D0%B2%D0%B8%D0%B1%D1%83%D1%85%D0%BE%D0%BD%D0%B5%D0%B1%D0%B5%D0%B7%D0%BF%D0%B5%D1%87%D0%BD%D0%B8%D1%85%20%D0%B2%D0%B8%D1%80%D0%BE%D0%B1%D0%BD%D0%B8%D1%86%D1%82%D0%B2%D1%96,https://zakon.rada.gov.ua/laws/show/2341-14#n1215,[],Розділ X. Кримінальні правопорушення проти безпеки виробництва. Шлях: Кримінальне законодавство / Кримінальний кодекс України / Особлива частина / Розділ X. Кримінальні правопорушення проти безпеки виробництва. Код: 250 10 20 100.,,,2026-10-05 18:41:38,2026-10-05 18:41:38
5488,250 10 20 110,250 10 20,4,Розділ XI. Кримінальні правопорушення проти безпеки руху та експлуатації транспорту,Розділ XI. Кримінальні правопорушення проти безпеки руху та експлуатації транспорту,250 / 250 10 / 250 10 20 / 250 10 20 110,Кримінальне законодавство / Кримінальний кодекс України / Особлива частина / Розділ XI. Кримінальні правопорушення проти безпеки руху та експлуатації транспорту,0,0,0,0,https://zakon.rada.gov.ua/laws/main/find?find_text=%D0%B4%D1%82%D0%BF%20%D0%BA%D0%B5%D1%80%D1%83%D0%B2%D0%B0%D0%BD%D0%BD%D1%8F%20%D1%83%20%D1%81%D1%82%D0%B0%D0%BD%D1%96%20%D1%81%D0%BF%27%D1%8F%D0%BD%D1%96%D0%BD%D0%BD%D1%8F%20%D0%BF%D0%BE%D1%80%D1%83%D1%88%D0%B5%D0%BD%D0%BD%D1%8F%20%D0%BF%D1%80%D0%B0%D0%B2%D0%B8%D0%BB%20%D1%80%D1%83%D1%85%D1%83,https://zakon.rada.gov.ua/laws/show/2341-14#n1236,[],Розділ XI. Кримінальні правопорушення проти безпеки руху та експлуатації транспорту. Шлях: Кримінальне законодавство / Кримінальний кодекс України / Особлива частина / Розділ XI. Кримінальні правопорушення проти безпеки руху та експлуатації транспорту. Код: 250 10 20 110.,,,2026-10-05 18:41:38,2026-10-05 18:41:38
5489,250 10 20 120,250 10 20,4,Розділ XII. Кримінальні правопорушення проти громадського порядку та моральності,Розділ XII. Кримінальні правопорушення проти громадського порядку та моральності,250 / 250 10 / 250 10 20 / 250 10 20 120,Кримінальне законодавство / Кримінальний кодекс України / Особлива частина / Розділ XII. Кримінальні правопорушення проти громадського порядку та моральності,0,0,0,0,https://zakon.rada.gov.ua/laws/main/find?find_text=%D1%85%D1%83%D0%BB%D1%96%D0%B3%D0%B0%D0%BD%D1%81%D1%82%D0%B2%D0%BE%20%D0%BD%D0%B0%D1%80%D1%83%D0%B3%D0%B0%20%D0%BF%D0%BE%D1%80%D0%BD%D0%BE%D0%B3%D1%80%D0%B0%D1%84%D1%96%D1%8F%20%D0%B6%D0%BE%D1%80%D1%81%D1%82%D0%BE%D0%BA%D0%B5%20%D0%BF%D0%BE%D0%B2%D0%BE%D0%B4%D0%B6%D0%B5%D0%BD%D0%BD%D1%8F,https://zakon.rada.gov.ua/laws/show/2341-14#n1303,[],Розділ XII. Кримінальні правопорушення проти громадського порядку та моральності. Шлях: Кримінальне законодавство / Кримінальний кодекс України / Особлива частина / Розділ XII. Кримінальні правопорушення проти громадського порядку та моральності. Код: 250 10 20 120.,,,2026-10-05 18:41:38,2026-10-05 18:41:38
5490,250 10 20 130,250 10 20,4,"Розділ XIII. Кримінальні правопорушення у сфері обігу наркотичних засобів, психотропних речовин, їх аналогів або прекурсорів та інші кримінальні правопорушення проти здоров'я населення","Розділ XIII. Кримінальні правопорушення у сфері обігу наркотичних засобів, психотропних речовин, їх аналогів або прекурсорів та інші кримінальні правопорушення проти здоров'я населення",250 / 250 10 / 250 10 20 / 250 10 20 130,"Кримінальне законодавство / Кримінальний кодекс України / Особлива частина / Розділ XIII. Кримінальні правопорушення у сфері обігу наркотичних засобів, психотропних речовин, їх аналогів або прекурсорів та інші кримінальні правопорушення проти здоров'я населення",0,0,0,0,https://zakon.rada.gov.ua/laws/main/find?find_text=%D0%BD%D0%B0%D1%80%D0%BA%D0%BE%D1%82%D0%B8%D1%87%D0%BD%D1%96%20%D0%B7%D0%B0%D1%81%D0%BE%D0%B1%D0%B8%20%D0%B7%D0%B1%D1%83%D1%82%20%D0%B7%D0%B1%D0%B5%D1%80%D1%96%D0%B3%D0%B0%D0%BD%D0%BD%D1%8F%20%D0%BF%D1%81%D0%B8%D1%85%D0%BE%D1%82%D1%80%D0%BE%D0%BF%D0%BD%D1%96%20%D0%BE%D1%82%D1%80%D1%83%D0%B9%D0%BD%D1%96%20%D1%80%D0%B5%D1%87%D0%BE%D0%B2%D0%B8%D0%BD%D0%B8,https://zakon.rada.gov.ua/laws/show/2341-14#n1356,[],"Розділ XIII. Кримінальні правопорушення у сфері обігу наркотичних засобів, психотропних речовин, їх аналогів або прекурсорів та інші кримінальні правопорушення проти здоров'я населення. Шлях: Кримінальне законодавство / Кримінальний кодекс України / Особлива частина / Розділ XIII. Кримінальні правопорушення у сфері обігу наркотичних засобів, психотропних речовин, їх аналогів або прекурсорів та інші кримінальні правопорушення проти здоров'я населення. Код: 250 10 20 130.",,,2026-10-05 18:41:38,2026-10-05 18:41:38
5491,250 10 20 140,250 10 20,4,"Розділ XIV. Кримінальні правопорушення у сфері охорони державної таємниці, недоторканності державних кордонів, забезпечення призову та мобілізації","Розділ XIV. Кримінальні правопорушення у сфері охорони державної таємниці, недоторканності державних кордонів, забезпечення призову та мобілізації",250 / 250 10 / 250 10 20 / 250 10 20 140,"Кримінальне законодавство / Кримінальний кодекс України / Особлива частина / Розділ XIV. Кримінальні правопорушення у сфері охорони державної таємниці, недоторканності державних кордонів, забезпечення призову та мобілізації",0,0,0,0,https://zakon.rada.gov.ua/laws/main/find?find_text=%D0%B4%D0%B5%D1%80%D0%B6%D0%B0%D0%B2%D0%BD%D0%B0%20%D1%82%D0%B0%D1%94%D0%BC%D0%BD%D0%B8%D1%86%D1%8F%20%D1%83%D1%85%D0%B8%D0%BB%D0%B5%D0%BD%D0%BD%D1%8F%20%D0%B2%D1%96%D0%B4%20%D0%BC%D0%BE%D0%B1%D1%96%D0%BB%D1%96%D0%B7%D0%B0%D1%86%D1%96%D1%97%20%D0%BF%D1%80%D0%B8%D0%B7%D0%BE%D0%B2%D1%83%20%D0%BA%D0%BE%D1%80%D0%B4%D0%BE%D0%BD,https://zakon.rada.gov.ua/laws/show/2341-14#n1457,[],"Розділ XIV. Кримінальні правопорушення у сфері охорони державної таємниці, недоторканності державних кордонів, забезпечення призову та мобілізації. Шлях: Кримінальне законодавство / Кримінальний кодекс України / Особлива частина / Розділ XIV. Кримінальні правопорушення у сфері охорони державної таємниці, недоторканності державних кордонів, забезпечення призову та мобілізації. Код: 250 10 20 140.",,,2026-10-05 18:41:38,2026-10-05 18:41:38
5492,250 10 20 150,250 10 20,4,"Розділ XV. Кримінальні правопорушення проти авторитету органів державної влади, органів місцевого самоврядування, об'єднань громадян та кримінальні правопорушення проти журналістів","Розділ XV. Кримінальні правопорушення проти авторитету органів державної влади, органів місцевого самоврядування, об'єднань громадян та кримінальні правопорушення проти журналістів",250 / 250 10 / 250 10 20 / 250 10 20 150,"Кримінальне законодавство / Кримінальний кодекс України / Особлива частина / Розділ XV. Кримінальні правопорушення проти авторитету органів державної влади, органів місцевого самоврядування, об'єднань громадян та кримінальні правопорушення проти журналістів",0,0,0,0,https://zakon.rada.gov.ua/laws/main/find?find_text=%D0%BE%D0%BF%D1%96%D1%80%20%D0%BF%D1%80%D0%B0%D1%86%D1%96%D0%B2%D0%BD%D0%B8%D0%BA%D0%BE%D0%B2%D1%96%20%D0%BF%D1%80%D0%B0%D0%B2%D0%BE%D0%BE%D1%85%D0%BE%D1%80%D0%BE%D0%BD%D0%BD%D0%BE%D0%B3%D0%BE%20%D0%BE%D1%80%D0%B3%D0%B0%D0%BD%D1%83%20%D0%B6%D1%83%D1%80%D0%BD%D0%B0%D0%BB%D1%96%D1%81%D1%82%20%D0%BF%D1%96%D0%B4%D1%80%D0%BE%D0%B1%D0%BB%D0%B5%D0%BD%D0%BD%D1%8F%20%D0%B4%D0%BE%D0%BA%D1%83%D0%BC%D0%B5%D0%BD%D1%82%D1%96%D0%B2,https://zakon.rada.gov.ua/laws/show/2341-14#n1500,[],"Розділ XV. Кримінальні правопорушення проти авторитету органів державної влади, органів місцевого самоврядування, об'єднань громадян та кримінальні правопорушення проти журналістів. Шлях: Кримінальне законодавство / Кримінальний кодекс України / Особлива частина / Розділ XV. Кримінальні правопорушення проти авторитету органів державної влади, органів місцевого самоврядування, об'єднань громадян та кримінальні правопорушення проти журналістів. Код: 250 10 20 150.",,,2026-10-05 18:41:38,2026-10-05 18:41:38
5493,250 10 20 160,250 10 20,4,"Розділ XVI. Кримінальні правопорушення у сфері використання електронно-обчислювальних машин (комп'ютерів), систем та комп'ютерних мереж і мереж електрозв'язку","Розділ XVI. Кримінальні правопорушення у сфері використання електронно-обчислювальних машин (комп'ютерів), систем та комп'ютерних мереж і мереж електрозв'язку",250 / 250 10 / 250 10 20 / 250 10 20 160,"Кримінальне законодавство / Кримінальний кодекс України / Особлива частина / Розділ XVI. Кримінальні правопорушення у сфері використання електронно-обчислювальних машин (комп'ютерів), систем та комп'ютерних мереж і мереж електрозв'язку",0,0,0,0,https://zakon.rada.gov.ua/laws/main/find?find_text=%D0%BD%D0%B5%D1%81%D0%B0%D0%BD%D0%BA%D1%86%D1%96%D0%BE%D0%BD%D0%BE%D0%B2%D0%B0%D0%BD%D0%B5%20%D0%B2%D1%82%D1%80%D1%83%D1%87%D0%B0%D0%BD%D0%BD%D1%8F%20%D1%88%D0%BA%D1%96%D0%B4%D0%BB%D0%B8%D0%B2%D1%96%20%D0%BF%D1%80%D0%BE%D0%B3%D1%80%D0%B0%D0%BC%D0%B8%20%D0%BA%D1%96%D0%B1%D0%B5%D1%80%D0%B7%D0%BB%D0%BE%D1%87%D0%B8%D0%BD%D0%B8,https://zakon.rada.gov.ua/laws/show/2341-14#n1576,[],"Розділ XVI. Кримінальні правопорушення у сфері використання електронно-обчислювальних машин (комп'ютерів), систем та комп'ютерних мереж і мереж електрозв'язку. Шлях: Кримінальне законодавство / Кримінальний кодекс України / Особлива частина / Розділ XVI. Кримінальні правопорушення у сфері використання електронно-обчислювальних машин (комп'ютерів), систем та комп'ютерних мереж і мереж електрозв'язку. Код: 250 10 20 160.",,,2026-10-05 18:41:38,2026-10-05 18:41:38
5494,250 10 20 170,250 10 20,4,"Розділ XVII. Кримінальні правопорушення у сфері службової діяльності та професійної діяльності, пов'язаної з наданням публічних послуг","Розділ XVII. Кримінальні правопорушення у сфері службової діяльності та професійної діяльності, пов'язаної з наданням публічних послуг",250 / 250 10 / 250 10 20 / 250 10 20 170,"Кримінальне законодавство / Кримінальний кодекс України / Особлива частина / Розділ XVII. Кримінальні правопорушення у сфері службової діяльності та професійної діяльності, пов'язаної з наданням публічних послуг",0,0,0,0,https://zakon.rada.gov.ua/laws/main/find?find_text=%D0%B7%D0%BB%D0%BE%D0%B2%D0%B6%D0%B8%D0%B2%D0%B0%D0%BD%D0%BD%D1%8F%20%D0%B2%D0%BB%D0%B0%D0%B4%D0%BE%D1%8E%20%D0%BD%D0%B5%D0%BF%D1%80%D0%B0%D0%B2%D0%BE%D0%BC%D1%96%D1%80%D0%BD%D0%B0%20%D0%B2%D0%B8%D0%B3%D0%BE%D0%B4%D0%B0%20%D1%85%D0%B0%D0%B1%D0%B0%D1%80%D0%BD%D0%B8%D1%86%D1%82%D0%B2%D0%BE%20%D1%81%D0%BB%D1%83%D0%B6%D0%B1%D0%BE%D0%B2%D0%B0%20%D0%BD%D0%B5%D0%B4%D0%B1%D0%B0%D0%BB%D1%96%D1%81%D1%82%D1%8C,https://zakon.rada.gov.ua/laws/show/2341-14#n1597,[],"Розділ XVII. Кримінальні правопорушення у сфері службової діяльності та професійної діяльності, пов'язаної з наданням публічних послуг. Шлях: Кримінальне законодавство / Кримінальний кодекс України / Особлива частина / Розділ XVII. Кримінальні правопорушення у сфері службової діяльності та професійної діяльності, пов'язаної з наданням публічних послуг. Код: 250 10 20 170.",,,2026-10-05 18:41:38,2026-10-05 18:41:38
5495,250 10 20 180,250 10 20,4,Розділ XVIII. Кримінальні правопорушення проти правосуддя,Розділ XVIII. Кримінальні правопорушення проти правосуддя,250 / 250 10 / 250 10 20 / 250 10 20 180,Кримінальне законодавство / Кримінальний кодекс України / Особлива частина / Розділ XVIII. Кримінальні правопорушення проти правосуддя,0,0,0,0,https://zakon.rada.gov.ua/laws/main/find?find_text=%D0%BD%D0%B5%D0%BF%D1%80%D0%B0%D0%B2%D0%BE%D1%81%D1%83%D0%B4%D0%BD%D0%B5%20%D1%80%D1%96%D1%88%D0%B5%D0%BD%D0%BD%D1%8F%20%D0%B7%D0%B0%D0%B2%D1%96%D0%B4%D0%BE%D0%BC%D0%BE%20%D0%BD%D0%B5%D0%BF%D1%80%D0%B0%D0%B2%D0%B4%D0%B8%D0%B2%D1%96%20%D0%BF%D0%BE%D0%BA%D0%B0%D0%B7%D0%B0%D0%BD%D0%BD%D1%8F%20%D0%BD%D0%B5%D0%B2%D0%B8%D0%BA%D0%BE%D0%BD%D0%B0%D0%BD%D0%BD%D1%8F%20%D1%81%D1%83%D0%B4%D0%BE%D0%B2%D0%BE%D0%B3%D0%BE%20%D1%80%D1%96%D1%88%D0%B5%D0%BD%D0%BD%D1%8F,https://zakon.rada.gov.ua/laws/show/2341-14#n1653,[],Розділ XVIII. Кримінальні правопорушення проти правосуддя. Шлях: Кримінальне законодавство / Кримінальний кодекс України / Особлива частина / Розділ XVIII. Кримінальні правопорушення проти правосуддя. Код: 250 10 20 180.,,,2026-10-05 18:41:38,2026-10-05 18:41:38
5496,250 10 20 190,250 10 20,4,Розділ XIX. Кримінальні правопорушення проти встановленого порядку несення військової служби (військові кримінальні правопорушення),Розділ XIX. Кримінальні правопорушення проти встановленого порядку несення військової служби (військові кримінальні правопорушення),250 / 250 10 / 250 10 20 / 250 10 20 190,Кримінальне законодавство / Кримінальний кодекс України / Особлива частина / Розділ XIX. Кримінальні правопорушення проти встановленого порядку несення військової служби (військові кримінальні правопорушення),0,0,0,0,https://zakon.rada.gov.ua/laws/main/find?find_text=%D0%BD%D0%B5%D0%BF%D0%BE%D0%BA%D0%BE%D1%80%D0%B0%20%D1%81%D0%B0%D0%BC%D0%BE%D0%B2%D1%96%D0%BB%D1%8C%D0%BD%D0%B5%20%D0%B7%D0%B0%D0%BB%D0%B8%D1%88%D0%B5%D0%BD%D0%BD%D1%8F%20%D1%87%D0%B0%D1%81%D1%82%D0%B8%D0%BD%D0%B8%20%D1%81%D0%B7%D1%87%20%D0%B4%D0%B5%D0%B7%D0%B5%D1%80%D1%82%D0%B8%D1%80%D1%81%D1%82%D0%B2%D0%BE%20%D0%BC%D0%B0%D1%80%D0%BE%D0%B4%D0%B5%D1%80%D1%81%D1%82%D0%B2%D0%BE,https://zakon.rada.gov.ua/laws/show/2341-14#n1746,[],Розділ XIX. Кримінальні правопорушення проти встановленого порядку несення військової служби (військові кримінальні правопорушення). Шлях: Кримінальне законодавство / Кримінальний кодекс України / Особлива частина / Розділ XIX. Кримінальні правопорушення проти встановленого порядку несення військової служби (військові кримінальні правопорушення). Код: 250 10 20 190.,,,2026-10-05 18:41:38,2026-10-05 18:41:38
5497,250 10 20 200,250 10 20,4,"Розділ XX. Кримінальні правопорушення проти миру, безпеки людства та міжнародного правопорядку","Розділ XX. Кримінальні правопорушення проти миру, безпеки людства та міжнародного правопорядку",250 / 250 10 / 250 10 20 / 250 10 20 200,"Кримінальне законодавство / Кримінальний кодекс України / Особлива частина / Розділ XX. Кримінальні правопорушення проти миру, безпеки людства та міжнародного правопорядку",0,0,0,0,https://zakon.rada.gov.ua/laws/main/find?find_text=%D0%B0%D0%B3%D1%80%D0%B5%D1%81%D1%96%D1%8F%20%D0%B2%D0%BE%D1%94%D0%BD%D0%BD%D1%96%20%D0%B7%D0%BB%D0%BE%D1%87%D0%B8%D0%BD%D0%B8%20%D0%B5%D0%BA%D0%BE%D1%86%D0%B8%D0%B4%20%D0%BD%D0%B0%D0%B9%D0%BC%D0%B0%D0%BD%D1%81%D1%82%D0%B2%D0%BE%20%D0%B3%D0%B5%D0%BD%D0%BE%D1%86%D0%B8%D0%B4,https://zakon.rada.gov.ua/laws/show/2341-14#n1879,[],"Розділ XX. Кримінальні правопорушення проти миру, безпеки людства та міжнародного правопорядку. Шлях: Кримінальне законодавство / Кримінальний кодекс України / Особлива частина / Розділ XX. Кримінальні правопорушення проти миру, безпеки людства та міжнародного правопорядку. Код: 250 10 20 200.",,,2026-10-05 18:41:38,2026-10-05 18:41:38
5498,250 20,250,2,Кримінальний процесуальний кодекс України,Кримінальний процесуальний кодекс України,250 / 250 20,Кримінальне законодавство / Кримінальний процесуальний кодекс України,1,13,0,0,https://zakon.rada.gov.ua/laws/main/find?find_text=%D0%9A%D1%80%D0%B8%D0%BC%D1%96%D0%BD%D0%B0%D0%BB%D1%8C%D0%BD%D0%B8%D0%B9%20%D0%BF%D1%80%D0%BE%D1%86%D0%B5%D1%81%D1%83%D0%B0%D0%BB%D1%8C%D0%BD%D0%B8%D0%B9%20%D0%BA%D0%BE%D0%B4%D0%B5%D0%BA%D1%81%20%D0%A3%D0%BA%D1%80%D0%B0%D1%97%D0%BD%D0%B8,https://zakon.rada.gov.ua/laws/show/4651-17,[],Кримінальний процесуальний кодекс України. Шлях: Кримінальне законодавство / Кримінальний процесуальний кодекс України. Код: 250 20.,,,2026-10-05 18:41:38,2026-10-05 18:41:38
5499,250 20 10,250 20,3,Розділ I. Загальні положення,Розділ I. Загальні положення,250 / 250 20 / 250 20 10,Кримінальне законодавство / Кримінальний процесуальний кодекс України / Розділ I. Загальні положення,1,9,0,0,https://zakon.rada.gov.ua/laws/main/find?find_text=%D0%BA%D1%80%D0%B8%D0%BC%D1%96%D0%BD%D0%B0%D0%BB%D1%8C%D0%BD%D0%B8%D0%B9%20%D0%BF%D1%80%D0%BE%D1%86%D0%B5%D1%81%D1%83%D0%B0%D0%BB%D1%8C%D0%BD%D0%B8%D0%B9%20%D0%BA%D0%BE%D0%B4%D0%B5%D0%BA%D1%81%20%D0%B7%D0%B0%D1%81%D0%B0%D0%B4%D0%B8%20%D0%BC%D0%BE%D0%B2%D0%B0%20%D0%B4%D0%BE%D0%BA%D0%B0%D0%B7%D0%B8,https://zakon.rada.gov.ua/laws/show/4651-17#n11,[],Розділ I. Загальні положення. Шлях: Кримінальне законодавство / Кримінальний процесуальний кодекс України / Розділ I. Загальні положення. Код: 250 20 10.,,,2026-10-05 18:41:38,2026-10-05 18:41:38
5500,250 20 10 10,250 20 10,4,Глава 1. Кримінальне процесуальне законодавство України та сфера його дії,Глава 1. Кримінальне процесуальне законодавство України та сфера його дії,250 / 250 20 / 250 20 10 / 250 20 10 10,Кримінальне законодавство / Кримінальний процесуальний кодекс України / Розділ I. Загальні положення / Глава 1. Кримінальне процесуальне законодавство України та сфера його дії,0,0,0,0,https://zakon.rada.gov.ua/laws/main/find?find_text=%D0%BA%D1%80%D0%B8%D0%BC%D1%96%D0%BD%D0%B0%D0%BB%D1%8C%D0%BD%D0%B5%20%D0%BF%D1%80%D0%BE%D1%86%D0%B5%D1%81%D1%83%D0%B0%D0%BB%D1%8C%D0%BD%D0%B5%20%D0%B7%D0%B0%D0%BA%D0%BE%D0%BD%D0%BE%D0%B4%D0%B0%D0%B2%D1%81%D1%82%D0%B2%D0%BE%20%D1%81%D1%84%D0%B5%D1%80%D0%B0%20%D0%B4%D1%96%D1%97%20%D1%87%D0%B8%D0%BD%D0%BD%D1%96%D1%81%D1%82%D1%8C,https://zakon.rada.gov.ua/laws/show/4651-17,[],Глава 1. Кримінальне процесуальне законодавство України та сфера його дії. Шлях: Кримінальне законодавство / Кримінальний процесуальний кодекс України / Розділ I. Загальні положення / Глава 1. Кримінальне процесуальне законодавство України та сфера його дії. Код: 250 20 10 10.,,,2026-10-05 18:41:38,2026-10-05 18:41:38
5501,250 20 10 20,250 20 10,4,Глава 2. Засади кримінального провадження,Глава 2. Засади кримінального провадження,250 / 250 20 / 250 20 10 / 250 20 10 20,Кримінальне законодавство / Кримінальний процесуальний кодекс України / Розділ I. Загальні положення / Глава 2. Засади кримінального провадження,0,0,0,0,https://zakon.rada.gov.ua/laws/main/find?find_text=%D0%B7%D0%B0%D1%81%D0%B0%D0%B4%D0%B8%20%D0%BA%D1%80%D0%B8%D0%BC%D1%96%D0%BD%D0%B0%D0%BB%D1%8C%D0%BD%D0%BE%D0%B3%D0%BE%20%D0%BF%D1%80%D0%BE%D0%B2%D0%B0%D0%B4%D0%B6%D0%B5%D0%BD%D0%BD%D1%8F%20%D0%B2%D0%B5%D1%80%D1%85%D0%BE%D0%B2%D0%B5%D0%BD%D1%81%D1%82%D0%B2%D0%BE%20%D0%BF%D1%80%D0%B0%D0%B2%D0%B0%20%D0%BF%D1%80%D0%B5%D0%B7%D1%83%D0%BC%D0%BF%D1%86%D1%96%D1%8F%20%D0%BD%D0%B5%D0%B2%D0%B8%D0%BD%D1%83%D0%B2%D0%B0%D1%82%D0%BE%D1%81%D1%82%D1%96,https://zakon.rada.gov.ua/laws/show/4651-17,[],Глава 2. Засади кримінального провадження. Шлях: Кримінальне законодавство / Кримінальний процесуальний кодекс України / Розділ I. Загальні положення / Глава 2. Засади кримінального провадження. Код: 250 20 10 20.,,,2026-10-05 18:41:38,2026-10-05 18:41:38
5502,250 20 10 30,250 20 10,4,"Глава 3. Суд, сторони та інші учасники кримінального провадження","Глава 3. Суд, сторони та інші учасники кримінального провадження",250 / 250 20 / 250 20 10 / 250 20 10 30,"Кримінальне законодавство / Кримінальний процесуальний кодекс України / Розділ I. Загальні положення / Глава 3. Суд, сторони та інші учасники кримінального провадження",1,6,0,0,https://zakon.rada.gov.ua/laws/main/find?find_text=%D1%81%D1%83%D0%B4%20%D1%81%D1%82%D0%BE%D1%80%D0%BE%D0%BD%D0%B8%20%D1%83%D1%87%D0%B0%D1%81%D0%BD%D0%B8%D0%BA%D0%B8%20%D0%BA%D1%80%D0%B8%D0%BC%D1%96%D0%BD%D0%B0%D0%BB%D1%8C%D0%BD%D0%BE%D0%B3%D0%BE%20%D0%BF%D1%80%D0%BE%D0%B2%D0%B0%D0%B4%D0%B6%D0%B5%D0%BD%D0%BD%D1%8F%20%D0%BF%D1%96%D0%B4%D1%81%D1%83%D0%B4%D0%BD%D1%96%D1%81%D1%82%D1%8C%20%D0%B2%D1%96%D0%B4%D0%B2%D0%BE%D0%B4%D0%B8,https://zakon.rada.gov.ua/laws/show/4651-17,[],"Глава 3. Суд, сторони та інші учасники кримінального провадження. Шлях: Кримінальне законодавство / Кримінальний процесуальний кодекс України / Розділ I. Загальні положення / Глава 3. Суд, сторони та інші учасники кримінального провадження. Код: 250 20 10 30.",,,2026-10-05 18:41:38,2026-10-05 18:41:38
5503,250 20 10 30 10,250 20 10 30,5,§ 1. Суд і підсудність,§ 1. Суд і підсудність,250 / 250 20 / 250 20 10 / 250 20 10 30 / 250 20 10 30 10,"Кримінальне законодавство / Кримінальний процесуальний кодекс України / Розділ I. Загальні положення / Глава 3. Суд, сторони та інші учасники кримінального провадження / § 1. Суд і підсудність",0,0,0,0,https://zakon.rada.gov.ua/laws/main/find?find_text=%D1%81%D1%83%D0%B4%20%D1%96%20%D0%BF%D1%96%D0%B4%D1%81%D1%83%D0%B4%D0%BD%D1%96%D1%81%D1%82%D1%8C%20%D1%82%D0%B5%D1%80%D0%B8%D1%82%D0%BE%D1%80%D1%96%D0%B0%D0%BB%D1%8C%D0%BD%D0%B0%20%D1%96%D0%BD%D1%81%D1%82%D0%B0%D0%BD%D1%86%D1%96%D0%B9%D0%BD%D0%B0%20%D0%BF%D1%96%D0%B4%D1%81%D1%83%D0%B4%D0%BD%D1%96%D1%81%D1%82%D1%8C,https://zakon.rada.gov.ua/laws/show/4651-17,[],"§ 1. Суд і підсудність. Шлях: Кримінальне законодавство / Кримінальний процесуальний кодекс України / Розділ I. Загальні положення / Глава 3. Суд, сторони та інші учасники кримінального провадження / § 1. Суд і підсудність. Код: 250 20 10 30 10.",,,2026-10-05 18:41:38,2026-10-05 18:41:38
5504,250 20 10 30 20,250 20 10 30,5,§ 2. Сторона обвинувачення,§ 2. Сторона обвинувачення,250 / 250 20 / 250 20 10 / 250 20 10 30 / 250 20 10 30 20,"Кримінальне законодавство / Кримінальний процесуальний кодекс України / Розділ I. Загальні положення / Глава 3. Суд, сторони та інші учасники кримінального провадження / § 2. Сторона обвинувачення",0,0,0,0,https://zakon.rada.gov.ua/laws/main/find?find_text=%D1%81%D1%82%D0%BE%D1%80%D0%BE%D0%BD%D0%B0%20%D0%BE%D0%B1%D0%B2%D0%B8%D0%BD%D1%83%D0%B2%D0%B0%D1%87%D0%B5%D0%BD%D0%BD%D1%8F%20%D0%BF%D1%80%D0%BE%D0%BA%D1%83%D1%80%D0%BE%D1%80%20%D1%81%D0%BB%D1%96%D0%B4%D1%87%D0%B8%D0%B9%20%D0%B4%D1%96%D0%B7%D0%BD%D0%B0%D0%B2%D0%B0%D1%87%20%D0%BA%D0%B5%D1%80%D1%96%D0%B2%D0%BD%D0%B8%D0%BA%20%D0%BE%D1%80%D0%B3%D0%B0%D0%BD%D1%83,https://zakon.rada.gov.ua/laws/show/4651-17,[],"§ 2. Сторона обвинувачення. Шлях: Кримінальне законодавство / Кримінальний процесуальний кодекс України / Розділ I. Загальні положення / Глава 3. Суд, сторони та інші учасники кримінального провадження / § 2. Сторона обвинувачення. Код: 250 20 10 30 20.",,,2026-10-05 18:41:38,2026-10-05 18:41:38
5505,250 20 10 30 30,250 20 10 30,5,§ 3. Сторона захисту,§ 3. Сторона захисту,250 / 250 20 / 250 20 10 / 250 20 10 30 / 250 20 10 30 30,"Кримінальне законодавство / Кримінальний процесуальний кодекс України / Розділ I. Загальні положення / Глава 3. Суд, сторони та інші учасники кримінального провадження / § 3. Сторона захисту",0,0,0,0,https://zakon.rada.gov.ua/laws/main/find?find_text=%D1%81%D1%82%D0%BE%D1%80%D0%BE%D0%BD%D0%B0%20%D0%B7%D0%B0%D1%85%D0%B8%D1%81%D1%82%D1%83%20%D0%BF%D1%96%D0%B4%D0%BE%D0%B7%D1%80%D1%8E%D0%B2%D0%B0%D0%BD%D0%B8%D0%B9%20%D0%BE%D0%B1%D0%B2%D0%B8%D0%BD%D1%83%D0%B2%D0%B0%D1%87%D0%B5%D0%BD%D0%B8%D0%B9%20%D0%B7%D0%B0%D1%85%D0%B8%D1%81%D0%BD%D0%B8%D0%BA%20%D0%B7%D0%B0%D0%BA%D0%BE%D0%BD%D0%BD%D0%B8%D0%B9%20%D0%BF%D1%80%D0%B5%D0%B4%D1%81%D1%82%D0%B0%D0%B2%D0%BD%D0%B8%D0%BA,https://zakon.rada.gov.ua/laws/show/4651-17,[],"§ 3. Сторона захисту. Шлях: Кримінальне законодавство / Кримінальний процесуальний кодекс України / Розділ I. Загальні положення / Глава 3. Суд, сторони та інші учасники кримінального провадження / § 3. Сторона захисту. Код: 250 20 10 30 30.",,,2026-10-05 18:41:38,2026-10-05 18:41:38
5506,250 20 10 30 40,250 20 10 30,5,§ 4. Потерпілий і його представник,§ 4. Потерпілий і його представник,250 / 250 20 / 250 20 10 / 250 20 10 30 / 250 20 10 30 40,"Кримінальне законодавство / Кримінальний процесуальний кодекс України / Розділ I. Загальні положення / Глава 3. Суд, сторони та інші учасники кримінального провадження / § 4. Потерпілий і його представник",0,0,0,0,https://zakon.rada.gov.ua/laws/main/find?find_text=%D0%BF%D0%BE%D1%82%D0%B5%D1%80%D0%BF%D1%96%D0%BB%D0%B8%D0%B9%20%D0%BF%D1%80%D0%B0%D0%B2%D0%B0%20%D0%BE%D0%B1%D0%BE%D0%B2%27%D1%8F%D0%B7%D0%BA%D0%B8%20%D0%BF%D1%80%D0%B5%D0%B4%D1%81%D1%82%D0%B0%D0%B2%D0%BD%D0%B8%D0%BA%20%D0%BF%D0%BE%D1%82%D0%B5%D1%80%D0%BF%D1%96%D0%BB%D0%BE%D0%B3%D0%BE,https://zakon.rada.gov.ua/laws/show/4651-17,[],"§ 4. Потерпілий і його представник. Шлях: Кримінальне законодавство / Кримінальний процесуальний кодекс України / Розділ I. Загальні положення / Глава 3. Суд, сторони та інші учасники кримінального провадження / § 4. Потерпілий і його представник. Код: 250 20 10 30 40.",,,2026-10-05 18:41:38,2026-10-05 18:41:38
5507,250 20 10 30 50,250 20 10 30,5,§ 5. Інші учасники кримінального провадження,§ 5. Інші учасники кримінального провадження,250 / 250 20 / 250 20 10 / 250 20 10 30 / 250 20 10 30 50,"Кримінальне законодавство / Кримінальний процесуальний кодекс України / Розділ I. Загальні положення / Глава 3. Суд, сторони та інші учасники кримінального провадження / § 5. Інші учасники кримінального провадження",0,0,0,0,https://zakon.rada.gov.ua/laws/main/find?find_text=%D1%96%D0%BD%D1%88%D1%96%20%D1%83%D1%87%D0%B0%D1%81%D0%BD%D0%B8%D0%BA%D0%B8%20%D1%81%D0%B2%D1%96%D0%B4%D0%BE%D0%BA%20%D0%BF%D0%B5%D1%80%D0%B5%D0%BA%D0%BB%D0%B0%D0%B4%D0%B0%D1%87%20%D0%B5%D0%BA%D1%81%D0%BF%D0%B5%D1%80%D1%82%20%D1%81%D0%BF%D0%B5%D1%86%D1%96%D0%B0%D0%BB%D1%96%D1%81%D1%82%20%D1%81%D0%B5%D0%BA%D1%80%D0%B5%D1%82%D0%B0%D1%80%20%D1%81%D1%83%D0%B4%D0%BE%D0%B2%D0%BE%D0%B3%D0%BE%20%D0%B7%D0%B0%D1%81%D1%96%D0%B4%D0%B0%D0%BD%D0%BD%D1%8F,https://zakon.rada.gov.ua/laws/show/4651-17,[],"§ 5. Інші учасники кримінального провадження. Шлях: Кримінальне законодавство / Кримінальний процесуальний кодекс України / Розділ I. Загальні положення / Глава 3. Суд, сторони та інші учасники кримінального провадження / § 5. Інші учасники кримінального провадження. Код: 250 20 10 30 50.",,,2026-10-05 18:41:38,2026-10-05 18:41:38
5508,250 20 10 30 60,250 20 10 30,5,§ 6. Відводи,§ 6. Відводи,250 / 250 20 / 250 20 10 / 250 20 10 30 / 250 20 10 30 60,"Кримінальне законодавство / Кримінальний процесуальний кодекс України / Розділ I. Загальні положення / Глава 3. Суд, сторони та інші учасники кримінального провадження / § 6. Відводи",0,0,0,0,https://zakon.rada.gov.ua/laws/main/find?find_text=%D0%B2%D1%96%D0%B4%D0%B2%D1%96%D0%B4%20%D1%81%D1%83%D0%B4%D0%B4%D1%96%20%D1%81%D0%BB%D1%96%D0%B4%D1%87%D0%BE%D0%B3%D0%BE%20%D1%81%D1%83%D0%B4%D0%B4%D1%96%20%D0%BF%D1%80%D0%BE%D0%BA%D1%83%D1%80%D0%BE%D1%80%D0%B0%20%D1%81%D0%BB%D1%96%D0%B4%D1%87%D0%BE%D0%B3%D0%BE%20%D1%81%D0%B0%D0%BC%D0%BE%D0%B2%D1%96%D0%B4%D0%B2%D1%96%D0%B4,https://zakon.rada.gov.ua/laws/show/4651-17,[],"§ 6. Відводи. Шлях: Кримінальне законодавство / Кримінальний процесуальний кодекс України / Розділ I. Загальні положення / Глава 3. Суд, сторони та інші учасники кримінального провадження / § 6. Відводи. Код: 250 20 10 30 60.",,,2026-10-05 18:41:38,2026-10-05 18:41:38
5509,250 20 10 40,250 20 10,4,Глава 4. Докази і доказування,Глава 4. Докази і доказування,250 / 250 20 / 250 20 10 / 250 20 10 40,Кримінальне законодавство / Кримінальний процесуальний кодекс України / Розділ I. Загальні положення / Глава 4. Докази і доказування,1,5,0,0,https://zakon.rada.gov.ua/laws/main/find?find_text=%D0%B4%D0%BE%D0%BA%D0%B0%D0%B7%D0%B8%20%D1%96%20%D0%B4%D0%BE%D0%BA%D0%B0%D0%B7%D1%83%D0%B2%D0%B0%D0%BD%D0%BD%D1%8F%20%D0%BA%D1%80%D0%B8%D0%BC%D1%96%D0%BD%D0%B0%D0%BB%D1%8C%D0%BD%D0%B8%D0%B9%20%D0%BF%D1%80%D0%BE%D1%86%D0%B5%D1%81,https://zakon.rada.gov.ua/laws/show/4651-17,[],Глава 4. Докази і доказування. Шлях: Кримінальне законодавство / Кримінальний процесуальний кодекс України / Розділ I. Загальні положення / Глава 4. Докази і доказування. Код: 250 20 10 40.,,,2026-10-05 18:41:38,2026-10-05 18:41:38
5510,250 20 10 40 10,250 20 10 40,5,"§ 1. Поняття доказів, належність та допустимість при визнанні відомостей доказами","§ 1. Поняття доказів, належність та допустимість при визнанні відомостей доказами",250 / 250 20 / 250 20 10 / 250 20 10 40 / 250 20 10 40 10,"Кримінальне законодавство / Кримінальний процесуальний кодекс України / Розділ I. Загальні положення / Глава 4. Докази і доказування / § 1. Поняття доказів, належність та допустимість при визнанні відомостей доказами",0,0,0,0,https://zakon.rada.gov.ua/laws/main/find?find_text=%D0%BF%D0%BE%D0%BD%D1%8F%D1%82%D1%82%D1%8F%20%D0%B4%D0%BE%D0%BA%D0%B0%D0%B7%D1%96%D0%B2%20%D0%BD%D0%B0%D0%BB%D0%B5%D0%B6%D0%BD%D1%96%D1%81%D1%82%D1%8C%20%D0%B4%D0%BE%D0%BF%D1%83%D1%81%D1%82%D0%B8%D0%BC%D1%96%D1%81%D1%82%D1%8C%20%D0%BD%D0%B5%D0%B4%D0%BE%D0%BF%D1%83%D1%81%D1%82%D0%B8%D0%BC%D1%96%20%D0%B4%D0%BE%D0%BA%D0%B0%D0%B7%D0%B8,https://zakon.rada.gov.ua/laws/show/4651-17,[],"§ 1. Поняття доказів, належність та допустимість при визнанні відомостей доказами. Шлях: Кримінальне законодавство / Кримінальний процесуальний кодекс України / Розділ I. Загальні положення / Глава 4. Докази і доказування / § 1. Поняття доказів, належність та допустимість при визнанні відомостей доказами. Код: 250 20 10 40 10.",,,2026-10-05 18:41:38,2026-10-05 18:41:38
5511,250 20 10 40 20,250 20 10 40,5,§ 2. Доказування,§ 2. Доказування,250 / 250 20 / 250 20 10 / 250 20 10 40 / 250 20 10 40 20,Кримінальне законодавство / Кримінальний процесуальний кодекс України / Розділ I. Загальні положення / Глава 4. Докази і доказування / § 2. Доказування,0,0,0,0,https://zakon.rada.gov.ua/laws/main/find?find_text=%D0%BE%D0%B1%D0%BE%D0%B2%27%D1%8F%D0%B7%D0%BE%D0%BA%20%D0%B4%D0%BE%D0%BA%D0%B0%D0%B7%D1%83%D0%B2%D0%B0%D0%BD%D0%BD%D1%8F%20%D0%B7%D0%B1%D0%B8%D1%80%D0%B0%D0%BD%D0%BD%D1%8F%20%D0%BE%D1%86%D1%96%D0%BD%D0%BA%D0%B0%20%D0%B4%D0%BE%D0%BA%D0%B0%D0%B7%D1%96%D0%B2,https://zakon.rada.gov.ua/laws/show/4651-17,[],§ 2. Доказування. Шлях: Кримінальне законодавство / Кримінальний процесуальний кодекс України / Розділ I. Загальні положення / Глава 4. Докази і доказування / § 2. Доказування. Код: 250 20 10 40 20.,,,2026-10-05 18:41:38,2026-10-05 18:41:38
5512,250 20 10 40 30,250 20 10 40,5,§ 3. Показання,§ 3. Показання,250 / 250 20 / 250 20 10 / 250 20 10 40 / 250 20 10 40 30,Кримінальне законодавство / Кримінальний процесуальний кодекс України / Розділ I. Загальні положення / Глава 4. Докази і доказування / § 3. Показання,0,0,0,0,https://zakon.rada.gov.ua/laws/main/find?find_text=%D0%BF%D0%BE%D0%BA%D0%B0%D0%B7%D0%B0%D0%BD%D0%BD%D1%8F%20%D1%81%D0%B2%D1%96%D0%B4%D0%BA%D0%B0%20%D0%BF%D1%96%D0%B4%D0%BE%D0%B7%D1%80%D1%8E%D0%B2%D0%B0%D0%BD%D0%BE%D0%B3%D0%BE%20%D0%BF%D0%BE%D0%BA%D0%B0%D0%B7%D0%B0%D0%BD%D0%BD%D1%8F%20%D0%B7%20%D1%87%D1%83%D0%B6%D0%B8%D1%85%20%D1%81%D0%BB%D1%96%D0%B2,https://zakon.rada.gov.ua/laws/show/4651-17,[],§ 3. Показання. Шлях: Кримінальне законодавство / Кримінальний процесуальний кодекс України / Розділ I. Загальні положення / Глава 4. Докази і доказування / § 3. Показання. Код: 250 20 10 40 30.,,,2026-10-05 18:41:38,2026-10-05 18:41:38
5513,250 20 10 40 40,250 20 10 40,5,§ 4. Речові докази і документи,§ 4. Речові докази і документи,250 / 250 20 / 250 20 10 / 250 20 10 40 / 250 20 10 40 40,Кримінальне законодавство / Кримінальний процесуальний кодекс України / Розділ I. Загальні положення / Глава 4. Докази і доказування / § 4. Речові докази і документи,0,0,0,0,https://zakon.rada.gov.ua/laws/main/find?find_text=%D1%80%D0%B5%D1%87%D0%BE%D0%B2%D1%96%20%D0%B4%D0%BE%D0%BA%D0%B0%D0%B7%D0%B8%20%D0%B4%D0%BE%D0%BA%D1%83%D0%BC%D0%B5%D0%BD%D1%82%D0%B8%20%D0%B7%D0%B1%D0%B5%D1%80%D1%96%D0%B3%D0%B0%D0%BD%D0%BD%D1%8F%20%D1%80%D0%B5%D1%87%D0%BE%D0%B2%D0%B8%D1%85%20%D0%B4%D0%BE%D0%BA%D0%B0%D0%B7%D1%96%D0%B2,https://zakon.rada.gov.ua/laws/show/4651-17,[],§ 4. Речові докази і документи. Шлях: Кримінальне законодавство / Кримінальний процесуальний кодекс України / Розділ I. Загальні положення / Глава 4. Докази і доказування / § 4. Речові докази і документи. Код: 250 20 10 40 40.,,,2026-10-05 18:41:38,2026-10-05 18:41:38
5514,250 20 10 40 50,250 20 10 40,5,§ 5. Висновок експерта,§ 5. Висновок експерта,250 / 250 20 / 250 20 10 / 250 20 10 40 / 250 20 10 40 50,Кримінальне законодавство / Кримінальний процесуальний кодекс України / Розділ I. Загальні положення / Глава 4. Докази і доказування / § 5. Висновок експерта,0,0,0,0,https://zakon.rada.gov.ua/laws/main/find?find_text=%D0%B2%D0%B8%D1%81%D0%BD%D0%BE%D0%B2%D0%BE%D0%BA%20%D0%B5%D0%BA%D1%81%D0%BF%D0%B5%D1%80%D1%82%D0%B0%20%D0%B5%D0%BA%D1%81%D0%BF%D0%B5%D1%80%D1%82%D0%B8%D0%B7%D0%B0%20%D0%BA%D1%80%D0%B8%D0%BC%D1%96%D0%BD%D0%B0%D0%BB%D1%8C%D0%BD%D0%B5%20%D0%BF%D1%80%D0%BE%D0%B2%D0%B0%D0%B4%D0%B6%D0%B5%D0%BD%D0%BD%D1%8F,https://zakon.rada.gov.ua/laws/show/4651-17,[],§ 5. Висновок експерта. Шлях: Кримінальне законодавство / Кримінальний процесуальний кодекс України / Розділ I. Загальні положення / Глава 4. Докази і доказування / § 5. Висновок експерта. Код: 250 20 10 40 50.,,,2026-10-05 18:41:38,2026-10-05 18:41:38
5515,250 20 10 50,250 20 10,4,Глава 5. Фіксування кримінального провадження. Процесуальні рішення,Глава 5. Фіксування кримінального провадження. Процесуальні рішення,250 / 250 20 / 250 20 10 / 250 20 10 50,Кримінальне законодавство / Кримінальний процесуальний кодекс України / Розділ I. Загальні положення / Глава 5. Фіксування кримінального провадження. Процесуальні рішення,0,0,0,0,https://zakon.rada.gov.ua/laws/main/find?find_text=%D1%84%D1%96%D0%BA%D1%81%D1%83%D0%B2%D0%B0%D0%BD%D0%BD%D1%8F%20%D0%BA%D1%80%D0%B8%D0%BC%D1%96%D0%BD%D0%B0%D0%BB%D1%8C%D0%BD%D0%BE%D0%B3%D0%BE%20%D0%BF%D1%80%D0%BE%D0%B2%D0%B0%D0%B4%D0%B6%D0%B5%D0%BD%D0%BD%D1%8F%20%D0%BF%D1%80%D0%BE%D1%82%D0%BE%D0%BA%D0%BE%D0%BB%20%D0%BF%D1%80%D0%BE%D1%86%D0%B5%D1%81%D1%83%D0%B0%D0%BB%D1%8C%D0%BD%D1%96%20%D1%80%D1%96%D1%88%D0%B5%D0%BD%D0%BD%D1%8F%20%D1%83%D1%85%D0%B2%D0%B0%D0%BB%D0%B0%20%D0%BF%D0%BE%D1%81%D1%82%D0%B0%D0%BD%D0%BE%D0%B2%D0%B0,https://zakon.rada.gov.ua/laws/show/4651-17,[],Глава 5. Фіксування кримінального провадження. Процесуальні рішення. Шлях: Кримінальне законодавство / Кримінальний процесуальний кодекс України / Розділ I. Загальні положення / Глава 5. Фіксування кримінального провадження. Процесуальні рішення. Код: 250 20 10 50.,,,2026-10-05 18:41:38,2026-10-05 18:41:38
5516,250 20 10 60,250 20 10,4,Глава 6. Повідомлення,Глава 6. Повідомлення,250 / 250 20 / 250 20 10 / 250 20 10 60,Кримінальне законодавство / Кримінальний процесуальний кодекс України / Розділ I. Загальні положення / Глава 6. Повідомлення,0,0,0,0,https://zakon.rada.gov.ua/laws/main/find?find_text=%D0%BF%D0%BE%D0%B2%D1%96%D0%B4%D0%BE%D0%BC%D0%BB%D0%B5%D0%BD%D0%BD%D1%8F%20%D1%83%20%D0%BA%D1%80%D0%B8%D0%BC%D1%96%D0%BD%D0%B0%D0%BB%D1%8C%D0%BD%D0%BE%D0%BC%D1%83%20%D0%BF%D1%80%D0%BE%D0%B2%D0%B0%D0%B4%D0%B6%D0%B5%D0%BD%D0%BD%D1%96%20%D0%B2%D0%B8%D0%BA%D0%BB%D0%B8%D0%BA,https://zakon.rada.gov.ua/laws/show/4651-17,[],Глава 6. Повідомлення. Шлях: Кримінальне законодавство / Кримінальний процесуальний кодекс України / Розділ I. Загальні положення / Глава 6. Повідомлення. Код: 250 20 10 60.,,,2026-10-05 18:41:38,2026-10-05 18:41:38
5517,250 20 10 70,250 20 10,4,Глава 7. Процесуальні строки,Глава 7. Процесуальні строки,250 / 250 20 / 250 20 10 / 250 20 10 70,Кримінальне законодавство / Кримінальний процесуальний кодекс України / Розділ I. Загальні положення / Глава 7. Процесуальні строки,0,0,0,0,https://zakon.rada.gov.ua/laws/main/find?find_text=%D0%BF%D1%80%D0%BE%D1%86%D0%B5%D1%81%D1%83%D0%B0%D0%BB%D1%8C%D0%BD%D1%96%20%D1%81%D1%82%D1%80%D0%BE%D0%BA%D0%B8%20%D0%BE%D0%B1%D1%87%D0%B8%D1%81%D0%BB%D0%B5%D0%BD%D0%BD%D1%8F%20%D0%BF%D0%BE%D0%BD%D0%BE%D0%B2%D0%BB%D0%B5%D0%BD%D0%BD%D1%8F%20%D1%81%D1%82%D1%80%D0%BE%D0%BA%D1%96%D0%B2,https://zakon.rada.gov.ua/laws/show/4651-17,[],Глава 7. Процесуальні строки. Шлях: Кримінальне законодавство / Кримінальний процесуальний кодекс України / Розділ I. Загальні положення / Глава 7. Процесуальні строки. Код: 250 20 10 70.,,,2026-10-05 18:41:38,2026-10-05 18:41:38
5518,250 20 10 80,250 20 10,4,Глава 8. Процесуальні витрати,Глава 8. Процесуальні витрати,250 / 250 20 / 250 20 10 / 250 20 10 80,Кримінальне законодавство / Кримінальний процесуальний кодекс України / Розділ I. Загальні положення / Глава 8. Процесуальні витрати,0,0,0,0,https://zakon.rada.gov.ua/laws/main/find?find_text=%D0%BF%D1%80%D0%BE%D1%86%D0%B5%D1%81%D1%83%D0%B0%D0%BB%D1%8C%D0%BD%D1%96%20%D0%B2%D0%B8%D1%82%D1%80%D0%B0%D1%82%D0%B8%20%D0%BF%D1%80%D0%B0%D0%B2%D0%BE%D0%B2%D0%B0%20%D0%B4%D0%BE%D0%BF%D0%BE%D0%BC%D0%BE%D0%B3%D0%B0%20%D1%80%D0%BE%D0%B7%D0%BF%D0%BE%D0%B4%D1%96%D0%BB%20%D0%B2%D0%B8%D1%82%D1%80%D0%B0%D1%82,https://zakon.rada.gov.ua/laws/show/4651-17,[],Глава 8. Процесуальні витрати. Шлях: Кримінальне законодавство / Кримінальний процесуальний кодекс України / Розділ I. Загальні положення / Глава 8. Процесуальні витрати. Код: 250 20 10 80.,,,2026-10-05 18:41:38,2026-10-05 18:41:38
5519,250 20 10 90,250 20 10,4,"Глава 9. Відшкодування (компенсація) шкоди у кримінальному провадженні, цивільний позов, виплата винагороди викривачу","Глава 9. Відшкодування (компенсація) шкоди у кримінальному провадженні, цивільний позов, виплата винагороди викривачу",250 / 250 20 / 250 20 10 / 250 20 10 90,"Кримінальне законодавство / Кримінальний процесуальний кодекс України / Розділ I. Загальні положення / Глава 9. Відшкодування (компенсація) шкоди у кримінальному провадженні, цивільний позов, виплата винагороди викривачу",0,0,0,0,https://zakon.rada.gov.ua/laws/main/find?find_text=%D0%B2%D1%96%D0%B4%D1%88%D0%BA%D0%BE%D0%B4%D1%83%D0%B2%D0%B0%D0%BD%D0%BD%D1%8F%20%D1%88%D0%BA%D0%BE%D0%B4%D0%B8%20%D1%86%D0%B8%D0%B2%D1%96%D0%BB%D1%8C%D0%BD%D0%B8%D0%B9%20%D0%BF%D0%BE%D0%B7%D0%BE%D0%B2%20%D0%B2%D0%B8%D0%BF%D0%BB%D0%B0%D1%82%D0%B0%20%D0%B2%D0%B8%D0%BD%D0%B0%D0%B3%D0%BE%D1%80%D0%BE%D0%B4%D0%B8%20%D0%B2%D0%B8%D0%BA%D1%80%D0%B8%D0%B2%D0%B0%D1%87%D1%83,https://zakon.rada.gov.ua/laws/show/4651-17,[],"Глава 9. Відшкодування (компенсація) шкоди у кримінальному провадженні, цивільний позов, виплата винагороди викривачу. Шлях: Кримінальне законодавство / Кримінальний процесуальний кодекс України / Розділ I. Загальні положення / Глава 9. Відшкодування (компенсація) шкоди у кримінальному провадженні, цивільний позов, виплата винагороди викривачу. Код: 250 20 10 90.",,,2026-10-05 18:41:38,2026-10-05 18:41:38
5520,250 20 20,250 20,3,Розділ II. Заходи забезпечення кримінального провадження,Розділ II. Заходи забезпечення кримінального провадження,250 / 250 20 / 250 20 20,Кримінальне законодавство / Кримінальний процесуальний кодекс України / Розділ II. Заходи забезпечення кримінального провадження,1,9,0,0,https://zakon.rada.gov.ua/laws/main/find?find_text=%D0%B7%D0%B0%D0%BF%D0%BE%D0%B1%D1%96%D0%B6%D0%BD%D1%96%20%D0%B7%D0%B0%D1%85%D0%BE%D0%B4%D0%B8%20%D1%82%D1%80%D0%B8%D0%BC%D0%B0%D0%BD%D0%BD%D1%8F%20%D0%BF%D1%96%D0%B4%20%D0%B2%D0%B0%D1%80%D1%82%D0%BE%D1%8E%20%D0%B0%D1%80%D0%B5%D1%88%D1%82%20%D0%BC%D0%B0%D0%B9%D0%BD%D0%B0%20%D0%B7%D0%B0%D1%81%D1%82%D0%B0%D0%B2%D0%B0%20%D1%82%D0%B8%D0%BC%D1%87%D0%B0%D1%81%D0%BE%D0%B2%D0%B8%D0%B9%20%D0%B4%D0%BE%D1%81%D1%82%D1%83%D0%BF,https://zakon.rada.gov.ua/laws/show/4651-17#n578,[],Розділ II. Заходи забезпечення кримінального провадження. Шлях: Кримінальне законодавство / Кримінальний процесуальний кодекс України / Розділ II. Заходи забезпечення кримінального провадження. Код: 250 20 20.,,,2026-10-05 18:41:38,2026-10-05 18:41:38
5521,250 20 20 10,250 20 20,4,Глава 10. Заходи забезпечення кримінального провадження і підстави їх застосування,Глава 10. Заходи забезпечення кримінального провадження і підстави їх застосування,250 / 250 20 / 250 20 20 / 250 20 20 10,Кримінальне законодавство / Кримінальний процесуальний кодекс України / Розділ II. Заходи забезпечення кримінального провадження / Глава 10. Заходи забезпечення кримінального провадження і підстави їх застосування,0,0,0,0,https://zakon.rada.gov.ua/laws/main/find?find_text=%D0%B7%D0%B0%D1%85%D0%BE%D0%B4%D0%B8%20%D0%B7%D0%B0%D0%B1%D0%B5%D0%B7%D0%BF%D0%B5%D1%87%D0%B5%D0%BD%D0%BD%D1%8F%20%D0%BA%D1%80%D0%B8%D0%BC%D1%96%D0%BD%D0%B0%D0%BB%D1%8C%D0%BD%D0%BE%D0%B3%D0%BE%20%D0%BF%D1%80%D0%BE%D0%B2%D0%B0%D0%B4%D0%B6%D0%B5%D0%BD%D0%BD%D1%8F%20%D0%BF%D1%96%D0%B4%D1%81%D1%82%D0%B0%D0%B2%D0%B8%20%D0%B7%D0%B0%D1%81%D1%82%D0%BE%D1%81%D1%83%D0%B2%D0%B0%D0%BD%D0%BD%D1%8F,https://zakon.rada.gov.ua/laws/show/4651-17,[],Глава 10. Заходи забезпечення кримінального провадження і підстави їх застосування. Шлях: Кримінальне законодавство / Кримінальний процесуальний кодекс України / Розділ II. Заходи забезпечення кримінального провадження / Глава 10. Заходи забезпечення кримінального провадження і підстави їх застосування. Код: 250 20 20 10.,,,2026-10-05 18:41:38,2026-10-05 18:41:38
5522,250 20 20 20,250 20 20,4,"Глава 11. Виклик слідчим, прокурором, судовий виклик і привід","Глава 11. Виклик слідчим, прокурором, судовий виклик і привід",250 / 250 20 / 250 20 20 / 250 20 20 20,"Кримінальне законодавство / Кримінальний процесуальний кодекс України / Розділ II. Заходи забезпечення кримінального провадження / Глава 11. Виклик слідчим, прокурором, судовий виклик і привід",0,0,0,0,https://zakon.rada.gov.ua/laws/main/find?find_text=%D0%B2%D0%B8%D0%BA%D0%BB%D0%B8%D0%BA%20%D1%81%D0%BB%D1%96%D0%B4%D1%87%D0%B8%D0%BC%20%D0%BF%D1%80%D0%BE%D0%BA%D1%83%D1%80%D0%BE%D1%80%D0%BE%D0%BC%20%D1%81%D1%83%D0%B4%D0%BE%D0%B2%D0%B8%D0%B9%20%D0%B2%D0%B8%D0%BA%D0%BB%D0%B8%D0%BA%20%D0%BF%D1%80%D0%B8%D0%B2%D1%96%D0%B4,https://zakon.rada.gov.ua/laws/show/4651-17,[],"Глава 11. Виклик слідчим, прокурором, судовий виклик і привід. Шлях: Кримінальне законодавство / Кримінальний процесуальний кодекс України / Розділ II. Заходи забезпечення кримінального провадження / Глава 11. Виклик слідчим, прокурором, судовий виклик і привід. Код: 250 20 20 20.",,,2026-10-05 18:41:38,2026-10-05 18:41:38
5523,250 20 20 30,250 20 20,4,Глава 12. Накладення грошового стягнення,Глава 12. Накладення грошового стягнення,250 / 250 20 / 250 20 20 / 250 20 20 30,Кримінальне законодавство / Кримінальний процесуальний кодекс України / Розділ II. Заходи забезпечення кримінального провадження / Глава 12. Накладення грошового стягнення,0,0,0,0,https://zakon.rada.gov.ua/laws/main/find?find_text=%D0%BD%D0%B0%D0%BA%D0%BB%D0%B0%D0%B4%D0%B5%D0%BD%D0%BD%D1%8F%20%D0%B3%D1%80%D0%BE%D1%88%D0%BE%D0%B2%D0%BE%D0%B3%D0%BE%20%D1%81%D1%82%D1%8F%D0%B3%D0%BD%D0%B5%D0%BD%D0%BD%D1%8F%20%D0%BA%D0%BF%D0%BA,https://zakon.rada.gov.ua/laws/show/4651-17,[],Глава 12. Накладення грошового стягнення. Шлях: Кримінальне законодавство / Кримінальний процесуальний кодекс України / Розділ II. Заходи забезпечення кримінального провадження / Глава 12. Накладення грошового стягнення. Код: 250 20 20 30.,,,2026-10-05 18:41:38,2026-10-05 18:41:38
5524,250 20 20 40,250 20 20,4,Глава 13. Тимчасове обмеження у користуванні спеціальним правом,Глава 13. Тимчасове обмеження у користуванні спеціальним правом,250 / 250 20 / 250 20 20 / 250 20 20 40,Кримінальне законодавство / Кримінальний процесуальний кодекс України / Розділ II. Заходи забезпечення кримінального провадження / Глава 13. Тимчасове обмеження у користуванні спеціальним правом,0,0,0,0,https://zakon.rada.gov.ua/laws/main/find?find_text=%D1%82%D0%B8%D0%BC%D1%87%D0%B0%D1%81%D0%BE%D0%B2%D0%B5%20%D0%BE%D0%B1%D0%BC%D0%B5%D0%B6%D0%B5%D0%BD%D0%BD%D1%8F%20%D1%83%20%D0%BA%D0%BE%D1%80%D0%B8%D1%81%D1%82%D1%83%D0%B2%D0%B0%D0%BD%D0%BD%D1%96%20%D1%81%D0%BF%D0%B5%D1%86%D1%96%D0%B0%D0%BB%D1%8C%D0%BD%D0%B8%D0%BC%20%D0%BF%D1%80%D0%B0%D0%B2%D0%BE%D0%BC,https://zakon.rada.gov.ua/laws/show/4651-17,[],Глава 13. Тимчасове обмеження у користуванні спеціальним правом. Шлях: Кримінальне законодавство / Кримінальний процесуальний кодекс України / Розділ II. Заходи забезпечення кримінального провадження / Глава 13. Тимчасове обмеження у користуванні спеціальним правом. Код: 250 20 20 40.,,,2026-10-05 18:41:38,2026-10-05 18:41:38
5525,250 20 20 50,250 20 20,4,Глава 14. Відсторонення від посади,Глава 14. Відсторонення від посади,250 / 250 20 / 250 20 20 / 250 20 20 50,Кримінальне законодавство / Кримінальний процесуальний кодекс України / Розділ II. Заходи забезпечення кримінального провадження / Глава 14. Відсторонення від посади,0,0,0,0,https://zakon.rada.gov.ua/laws/main/find?find_text=%D0%B2%D1%96%D0%B4%D1%81%D1%82%D0%BE%D1%80%D0%BE%D0%BD%D0%B5%D0%BD%D0%BD%D1%8F%20%D0%B2%D1%96%D0%B4%20%D0%BF%D0%BE%D1%81%D0%B0%D0%B4%D0%B8%20%D0%BA%D1%80%D0%B8%D0%BC%D1%96%D0%BD%D0%B0%D0%BB%D1%8C%D0%BD%D0%B8%D0%B9%20%D0%BF%D1%80%D0%BE%D1%86%D0%B5%D1%81,https://zakon.rada.gov.ua/laws/show/4651-17,[],Глава 14. Відсторонення від посади. Шлях: Кримінальне законодавство / Кримінальний процесуальний кодекс України / Розділ II. Заходи забезпечення кримінального провадження / Глава 14. Відсторонення від посади. Код: 250 20 20 50.,,,2026-10-05 18:41:38,2026-10-05 18:41:38
5526,250 20 20 60,250 20 20,4,Глава 15. Тимчасовий доступ до речей і документів,Глава 15. Тимчасовий доступ до речей і документів,250 / 250 20 / 250 20 20 / 250 20 20 60,Кримінальне законодавство / Кримінальний процесуальний кодекс України / Розділ II. Заходи забезпечення кримінального провадження / Глава 15. Тимчасовий доступ до речей і документів,0,0,0,0,https://zakon.rada.gov.ua/laws/main/find?find_text=%D1%82%D0%B8%D0%BC%D1%87%D0%B0%D1%81%D0%BE%D0%B2%D0%B8%D0%B9%20%D0%B4%D0%BE%D1%81%D1%82%D1%83%D0%BF%20%D0%B4%D0%BE%20%D1%80%D0%B5%D1%87%D0%B5%D0%B9%20%D1%96%20%D0%B4%D0%BE%D0%BA%D1%83%D0%BC%D0%B5%D0%BD%D1%82%D1%96%D0%B2%20%D1%83%D1%85%D0%B2%D0%B0%D0%BB%D0%B0,https://zakon.rada.gov.ua/laws/show/4651-17,[],Глава 15. Тимчасовий доступ до речей і документів. Шлях: Кримінальне законодавство / Кримінальний процесуальний кодекс України / Розділ II. Заходи забезпечення кримінального провадження / Глава 15. Тимчасовий доступ до речей і документів. Код: 250 20 20 60.,,,2026-10-05 18:41:38,2026-10-05 18:41:38
5527,250 20 20 70,250 20 20,4,Глава 16. Тимчасове вилучення майна,Глава 16. Тимчасове вилучення майна,250 / 250 20 / 250 20 20 / 250 20 20 70,Кримінальне законодавство / Кримінальний процесуальний кодекс України / Розділ II. Заходи забезпечення кримінального провадження / Глава 16. Тимчасове вилучення майна,0,0,0,0,https://zakon.rada.gov.ua/laws/main/find?find_text=%D1%82%D0%B8%D0%BC%D1%87%D0%B0%D1%81%D0%BE%D0%B2%D0%B5%20%D0%B2%D0%B8%D0%BB%D1%83%D1%87%D0%B5%D0%BD%D0%BD%D1%8F%20%D0%BC%D0%B0%D0%B9%D0%BD%D0%B0%20%D0%BA%D0%BB%D0%BE%D0%BF%D0%BE%D1%82%D0%B0%D0%BD%D0%BD%D1%8F%20%D0%BF%D0%BE%D0%B2%D0%B5%D1%80%D0%BD%D0%B5%D0%BD%D0%BD%D1%8F,https://zakon.rada.gov.ua/laws/show/4651-17,[],Глава 16. Тимчасове вилучення майна. Шлях: Кримінальне законодавство / Кримінальний процесуальний кодекс України / Розділ II. Заходи забезпечення кримінального провадження / Глава 16. Тимчасове вилучення майна. Код: 250 20 20 70.,,,2026-10-05 18:41:38,2026-10-05 18:41:38
5528,250 20 20 80,250 20 20,4,Глава 17. Арешт майна,Глава 17. Арешт майна,250 / 250 20 / 250 20 20 / 250 20 20 80,Кримінальне законодавство / Кримінальний процесуальний кодекс України / Розділ II. Заходи забезпечення кримінального провадження / Глава 17. Арешт майна,0,0,0,0,https://zakon.rada.gov.ua/laws/main/find?find_text=%D0%B0%D1%80%D0%B5%D1%88%D1%82%20%D0%BC%D0%B0%D0%B9%D0%BD%D0%B0%20%D1%81%D0%BA%D0%B0%D1%81%D1%83%D0%B2%D0%B0%D0%BD%D0%BD%D1%8F%20%D0%B0%D1%80%D0%B5%D1%88%D1%82%D1%83%20%D0%BC%D0%B0%D0%B9%D0%BD%D0%B0%20%D0%BA%D0%BF%D0%BA,https://zakon.rada.gov.ua/laws/show/4651-17,[],Глава 17. Арешт майна. Шлях: Кримінальне законодавство / Кримінальний процесуальний кодекс України / Розділ II. Заходи забезпечення кримінального провадження / Глава 17. Арешт майна. Код: 250 20 20 80.,,,2026-10-05 18:41:38,2026-10-05 18:41:38
5529,250 20 20 90,250 20 20,4,"Глава 18. Запобіжні заходи, затримання особи","Глава 18. Запобіжні заходи, затримання особи",250 / 250 20 / 250 20 20 / 250 20 20 90,"Кримінальне законодавство / Кримінальний процесуальний кодекс України / Розділ II. Заходи забезпечення кримінального провадження / Глава 18. Запобіжні заходи, затримання особи",1,2,0,0,https://zakon.rada.gov.ua/laws/main/find?find_text=%D0%B7%D0%B0%D0%BF%D0%BE%D0%B1%D1%96%D0%B6%D0%BD%D1%96%20%D0%B7%D0%B0%D1%85%D0%BE%D0%B4%D0%B8%20%D0%B7%D0%B0%D1%82%D1%80%D0%B8%D0%BC%D0%B0%D0%BD%D0%BD%D1%8F%20%D0%BE%D1%81%D0%BE%D0%B1%D0%B8%20%D1%82%D1%80%D0%B8%D0%BC%D0%B0%D0%BD%D0%BD%D1%8F%20%D0%BF%D1%96%D0%B4%20%D0%B2%D0%B0%D1%80%D1%82%D0%BE%D1%8E,https://zakon.rada.gov.ua/laws/show/4651-17,[],"Глава 18. Запобіжні заходи, затримання особи. Шлях: Кримінальне законодавство / Кримінальний процесуальний кодекс України / Розділ II. Заходи забезпечення кримінального провадження / Глава 18. Запобіжні заходи, затримання особи. Код: 250 20 20 90.",,,2026-10-05 18:41:38,2026-10-05 18:41:38
5530,250 20 20 90 10,250 20 20 90,5,"§ 1. Запобіжні заходи, затримання особи на підставі ухвали слідчого судді, суду","§ 1. Запобіжні заходи, затримання особи на підставі ухвали слідчого судді, суду",250 / 250 20 / 250 20 20 / 250 20 20 90 / 250 20 20 90 10,"Кримінальне законодавство / Кримінальний процесуальний кодекс України / Розділ II. Заходи забезпечення кримінального провадження / Глава 18. Запобіжні заходи, затримання особи / § 1. Запобіжні заходи, затримання особи на підставі ухвали слідчого судді, суду",0,0,0,0,https://zakon.rada.gov.ua/laws/main/find?find_text=%D0%B7%D0%B0%D0%BF%D0%BE%D0%B1%D1%96%D0%B6%D0%BD%D1%96%20%D0%B7%D0%B0%D1%85%D0%BE%D0%B4%D0%B8%20%D0%B7%D0%B0%D1%81%D1%82%D0%B0%D0%B2%D0%B0%20%D0%BE%D1%81%D0%BE%D0%B1%D0%B8%D1%81%D1%82%D0%B5%20%D0%B7%D0%BE%D0%B1%D0%BE%D0%B2%27%D1%8F%D0%B7%D0%B0%D0%BD%D0%BD%D1%8F%20%D1%82%D1%80%D0%B8%D0%BC%D0%B0%D0%BD%D0%BD%D1%8F%20%D0%BF%D1%96%D0%B4%20%D0%B2%D0%B0%D1%80%D1%82%D0%BE%D1%8E%20%D0%B4%D0%BE%D0%BC%D0%B0%D1%88%D0%BD%D1%96%D0%B9%20%D0%B0%D1%80%D0%B5%D1%88%D1%82,https://zakon.rada.gov.ua/laws/show/4651-17,[],"§ 1. Запобіжні заходи, затримання особи на підставі ухвали слідчого судді, суду. Шлях: Кримінальне законодавство / Кримінальний процесуальний кодекс України / Розділ II. Заходи забезпечення кримінального провадження / Глава 18. Запобіжні заходи, затримання особи / § 1. Запобіжні заходи, затримання особи на підставі ухвали слідчого судді, суду. Код: 250 20 20 90 10.",,,2026-10-05 18:41:38,2026-10-05 18:41:38
5531,250 20 20 90 20,250 20 20 90,5,"§ 2. Затримання особи без ухвали слідчого судді, суду","§ 2. Затримання особи без ухвали слідчого судді, суду",250 / 250 20 / 250 20 20 / 250 20 20 90 / 250 20 20 90 20,"Кримінальне законодавство / Кримінальний процесуальний кодекс України / Розділ II. Заходи забезпечення кримінального провадження / Глава 18. Запобіжні заходи, затримання особи / § 2. Затримання особи без ухвали слідчого судді, суду",0,0,0,0,https://zakon.rada.gov.ua/laws/main/find?find_text=%D0%B7%D0%B0%D1%82%D1%80%D0%B8%D0%BC%D0%B0%D0%BD%D0%BD%D1%8F%20%D0%B1%D0%B5%D0%B7%20%D1%83%D1%85%D0%B2%D0%B0%D0%BB%D0%B8%20%D1%81%D0%BB%D1%96%D0%B4%D1%87%D0%BE%D0%B3%D0%BE%20%D1%81%D1%83%D0%B4%D0%B4%D1%96%20%D0%B7%D0%B0%D0%BA%D0%BE%D0%BD%D0%BD%D0%B5%20%D0%B7%D0%B0%D1%82%D1%80%D0%B8%D0%BC%D0%B0%D0%BD%D0%BD%D1%8F%20%D1%81%D1%82%D0%B0%D1%82%D1%82%D1%8F%20208,https://zakon.rada.gov.ua/laws/show/4651-17,[],"§ 2. Затримання особи без ухвали слідчого судді, суду. Шлях: Кримінальне законодавство / Кримінальний процесуальний кодекс України / Розділ II. Заходи забезпечення кримінального провадження / Глава 18. Запобіжні заходи, затримання особи / § 2. Затримання особи без ухвали слідчого судді, суду. Код: 250 20 20 90 20.",,,2026-10-05 18:41:38,2026-10-05 18:41:38
5532,250 20 30,250 20,3,Розділ III. Досудове розслідування,Розділ III. Досудове розслідування,250 / 250 20 / 250 20 30,Кримінальне законодавство / Кримінальний процесуальний кодекс України / Розділ III. Досудове розслідування,1,9,0,0,https://zakon.rada.gov.ua/laws/main/find?find_text=%D0%B4%D0%BE%D1%81%D1%83%D0%B4%D0%BE%D0%B2%D0%B5%20%D1%80%D0%BE%D0%B7%D1%81%D0%BB%D1%96%D0%B4%D1%83%D0%B2%D0%B0%D0%BD%D0%BD%D1%8F%20%D1%94%D1%80%D0%B4%D1%80%20%D0%BF%D1%96%D0%B4%D0%BE%D0%B7%D1%80%D0%B0%20%D0%BE%D0%B1%D1%88%D1%83%D0%BA%20%D0%BD%D1%81%D1%80%D0%B4%20%D1%81%D0%BB%D1%96%D0%B4%D1%87%D1%96%20%D0%B4%D1%96%D1%97,https://zakon.rada.gov.ua/laws/show/4651-17#n1077,[],Розділ III. Досудове розслідування. Шлях: Кримінальне законодавство / Кримінальний процесуальний кодекс України / Розділ III. Досудове розслідування. Код: 250 20 30.,,,2026-10-05 18:41:38,2026-10-05 18:41:38
5533,250 20 30 10,250 20 30,4,Глава 19. Загальні положення досудового розслідування,Глава 19. Загальні положення досудового розслідування,250 / 250 20 / 250 20 30 / 250 20 30 10,Кримінальне законодавство / Кримінальний процесуальний кодекс України / Розділ III. Досудове розслідування / Глава 19. Загальні положення досудового розслідування,0,0,0,0,https://zakon.rada.gov.ua/laws/main/find?find_text=%D0%B4%D0%BE%D1%81%D1%83%D0%B4%D0%BE%D0%B2%D0%B5%20%D1%80%D0%BE%D0%B7%D1%81%D0%BB%D1%96%D0%B4%D1%83%D0%B2%D0%B0%D0%BD%D0%BD%D1%8F%20%D1%94%D1%80%D0%B4%D1%80%20%D0%BF%D0%BE%D1%87%D0%B0%D1%82%D0%BE%D0%BA%20%D0%BF%D1%96%D0%B4%D1%81%D0%BB%D1%96%D0%B4%D0%BD%D1%96%D1%81%D1%82%D1%8C%20%D1%82%D0%B0%D1%94%D0%BC%D0%BD%D0%B8%D1%86%D1%8F,https://zakon.rada.gov.ua/laws/show/4651-17,[],Глава 19. Загальні положення досудового розслідування. Шлях: Кримінальне законодавство / Кримінальний процесуальний кодекс України / Розділ III. Досудове розслідування / Глава 19. Загальні положення досудового розслідування. Код: 250 20 30 10.,,,2026-10-05 18:41:38,2026-10-05 18:41:38
5534,250 20 30 20,250 20 30,4,Глава 20. Слідчі (розшукові) дії,Глава 20. Слідчі (розшукові) дії,250 / 250 20 / 250 20 30 / 250 20 30 20,Кримінальне законодавство / Кримінальний процесуальний кодекс України / Розділ III. Досудове розслідування / Глава 20. Слідчі (розшукові) дії,0,0,0,0,https://zakon.rada.gov.ua/laws/main/find?find_text=%D1%81%D0%BB%D1%96%D0%B4%D1%87%D1%96%20%D1%80%D0%BE%D0%B7%D1%88%D1%83%D0%BA%D0%BE%D0%B2%D1%96%20%D0%B4%D1%96%D1%97%20%D0%B4%D0%BE%D0%BF%D0%B8%D1%82%20%D0%BE%D0%B1%D1%88%D1%83%D0%BA%20%D0%BE%D0%B3%D0%BB%D1%8F%D0%B4%20%D1%81%D0%BB%D1%96%D0%B4%D1%87%D0%B8%D0%B9%20%D0%B5%D0%BA%D1%81%D0%BF%D0%B5%D1%80%D0%B8%D0%BC%D0%B5%D0%BD%D1%82%20%D0%BE%D1%81%D0%B2%D1%96%D0%B4%D1%83%D0%B2%D0%B0%D0%BD%D0%BD%D1%8F,https://zakon.rada.gov.ua/laws/show/4651-17,[],Глава 20. Слідчі (розшукові) дії. Шлях: Кримінальне законодавство / Кримінальний процесуальний кодекс України / Розділ III. Досудове розслідування / Глава 20. Слідчі (розшукові) дії. Код: 250 20 30 20.,,,2026-10-05 18:41:38,2026-10-05 18:41:38
5535,250 20 30 30,250 20 30,4,Глава 21. Негласні слідчі (розшукові) дії,Глава 21. Негласні слідчі (розшукові) дії,250 / 250 20 / 250 20 30 / 250 20 30 30,Кримінальне законодавство / Кримінальний процесуальний кодекс України / Розділ III. Досудове розслідування / Глава 21. Негласні слідчі (розшукові) дії,1,3,0,0,https://zakon.rada.gov.ua/laws/main/find?find_text=%D0%BD%D0%B5%D0%B3%D0%BB%D0%B0%D1%81%D0%BD%D1%96%20%D1%81%D0%BB%D1%96%D0%B4%D1%87%D1%96%20%D1%80%D0%BE%D0%B7%D1%88%D1%83%D0%BA%D0%BE%D0%B2%D1%96%20%D0%B4%D1%96%D1%97%20%D0%BD%D1%81%D1%80%D0%B4,https://zakon.rada.gov.ua/laws/show/4651-17,[],Глава 21. Негласні слідчі (розшукові) дії. Шлях: Кримінальне законодавство / Кримінальний процесуальний кодекс України / Розділ III. Досудове розслідування / Глава 21. Негласні слідчі (розшукові) дії. Код: 250 20 30 30.,,,2026-10-05 18:41:38,2026-10-05 18:41:38
5536,250 20 30 30 10,250 20 30 30,5,§ 1. Загальні положення про негласні слідчі (розшукові) дії,§ 1. Загальні положення про негласні слідчі (розшукові) дії,250 / 250 20 / 250 20 30 / 250 20 30 30 / 250 20 30 30 10,Кримінальне законодавство / Кримінальний процесуальний кодекс України / Розділ III. Досудове розслідування / Глава 21. Негласні слідчі (розшукові) дії / § 1. Загальні положення про негласні слідчі (розшукові) дії,0,0,0,0,https://zakon.rada.gov.ua/laws/main/find?find_text=%D0%B7%D0%B0%D0%B3%D0%B0%D0%BB%D1%8C%D0%BD%D1%96%20%D0%BF%D0%BE%D0%BB%D0%BE%D0%B6%D0%B5%D0%BD%D0%BD%D1%8F%20%D0%BD%D1%81%D1%80%D0%B4%20%D1%83%D1%85%D0%B2%D0%B0%D0%BB%D0%B0%20%D1%81%D0%BB%D1%96%D0%B4%D1%87%D0%BE%D0%B3%D0%BE%20%D1%81%D1%83%D0%B4%D0%B4%D1%96%20%D1%80%D0%BE%D0%B7%D1%81%D0%B5%D0%BA%D1%80%D0%B5%D1%87%D0%B5%D0%BD%D0%BD%D1%8F,https://zakon.rada.gov.ua/laws/show/4651-17,[],§ 1. Загальні положення про негласні слідчі (розшукові) дії. Шлях: Кримінальне законодавство / Кримінальний процесуальний кодекс України / Розділ III. Досудове розслідування / Глава 21. Негласні слідчі (розшукові) дії / § 1. Загальні положення про негласні слідчі (розшукові) дії. Код: 250 20 30 30 10.,,,2026-10-05 18:41:38,2026-10-05 18:41:38
5537,250 20 30 30 20,250 20 30 30,5,§ 2. Втручання у приватне спілкування,§ 2. Втручання у приватне спілкування,250 / 250 20 / 250 20 30 / 250 20 30 30 / 250 20 30 30 20,Кримінальне законодавство / Кримінальний процесуальний кодекс України / Розділ III. Досудове розслідування / Глава 21. Негласні слідчі (розшукові) дії / § 2. Втручання у приватне спілкування,0,0,0,0,https://zakon.rada.gov.ua/laws/main/find?find_text=%D0%B2%D1%82%D1%80%D1%83%D1%87%D0%B0%D0%BD%D0%BD%D1%8F%20%D1%83%20%D0%BF%D1%80%D0%B8%D0%B2%D0%B0%D1%82%D0%BD%D0%B5%20%D1%81%D0%BF%D1%96%D0%BB%D0%BA%D1%83%D0%B2%D0%B0%D0%BD%D0%BD%D1%8F%20%D0%B0%D1%83%D0%B4%D1%96%D0%BE%20%D0%B2%D1%96%D0%B4%D0%B5%D0%BE%D0%BA%D0%BE%D0%BD%D1%82%D1%80%D0%BE%D0%BB%D1%8C%20%D0%B7%D0%BD%D1%8F%D1%82%D1%82%D1%8F%20%D1%96%D0%BD%D1%84%D0%BE%D1%80%D0%BC%D0%B0%D1%86%D1%96%D1%97,https://zakon.rada.gov.ua/laws/show/4651-17,[],§ 2. Втручання у приватне спілкування. Шлях: Кримінальне законодавство / Кримінальний процесуальний кодекс України / Розділ III. Досудове розслідування / Глава 21. Негласні слідчі (розшукові) дії / § 2. Втручання у приватне спілкування. Код: 250 20 30 30 20.,,,2026-10-05 18:41:38,2026-10-05 18:41:38
5538,250 20 30 30 30,250 20 30 30,5,§ 3. Інші види негласних слідчих (розшукових) дій,§ 3. Інші види негласних слідчих (розшукових) дій,250 / 250 20 / 250 20 30 / 250 20 30 30 / 250 20 30 30 30,Кримінальне законодавство / Кримінальний процесуальний кодекс України / Розділ III. Досудове розслідування / Глава 21. Негласні слідчі (розшукові) дії / § 3. Інші види негласних слідчих (розшукових) дій,0,0,0,0,https://zakon.rada.gov.ua/laws/main/find?find_text=%D0%BE%D0%B1%D1%81%D1%82%D0%B5%D0%B6%D0%B5%D0%BD%D0%BD%D1%8F%20%D0%BF%D1%83%D0%B1%D0%BB%D1%96%D1%87%D0%BD%D0%BE%20%D0%BD%D0%B5%D0%B4%D0%BE%D1%81%D1%82%D1%83%D0%BF%D0%BD%D0%B8%D1%85%20%D0%BC%D1%96%D1%81%D1%86%D1%8C%20%D1%81%D0%BF%D0%BE%D1%81%D1%82%D0%B5%D1%80%D0%B5%D0%B6%D0%B5%D0%BD%D0%BD%D1%8F%20%D0%BA%D0%BE%D0%BD%D1%82%D1%80%D0%BE%D0%BB%D1%8C%20%D0%B7%D0%B0%20%D0%B2%D1%87%D0%B8%D0%BD%D0%B5%D0%BD%D0%BD%D1%8F%D0%BC%20%D0%B7%D0%BB%D0%BE%D1%87%D0%B8%D0%BD%D1%83,https://zakon.rada.gov.ua/laws/show/4651-17,[],§ 3. Інші види негласних слідчих (розшукових) дій. Шлях: Кримінальне законодавство / Кримінальний процесуальний кодекс України / Розділ III. Досудове розслідування / Глава 21. Негласні слідчі (розшукові) дії / § 3. Інші види негласних слідчих (розшукових) дій. Код: 250 20 30 30 30.,,,2026-10-05 18:41:38,2026-10-05 18:41:38
5539,250 20 30 40,250 20 30,4,Глава 22. Повідомлення про підозру,Глава 22. Повідомлення про підозру,250 / 250 20 / 250 20 30 / 250 20 30 40,Кримінальне законодавство / Кримінальний процесуальний кодекс України / Розділ III. Досудове розслідування / Глава 22. Повідомлення про підозру,0,0,0,0,https://zakon.rada.gov.ua/laws/main/find?find_text=%D0%BF%D0%BE%D0%B2%D1%96%D0%B4%D0%BE%D0%BC%D0%BB%D0%B5%D0%BD%D0%BD%D1%8F%20%D0%BF%D1%80%D0%BE%20%D0%BF%D1%96%D0%B4%D0%BE%D0%B7%D1%80%D1%83%20%D0%B2%D1%80%D1%83%D1%87%D0%B5%D0%BD%D0%BD%D1%8F%20%D0%BF%D1%96%D0%B4%D0%BE%D0%B7%D1%80%D0%B8%20%D0%B7%D0%BC%D1%96%D0%BD%D0%B0%20%D0%BF%D1%96%D0%B4%D0%BE%D0%B7%D1%80%D0%B8,https://zakon.rada.gov.ua/laws/show/4651-17,[],Глава 22. Повідомлення про підозру. Шлях: Кримінальне законодавство / Кримінальний процесуальний кодекс України / Розділ III. Досудове розслідування / Глава 22. Повідомлення про підозру. Код: 250 20 30 40.,,,2026-10-05 18:41:38,2026-10-05 18:41:38
5540,250 20 30 50,250 20 30,4,Глава 23. Зупинення досудового розслідування,Глава 23. Зупинення досудового розслідування,250 / 250 20 / 250 20 30 / 250 20 30 50,Кримінальне законодавство / Кримінальний процесуальний кодекс України / Розділ III. Досудове розслідування / Глава 23. Зупинення досудового розслідування,0,0,0,0,https://zakon.rada.gov.ua/laws/main/find?find_text=%D0%B7%D1%83%D0%BF%D0%B8%D0%BD%D0%B5%D0%BD%D0%BD%D1%8F%20%D0%B4%D0%BE%D1%81%D1%83%D0%B4%D0%BE%D0%B2%D0%BE%D0%B3%D0%BE%20%D1%80%D0%BE%D0%B7%D1%81%D0%BB%D1%96%D0%B4%D1%83%D0%B2%D0%B0%D0%BD%D0%BD%D1%8F%20%D1%80%D0%BE%D0%B7%D1%88%D1%83%D0%BA%20%D0%BF%D1%96%D0%B4%D0%BE%D0%B7%D1%80%D1%8E%D0%B2%D0%B0%D0%BD%D0%BE%D0%B3%D0%BE%20%D0%B2%D1%96%D0%B4%D0%BD%D0%BE%D0%B2%D0%BB%D0%B5%D0%BD%D0%BD%D1%8F,https://zakon.rada.gov.ua/laws/show/4651-17,[],Глава 23. Зупинення досудового розслідування. Шлях: Кримінальне законодавство / Кримінальний процесуальний кодекс України / Розділ III. Досудове розслідування / Глава 23. Зупинення досудового розслідування. Код: 250 20 30 50.,,,2026-10-05 18:41:38,2026-10-05 18:41:38
5541,250 20 30 60,250 20 30,4,Глава 24. Закінчення досудового розслідування. Продовження строку досудового розслідування,Глава 24. Закінчення досудового розслідування. Продовження строку досудового розслідування,250 / 250 20 / 250 20 30 / 250 20 30 60,Кримінальне законодавство / Кримінальний процесуальний кодекс України / Розділ III. Досудове розслідування / Глава 24. Закінчення досудового розслідування. Продовження строку досудового розслідування,1,4,0,0,https://zakon.rada.gov.ua/laws/main/find?find_text=%D0%B7%D0%B0%D0%BA%D1%96%D0%BD%D1%87%D0%B5%D0%BD%D0%BD%D1%8F%20%D0%B4%D0%BE%D1%81%D1%83%D0%B4%D0%BE%D0%B2%D0%BE%D0%B3%D0%BE%20%D1%80%D0%BE%D0%B7%D1%81%D0%BB%D1%96%D0%B4%D1%83%D0%B2%D0%B0%D0%BD%D0%BD%D1%8F%20%D0%B7%D0%B0%D0%BA%D1%80%D0%B8%D1%82%D1%82%D1%8F%20%D0%BE%D0%B1%D0%B2%D0%B8%D0%BD%D1%83%D0%B2%D0%B0%D0%BB%D1%8C%D0%BD%D0%B8%D0%B9%20%D0%B0%D0%BA%D1%82,https://zakon.rada.gov.ua/laws/show/4651-17,[],Глава 24. Закінчення досудового розслідування. Продовження строку досудового розслідування. Шлях: Кримінальне законодавство / Кримінальний процесуальний кодекс України / Розділ III. Досудове розслідування / Глава 24. Закінчення досудового розслідування. Продовження строку досудового розслідування. Код: 250 20 30 60.,,,2026-10-05 18:41:38,2026-10-05 18:41:38
5542,250 20 30 60 10,250 20 30 60,5,§ 1. Форми закінчення досудового розслідування,§ 1. Форми закінчення досудового розслідування,250 / 250 20 / 250 20 30 / 250 20 30 60 / 250 20 30 60 10,Кримінальне законодавство / Кримінальний процесуальний кодекс України / Розділ III. Досудове розслідування / Глава 24. Закінчення досудового розслідування. Продовження строку досудового розслідування / § 1. Форми закінчення досудового розслідування,0,0,0,0,https://zakon.rada.gov.ua/laws/main/find?find_text=%D1%84%D0%BE%D1%80%D0%BC%D0%B8%20%D0%B7%D0%B0%D0%BA%D1%96%D0%BD%D1%87%D0%B5%D0%BD%D0%BD%D1%8F%20%D0%B4%D0%BE%D1%81%D1%83%D0%B4%D0%BE%D0%B2%D0%BE%D0%B3%D0%BE%20%D1%80%D0%BE%D0%B7%D1%81%D0%BB%D1%96%D0%B4%D1%83%D0%B2%D0%B0%D0%BD%D0%BD%D1%8F%20%D0%B7%D0%B0%D0%BA%D1%80%D0%B8%D1%82%D1%82%D1%8F%20%D0%BA%D1%80%D0%B8%D0%BC%D1%96%D0%BD%D0%B0%D0%BB%D1%8C%D0%BD%D0%BE%D0%B3%D0%BE%20%D0%BF%D1%80%D0%BE%D0%B2%D0%B0%D0%B4%D0%B6%D0%B5%D0%BD%D0%BD%D1%8F,https://zakon.rada.gov.ua/laws/show/4651-17,[],§ 1. Форми закінчення досудового розслідування. Шлях: Кримінальне законодавство / Кримінальний процесуальний кодекс України / Розділ III. Досудове розслідування / Глава 24. Закінчення досудового розслідування. Продовження строку досудового розслідування / § 1. Форми закінчення досудового розслідування. Код: 250 20 30 60 10.,,,2026-10-05 18:41:38,2026-10-05 18:41:38
5543,250 20 30 60 20,250 20 30 60,5,§ 2. Звільнення особи від кримінальної відповідальності,§ 2. Звільнення особи від кримінальної відповідальності,250 / 250 20 / 250 20 30 / 250 20 30 60 / 250 20 30 60 20,Кримінальне законодавство / Кримінальний процесуальний кодекс України / Розділ III. Досудове розслідування / Глава 24. Закінчення досудового розслідування. Продовження строку досудового розслідування / § 2. Звільнення особи від кримінальної відповідальності,0,0,0,0,https://zakon.rada.gov.ua/laws/main/find?find_text=%D0%B7%D0%B2%D1%96%D0%BB%D1%8C%D0%BD%D0%B5%D0%BD%D0%BD%D1%8F%20%D0%BE%D1%81%D0%BE%D0%B1%D0%B8%20%D0%B2%D1%96%D0%B4%20%D0%BA%D1%80%D0%B8%D0%BC%D1%96%D0%BD%D0%B0%D0%BB%D1%8C%D0%BD%D0%BE%D1%97%20%D0%B2%D1%96%D0%B4%D0%BF%D0%BE%D0%B2%D1%96%D0%B4%D0%B0%D0%BB%D1%8C%D0%BD%D0%BE%D1%81%D1%82%D1%96%20%D0%BA%D0%BB%D0%BE%D0%BF%D0%BE%D1%82%D0%B0%D0%BD%D0%BD%D1%8F%20%D0%BF%D1%80%D0%BE%D0%BA%D1%83%D1%80%D0%BE%D1%80%D0%B0,https://zakon.rada.gov.ua/laws/show/4651-17,[],§ 2. Звільнення особи від кримінальної відповідальності. Шлях: Кримінальне законодавство / Кримінальний процесуальний кодекс України / Розділ III. Досудове розслідування / Глава 24. Закінчення досудового розслідування. Продовження строку досудового розслідування / § 2. Звільнення особи від кримінальної відповідальності. Код: 250 20 30 60 20.,,,2026-10-05 18:41:38,2026-10-05 18:41:38
5544,250 20 30 60 30,250 20 30 60,5,"§ 3. Звернення до суду з обвинувальним актом, клопотанням про застосування примусових заходів медичного або виховного характеру","§ 3. Звернення до суду з обвинувальним актом, клопотанням про застосування примусових заходів медичного або виховного характеру",250 / 250 20 / 250 20 30 / 250 20 30 60 / 250 20 30 60 30,"Кримінальне законодавство / Кримінальний процесуальний кодекс України / Розділ III. Досудове розслідування / Глава 24. Закінчення досудового розслідування. Продовження строку досудового розслідування / § 3. Звернення до суду з обвинувальним актом, клопотанням про застосування примусових заходів медичного або виховного характеру",0,0,0,0,https://zakon.rada.gov.ua/laws/main/find?find_text=%D0%B2%D1%96%D0%B4%D0%BA%D1%80%D0%B8%D1%82%D1%82%D1%8F%20%D0%BC%D0%B0%D1%82%D0%B5%D1%80%D1%96%D0%B0%D0%BB%D1%96%D0%B2%20%D0%BE%D0%B1%D0%B2%D0%B8%D0%BD%D1%83%D0%B2%D0%B0%D0%BB%D1%8C%D0%BD%D0%B8%D0%B9%20%D0%B0%D0%BA%D1%82%20%D1%80%D0%B5%D1%94%D1%81%D1%82%D1%80%20%D0%BC%D0%B0%D1%82%D0%B5%D1%80%D1%96%D0%B0%D0%BB%D1%96%D0%B2%20%D1%80%D0%BE%D0%B7%D0%BF%D0%B8%D1%81%D0%BA%D0%B0,https://zakon.rada.gov.ua/laws/show/4651-17,[],"§ 3. Звернення до суду з обвинувальним актом, клопотанням про застосування примусових заходів медичного або виховного характеру. Шлях: Кримінальне законодавство / Кримінальний процесуальний кодекс України / Розділ III. Досудове розслідування / Глава 24. Закінчення досудового розслідування. Продовження строку досудового розслідування / § 3. Звернення до суду з обвинувальним актом, клопотанням про застосування примусових заходів медичного або виховного характеру. Код: 250 20 30 60 30.",,,2026-10-05 18:41:38,2026-10-05 18:41:38
5545,250 20 30 60 40,250 20 30 60,5,§ 4. Продовження строку досудового розслідування,§ 4. Продовження строку досудового розслідування,250 / 250 20 / 250 20 30 / 250 20 30 60 / 250 20 30 60 40,Кримінальне законодавство / Кримінальний процесуальний кодекс України / Розділ III. Досудове розслідування / Глава 24. Закінчення досудового розслідування. Продовження строку досудового розслідування / § 4. Продовження строку досудового розслідування,0,0,0,0,https://zakon.rada.gov.ua/laws/main/find?find_text=%D0%BF%D1%80%D0%BE%D0%B4%D0%BE%D0%B2%D0%B6%D0%B5%D0%BD%D0%BD%D1%8F%20%D1%81%D1%82%D1%80%D0%BE%D0%BA%D1%83%20%D0%B4%D0%BE%D1%81%D1%83%D0%B4%D0%BE%D0%B2%D0%BE%D0%B3%D0%BE%20%D1%80%D0%BE%D0%B7%D1%81%D0%BB%D1%96%D0%B4%D1%83%D0%B2%D0%B0%D0%BD%D0%BD%D1%8F%20%D1%81%D0%BB%D1%96%D0%B4%D1%87%D0%B8%D0%B9%20%D1%81%D1%83%D0%B4%D0%B4%D1%8F%20%D0%BA%D0%BB%D0%BE%D0%BF%D0%BE%D1%82%D0%B0%D0%BD%D0%BD%D1%8F,https://zakon.rada.gov.ua/laws/show/4651-17,[],§ 4. Продовження строку досудового розслідування. Шлях: Кримінальне законодавство / Кримінальний процесуальний кодекс України / Розділ III. Досудове розслідування / Глава 24. Закінчення досудового розслідування. Продовження строку досудового розслідування / § 4. Продовження строку досудового розслідування. Код: 250 20 30 60 40.,,,2026-10-05 18:41:38,2026-10-05 18:41:38
5546,250 20 30 70,250 20 30,4,Глава 24-1. Особливості спеціального досудового розслідування кримінальних правопорушень,Глава 24-1. Особливості спеціального досудового розслідування кримінальних правопорушень,250 / 250 20 / 250 20 30 / 250 20 30 70,Кримінальне законодавство / Кримінальний процесуальний кодекс України / Розділ III. Досудове розслідування / Глава 24-1. Особливості спеціального досудового розслідування кримінальних правопорушень,0,0,0,0,https://zakon.rada.gov.ua/laws/main/find?find_text=%D1%81%D0%BF%D0%B5%D1%86%D1%96%D0%B0%D0%BB%D1%8C%D0%BD%D0%B5%20%D0%B4%D0%BE%D1%81%D1%83%D0%B4%D0%BE%D0%B2%D0%B5%20%D1%80%D0%BE%D0%B7%D1%81%D0%BB%D1%96%D0%B4%D1%83%D0%B2%D0%B0%D0%BD%D0%BD%D1%8F%20in%20absentia%20%D0%BA%D0%BB%D0%BE%D0%BF%D0%BE%D1%82%D0%B0%D0%BD%D0%BD%D1%8F%20%D1%83%D1%85%D0%B2%D0%B0%D0%BB%D0%B0,https://zakon.rada.gov.ua/laws/show/4651-17,[],Глава 24-1. Особливості спеціального досудового розслідування кримінальних правопорушень. Шлях: Кримінальне законодавство / Кримінальний процесуальний кодекс України / Розділ III. Досудове розслідування / Глава 24-1. Особливості спеціального досудового розслідування кримінальних правопорушень. Код: 250 20 30 70.,,,2026-10-05 18:41:38,2026-10-05 18:41:38
5547,250 20 30 80,250 20 30,4,Глава 25. Особливості досудового розслідування кримінальних проступків,Глава 25. Особливості досудового розслідування кримінальних проступків,250 / 250 20 / 250 20 30 / 250 20 30 80,Кримінальне законодавство / Кримінальний процесуальний кодекс України / Розділ III. Досудове розслідування / Глава 25. Особливості досудового розслідування кримінальних проступків,0,0,0,0,https://zakon.rada.gov.ua/laws/main/find?find_text=%D0%B4%D0%BE%D1%81%D1%83%D0%B4%D0%BE%D0%B2%D0%B5%20%D1%80%D0%BE%D0%B7%D1%81%D0%BB%D1%96%D0%B4%D1%83%D0%B2%D0%B0%D0%BD%D0%BD%D1%8F%20%D0%BA%D1%80%D0%B8%D0%BC%D1%96%D0%BD%D0%B0%D0%BB%D1%8C%D0%BD%D0%B8%D1%85%20%D0%BF%D1%80%D0%BE%D1%81%D1%82%D1%83%D0%BF%D0%BA%D1%96%D0%B2%20%D0%B4%D1%96%D0%B7%D0%BD%D0%B0%D0%BD%D0%BD%D1%8F%20%D0%B4%D1%96%D0%B7%D0%BD%D0%B0%D0%B2%D0%B0%D1%87,https://zakon.rada.gov.ua/laws/show/4651-17,[],Глава 25. Особливості досудового розслідування кримінальних проступків. Шлях: Кримінальне законодавство / Кримінальний процесуальний кодекс України / Розділ III. Досудове розслідування / Глава 25. Особливості досудового розслідування кримінальних проступків. Код: 250 20 30 80.,,,2026-10-05 18:41:38,2026-10-05 18:41:38
5548,250 20 30 90,250 20 30,4,"Глава 26. Оскарження рішень, дій чи бездіяльності під час досудового розслідування","Глава 26. Оскарження рішень, дій чи бездіяльності під час досудового розслідування",250 / 250 20 / 250 20 30 / 250 20 30 90,"Кримінальне законодавство / Кримінальний процесуальний кодекс України / Розділ III. Досудове розслідування / Глава 26. Оскарження рішень, дій чи бездіяльності під час досудового розслідування",1,3,0,0,https://zakon.rada.gov.ua/laws/main/find?find_text=%D0%BE%D1%81%D0%BA%D0%B0%D1%80%D0%B6%D0%B5%D0%BD%D0%BD%D1%8F%20%D1%80%D1%96%D1%88%D0%B5%D0%BD%D1%8C%20%D0%B4%D1%96%D0%B9%20%D0%B1%D0%B5%D0%B7%D0%B4%D1%96%D1%8F%D0%BB%D1%8C%D0%BD%D0%BE%D1%81%D1%82%D1%96%20%D0%B4%D0%BE%D1%81%D1%83%D0%B4%D0%BE%D0%B2%D0%B5%20%D1%80%D0%BE%D0%B7%D1%81%D0%BB%D1%96%D0%B4%D1%83%D0%B2%D0%B0%D0%BD%D0%BD%D1%8F,https://zakon.rada.gov.ua/laws/show/4651-17,[],"Глава 26. Оскарження рішень, дій чи бездіяльності під час досудового розслідування. Шлях: Кримінальне законодавство / Кримінальний процесуальний кодекс України / Розділ III. Досудове розслідування / Глава 26. Оскарження рішень, дій чи бездіяльності під час досудового розслідування. Код: 250 20 30 90.",,,2026-10-05 18:41:38,2026-10-05 18:41:38
5549,250 20 30 90 10,250 20 30 90,5,"§ 1. Оскарження рішень, дій чи бездіяльності органів досудового розслідування чи прокурора під час досудового розслідування","§ 1. Оскарження рішень, дій чи бездіяльності органів досудового розслідування чи прокурора під час досудового розслідування",250 / 250 20 / 250 20 30 / 250 20 30 90 / 250 20 30 90 10,"Кримінальне законодавство / Кримінальний процесуальний кодекс України / Розділ III. Досудове розслідування / Глава 26. Оскарження рішень, дій чи бездіяльності під час досудового розслідування / § 1. Оскарження рішень, дій чи бездіяльності органів досудового розслідування чи прокурора під час досудового розслідування",0,0,0,0,https://zakon.rada.gov.ua/laws/main/find?find_text=%D1%81%D0%BA%D0%B0%D1%80%D0%B3%D0%B0%20%D0%BD%D0%B0%20%D0%B1%D0%B5%D0%B7%D0%B4%D1%96%D1%8F%D0%BB%D1%8C%D0%BD%D1%96%D1%81%D1%82%D1%8C%20%D1%81%D0%BB%D1%96%D0%B4%D1%87%D0%BE%D0%B3%D0%BE%20%D0%BF%D1%80%D0%BE%D0%BA%D1%83%D1%80%D0%BE%D1%80%D0%B0%20%D0%BD%D0%B5%D0%B2%D0%BD%D0%B5%D1%81%D0%B5%D0%BD%D0%BD%D1%8F%20%D0%B2%D1%96%D0%B4%D0%BE%D0%BC%D0%BE%D1%81%D1%82%D0%B5%D0%B9%20%D1%94%D1%80%D0%B4%D1%80,https://zakon.rada.gov.ua/laws/show/4651-17,[],"§ 1. Оскарження рішень, дій чи бездіяльності органів досудового розслідування чи прокурора під час досудового розслідування. Шлях: Кримінальне законодавство / Кримінальний процесуальний кодекс України / Розділ III. Досудове розслідування / Глава 26. Оскарження рішень, дій чи бездіяльності під час досудового розслідування / § 1. Оскарження рішень, дій чи бездіяльності органів досудового розслідування чи прокурора під час досудового розслідування. Код: 250 20 30 90 10.",,,2026-10-05 18:41:38,2026-10-05 18:41:38
5550,250 20 30 90 20,250 20 30 90,5,§ 2. Оскарження ухвал слідчого судді під час досудового розслідування,§ 2. Оскарження ухвал слідчого судді під час досудового розслідування,250 / 250 20 / 250 20 30 / 250 20 30 90 / 250 20 30 90 20,"Кримінальне законодавство / Кримінальний процесуальний кодекс України / Розділ III. Досудове розслідування / Глава 26. Оскарження рішень, дій чи бездіяльності під час досудового розслідування / § 2. Оскарження ухвал слідчого судді під час досудового розслідування",0,0,0,0,https://zakon.rada.gov.ua/laws/main/find?find_text=%D0%BE%D1%81%D0%BA%D0%B0%D1%80%D0%B6%D0%B5%D0%BD%D0%BD%D1%8F%20%D1%83%D1%85%D0%B2%D0%B0%D0%BB%20%D1%81%D0%BB%D1%96%D0%B4%D1%87%D0%BE%D0%B3%D0%BE%20%D1%81%D1%83%D0%B4%D0%B4%D1%96%20%D0%B0%D0%BF%D0%B5%D0%BB%D1%8F%D1%86%D1%96%D1%8F%20%D0%BF%D0%B5%D1%80%D0%B5%D0%BB%D1%96%D0%BA%20%D1%83%D1%85%D0%B2%D0%B0%D0%BB%20%D1%81%D1%82%20309,https://zakon.rada.gov.ua/laws/show/4651-17,[],"§ 2. Оскарження ухвал слідчого судді під час досудового розслідування. Шлях: Кримінальне законодавство / Кримінальний процесуальний кодекс України / Розділ III. Досудове розслідування / Глава 26. Оскарження рішень, дій чи бездіяльності під час досудового розслідування / § 2. Оскарження ухвал слідчого судді під час досудового розслідування. Код: 250 20 30 90 20.",,,2026-10-05 18:41:38,2026-10-05 18:41:38
5551,250 20 30 90 30,250 20 30 90,5,"§ 3. Оскарження слідчим, дізнавачем рішень, дій чи бездіяльності прокурора","§ 3. Оскарження слідчим, дізнавачем рішень, дій чи бездіяльності прокурора",250 / 250 20 / 250 20 30 / 250 20 30 90 / 250 20 30 90 30,"Кримінальне законодавство / Кримінальний процесуальний кодекс України / Розділ III. Досудове розслідування / Глава 26. Оскарження рішень, дій чи бездіяльності під час досудового розслідування / § 3. Оскарження слідчим, дізнавачем рішень, дій чи бездіяльності прокурора",0,0,0,0,https://zakon.rada.gov.ua/laws/main/find?find_text=%D0%BE%D1%81%D0%BA%D0%B0%D1%80%D0%B6%D0%B5%D0%BD%D0%BD%D1%8F%20%D1%81%D0%BB%D1%96%D0%B4%D1%87%D0%B8%D0%BC%20%D0%B4%D1%96%D0%B7%D0%BD%D0%B0%D0%B2%D0%B0%D1%87%D0%B5%D0%BC%20%D1%80%D1%96%D1%88%D0%B5%D0%BD%D1%8C%20%D0%BF%D1%80%D0%BE%D0%BA%D1%83%D1%80%D0%BE%D1%80%D0%B0%20%D0%B2%D0%B8%D1%89%D0%B5%D1%81%D1%82%D0%BE%D1%8F%D1%89%D0%B8%D0%B9%20%D0%BF%D1%80%D0%BE%D0%BA%D1%83%D1%80%D0%BE%D1%80,https://zakon.rada.gov.ua/laws/show/4651-17,[],"§ 3. Оскарження слідчим, дізнавачем рішень, дій чи бездіяльності прокурора. Шлях: Кримінальне законодавство / Кримінальний процесуальний кодекс України / Розділ III. Досудове розслідування / Глава 26. Оскарження рішень, дій чи бездіяльності під час досудового розслідування / § 3. Оскарження слідчим, дізнавачем рішень, дій чи бездіяльності прокурора. Код: 250 20 30 90 30.",,,2026-10-05 18:41:38,2026-10-05 18:41:38
5552,250 20 40,250 20,3,Розділ IV. Судове провадження у першій інстанції,Розділ IV. Судове провадження у першій інстанції,250 / 250 20 / 250 20 40,Кримінальне законодавство / Кримінальний процесуальний кодекс України / Розділ IV. Судове провадження у першій інстанції,1,4,0,0,https://zakon.rada.gov.ua/laws/main/find?find_text=%D0%BF%D1%96%D0%B4%D0%B3%D0%BE%D1%82%D0%BE%D0%B2%D1%87%D0%B5%20%D1%81%D1%83%D0%B4%D0%BE%D0%B2%D0%B5%20%D0%B7%D0%B0%D1%81%D1%96%D0%B4%D0%B0%D0%BD%D0%BD%D1%8F%20%D1%81%D1%83%D0%B4%D0%BE%D0%B2%D0%B8%D0%B9%20%D1%80%D0%BE%D0%B7%D0%B3%D0%BB%D1%8F%D0%B4%20%D0%B2%D0%B8%D1%80%D0%BE%D0%BA,https://zakon.rada.gov.ua/laws/show/4651-17#n1753,[],Розділ IV. Судове провадження у першій інстанції. Шлях: Кримінальне законодавство / Кримінальний процесуальний кодекс України / Розділ IV. Судове провадження у першій інстанції. Код: 250 20 40.,,,2026-10-05 18:41:38,2026-10-05 18:41:38
5553,250 20 40 10,250 20 40,4,Глава 27. Підготовче провадження,Глава 27. Підготовче провадження,250 / 250 20 / 250 20 40 / 250 20 40 10,Кримінальне законодавство / Кримінальний процесуальний кодекс України / Розділ IV. Судове провадження у першій інстанції / Глава 27. Підготовче провадження,0,0,0,0,https://zakon.rada.gov.ua/laws/main/find?find_text=%D0%BF%D1%96%D0%B4%D0%B3%D0%BE%D1%82%D0%BE%D0%B2%D1%87%D0%B5%20%D1%81%D1%83%D0%B4%D0%BE%D0%B2%D0%B5%20%D0%B7%D0%B0%D1%81%D1%96%D0%B4%D0%B0%D0%BD%D0%BD%D1%8F%20%D0%BF%D1%96%D0%B4%D0%B3%D0%BE%D1%82%D0%BE%D0%B2%D1%87%D0%B5%20%D0%BF%D1%80%D0%BE%D0%B2%D0%B0%D0%B4%D0%B6%D0%B5%D0%BD%D0%BD%D1%8F%20%D0%BF%D0%BE%D0%B2%D0%B5%D1%80%D0%BD%D0%B5%D0%BD%D0%BD%D1%8F%20%D0%BE%D0%B1%D0%B2%D0%B8%D0%BD%D1%83%D0%B2%D0%B0%D0%BB%D1%8C%D0%BD%D0%BE%D0%B3%D0%BE%20%D0%B0%D0%BA%D1%82%D0%B0,https://zakon.rada.gov.ua/laws/show/4651-17,[],Глава 27. Підготовче провадження. Шлях: Кримінальне законодавство / Кримінальний процесуальний кодекс України / Розділ IV. Судове провадження у першій інстанції / Глава 27. Підготовче провадження. Код: 250 20 40 10.,,,2026-10-05 18:41:38,2026-10-05 18:41:38
5554,250 20 40 20,250 20 40,4,Глава 28. Судовий розгляд,Глава 28. Судовий розгляд,250 / 250 20 / 250 20 40 / 250 20 40 20,Кримінальне законодавство / Кримінальний процесуальний кодекс України / Розділ IV. Судове провадження у першій інстанції / Глава 28. Судовий розгляд,1,3,0,0,https://zakon.rada.gov.ua/laws/main/find?find_text=%D1%81%D1%83%D0%B4%D0%BE%D0%B2%D0%B8%D0%B9%20%D1%80%D0%BE%D0%B7%D0%B3%D0%BB%D1%8F%D0%B4%20%D0%BA%D1%80%D0%B8%D0%BC%D1%96%D0%BD%D0%B0%D0%BB%D1%8C%D0%BD%D0%B5%20%D0%BF%D1%80%D0%BE%D0%B2%D0%B0%D0%B4%D0%B6%D0%B5%D0%BD%D0%BD%D1%8F,https://zakon.rada.gov.ua/laws/show/4651-17,[],Глава 28. Судовий розгляд. Шлях: Кримінальне законодавство / Кримінальний процесуальний кодекс України / Розділ IV. Судове провадження у першій інстанції / Глава 28. Судовий розгляд. Код: 250 20 40 20.,,,2026-10-05 18:41:38,2026-10-05 18:41:38
5555,250 20 40 20 10,250 20 40 20,5,§ 1. Загальні положення судового розгляду,§ 1. Загальні положення судового розгляду,250 / 250 20 / 250 20 40 / 250 20 40 20 / 250 20 40 20 10,Кримінальне законодавство / Кримінальний процесуальний кодекс України / Розділ IV. Судове провадження у першій інстанції / Глава 28. Судовий розгляд / § 1. Загальні положення судового розгляду,0,0,0,0,https://zakon.rada.gov.ua/laws/main/find?find_text=%D0%BD%D0%B5%D0%BF%D0%B5%D1%80%D0%B5%D1%80%D0%B2%D0%BD%D1%96%D1%81%D1%82%D1%8C%20%D0%B3%D0%BB%D0%B0%D1%81%D0%BD%D1%96%D1%81%D1%82%D1%8C%20%D0%B2%D1%96%D0%B4%D0%BA%D1%80%D0%B8%D1%82%D1%96%D1%81%D1%82%D1%8C%20%D1%81%D1%83%D0%B4%D0%BE%D0%B2%D0%BE%D0%B3%D0%BE%20%D1%80%D0%BE%D0%B7%D0%B3%D0%BB%D1%8F%D0%B4%D1%83%20%D0%B7%D0%B0%D0%BF%D0%B0%D1%81%D0%BD%D0%B8%D0%B9%20%D1%81%D1%83%D0%B4%D0%B4%D1%8F,https://zakon.rada.gov.ua/laws/show/4651-17,[],§ 1. Загальні положення судового розгляду. Шлях: Кримінальне законодавство / Кримінальний процесуальний кодекс України / Розділ IV. Судове провадження у першій інстанції / Глава 28. Судовий розгляд / § 1. Загальні положення судового розгляду. Код: 250 20 40 20 10.,,,2026-10-05 18:41:38,2026-10-05 18:41:38
5556,250 20 40 20 20,250 20 40 20,5,§ 2. Межі судового розгляду,§ 2. Межі судового розгляду,250 / 250 20 / 250 20 40 / 250 20 40 20 / 250 20 40 20 20,Кримінальне законодавство / Кримінальний процесуальний кодекс України / Розділ IV. Судове провадження у першій інстанції / Глава 28. Судовий розгляд / § 2. Межі судового розгляду,0,0,0,0,https://zakon.rada.gov.ua/laws/main/find?find_text=%D0%BC%D0%B5%D0%B6%D1%96%20%D1%81%D1%83%D0%B4%D0%BE%D0%B2%D0%BE%D0%B3%D0%BE%20%D1%80%D0%BE%D0%B7%D0%B3%D0%BB%D1%8F%D0%B4%D1%83%20%D0%B7%D0%BC%D1%96%D0%BD%D0%B0%20%D0%BE%D0%B1%D0%B2%D0%B8%D0%BD%D1%83%D0%B2%D0%B0%D1%87%D0%B5%D0%BD%D0%BD%D1%8F%20%D0%B2%D0%B8%D1%81%D1%83%D0%BD%D0%B5%D0%BD%D0%BD%D1%8F%20%D0%B4%D0%BE%D0%B4%D0%B0%D1%82%D0%BA%D0%BE%D0%B2%D0%BE%D0%B3%D0%BE,https://zakon.rada.gov.ua/laws/show/4651-17,[],§ 2. Межі судового розгляду. Шлях: Кримінальне законодавство / Кримінальний процесуальний кодекс України / Розділ IV. Судове провадження у першій інстанції / Глава 28. Судовий розгляд / § 2. Межі судового розгляду. Код: 250 20 40 20 20.,,,2026-10-05 18:41:38,2026-10-05 18:41:38
5557,250 20 40 20 30,250 20 40 20,5,§ 3. Процедура судового розгляду,§ 3. Процедура судового розгляду,250 / 250 20 / 250 20 40 / 250 20 40 20 / 250 20 40 20 30,Кримінальне законодавство / Кримінальний процесуальний кодекс України / Розділ IV. Судове провадження у першій інстанції / Глава 28. Судовий розгляд / § 3. Процедура судового розгляду,0,0,0,0,https://zakon.rada.gov.ua/laws/main/find?find_text=%D0%BF%D1%80%D0%BE%D1%86%D0%B5%D0%B4%D1%83%D1%80%D0%B0%20%D1%81%D1%83%D0%B4%D0%BE%D0%B2%D0%BE%D0%B3%D0%BE%20%D1%80%D0%BE%D0%B7%D0%B3%D0%BB%D1%8F%D0%B4%D1%83%20%D1%81%D1%83%D0%B4%D0%BE%D0%B2%D1%96%20%D0%B4%D0%B5%D0%B1%D0%B0%D1%82%D0%B8%20%D0%BE%D1%81%D1%82%D0%B0%D0%BD%D0%BD%D1%94%20%D1%81%D0%BB%D0%BE%D0%B2%D0%BE%20%D0%B2%D0%B8%D1%85%D1%96%D0%B4%20%D0%B4%D0%BE%20%D0%BD%D0%B0%D1%80%D0%B0%D0%B4%D1%87%D0%BE%D1%97%20%D0%BA%D1%96%D0%BC%D0%BD%D0%B0%D1%82%D0%B8,https://zakon.rada.gov.ua/laws/show/4651-17,[],§ 3. Процедура судового розгляду. Шлях: Кримінальне законодавство / Кримінальний процесуальний кодекс України / Розділ IV. Судове провадження у першій інстанції / Глава 28. Судовий розгляд / § 3. Процедура судового розгляду. Код: 250 20 40 20 30.,,,2026-10-05 18:41:38,2026-10-05 18:41:38
5558,250 20 40 30,250 20 40,4,Глава 29. Судові рішення,Глава 29. Судові рішення,250 / 250 20 / 250 20 40 / 250 20 40 30,Кримінальне законодавство / Кримінальний процесуальний кодекс України / Розділ IV. Судове провадження у першій інстанції / Глава 29. Судові рішення,0,0,0,0,https://zakon.rada.gov.ua/laws/main/find?find_text=%D1%81%D1%83%D0%B4%D0%BE%D0%B2%D1%96%20%D1%80%D1%96%D1%88%D0%B5%D0%BD%D0%BD%D1%8F%20%D0%B2%D0%B8%D1%80%D0%BE%D0%BA%20%D1%83%D1%85%D0%B2%D0%B0%D0%BB%D0%B0%20%D0%B7%D0%B0%D0%BA%D0%BE%D0%BD%D0%BD%D1%96%D1%81%D1%82%D1%8C%20%D0%BE%D0%B1%D2%91%D1%80%D1%83%D0%BD%D1%82%D0%BE%D0%B2%D0%B0%D0%BD%D1%96%D1%81%D1%82%D1%8C%20%D0%B2%D0%BC%D0%BE%D1%82%D0%B8%D0%B2%D0%BE%D0%B2%D0%B0%D0%BD%D1%96%D1%81%D1%82%D1%8C,https://zakon.rada.gov.ua/laws/show/4651-17,[],Глава 29. Судові рішення. Шлях: Кримінальне законодавство / Кримінальний процесуальний кодекс України / Розділ IV. Судове провадження у першій інстанції / Глава 29. Судові рішення. Код: 250 20 40 30.,,,2026-10-05 18:41:38,2026-10-05 18:41:38
5559,250 20 40 40,250 20 40,4,Глава 30. Особливі порядки провадження в суді першої інстанції,Глава 30. Особливі порядки провадження в суді першої інстанції,250 / 250 20 / 250 20 40 / 250 20 40 40,Кримінальне законодавство / Кримінальний процесуальний кодекс України / Розділ IV. Судове провадження у першій інстанції / Глава 30. Особливі порядки провадження в суді першої інстанції,1,2,0,0,https://zakon.rada.gov.ua/laws/main/find?find_text=%D0%BE%D1%81%D0%BE%D0%B1%D0%BB%D0%B8%D0%B2%D1%96%20%D0%BF%D0%BE%D1%80%D1%8F%D0%B4%D0%BA%D0%B8%20%D1%81%D1%83%D0%B4%D0%BE%D0%B2%D0%B5%20%D0%BF%D1%80%D0%BE%D0%B2%D0%B0%D0%B4%D0%B6%D0%B5%D0%BD%D0%BD%D1%8F%20%D0%BF%D0%B5%D1%80%D1%88%D0%B0%20%D1%96%D0%BD%D1%81%D1%82%D0%B0%D0%BD%D1%86%D1%96%D1%8F,https://zakon.rada.gov.ua/laws/show/4651-17,[],Глава 30. Особливі порядки провадження в суді першої інстанції. Шлях: Кримінальне законодавство / Кримінальний процесуальний кодекс України / Розділ IV. Судове провадження у першій інстанції / Глава 30. Особливі порядки провадження в суді першої інстанції. Код: 250 20 40 40.,,,2026-10-05 18:41:38,2026-10-05 18:41:38
5560,250 20 40 40 10,250 20 40 40,5,§ 1. Спрощене провадження щодо кримінальних проступків,§ 1. Спрощене провадження щодо кримінальних проступків,250 / 250 20 / 250 20 40 / 250 20 40 40 / 250 20 40 40 10,Кримінальне законодавство / Кримінальний процесуальний кодекс України / Розділ IV. Судове провадження у першій інстанції / Глава 30. Особливі порядки провадження в суді першої інстанції / § 1. Спрощене провадження щодо кримінальних проступків,0,0,0,0,https://zakon.rada.gov.ua/laws/main/find?find_text=%D1%81%D0%BF%D1%80%D0%BE%D1%89%D0%B5%D0%BD%D0%B5%20%D0%BF%D1%80%D0%BE%D0%B2%D0%B0%D0%B4%D0%B6%D0%B5%D0%BD%D0%BD%D1%8F%20%D0%BA%D1%80%D0%B8%D0%BC%D1%96%D0%BD%D0%B0%D0%BB%D1%8C%D0%BD%D1%96%20%D0%BF%D1%80%D0%BE%D1%81%D1%82%D1%83%D0%BF%D0%BA%D0%B8%20%D0%B1%D0%B5%D0%B7%20%D1%81%D1%83%D0%B4%D0%BE%D0%B2%D0%BE%D0%B3%D0%BE%20%D1%80%D0%BE%D0%B7%D0%B3%D0%BB%D1%8F%D0%B4%D1%83,https://zakon.rada.gov.ua/laws/show/4651-17,[],§ 1. Спрощене провадження щодо кримінальних проступків. Шлях: Кримінальне законодавство / Кримінальний процесуальний кодекс України / Розділ IV. Судове провадження у першій інстанції / Глава 30. Особливі порядки провадження в суді першої інстанції / § 1. Спрощене провадження щодо кримінальних проступків. Код: 250 20 40 40 10.,,,2026-10-05 18:41:38,2026-10-05 18:41:38
5561,250 20 40 40 20,250 20 40 40,5,§ 2. Провадження в суді присяжних,§ 2. Провадження в суді присяжних,250 / 250 20 / 250 20 40 / 250 20 40 40 / 250 20 40 40 20,Кримінальне законодавство / Кримінальний процесуальний кодекс України / Розділ IV. Судове провадження у першій інстанції / Глава 30. Особливі порядки провадження в суді першої інстанції / § 2. Провадження в суді присяжних,0,0,0,0,https://zakon.rada.gov.ua/laws/main/find?find_text=%D1%81%D1%83%D0%B4%20%D0%BF%D1%80%D0%B8%D1%81%D1%8F%D0%B6%D0%BD%D0%B8%D1%85%20%D1%84%D0%BE%D1%80%D0%BC%D1%83%D0%B2%D0%B0%D0%BD%D0%BD%D1%8F%20%D0%BB%D0%B0%D0%B2%D0%B8%20%D0%BF%D1%80%D0%B8%D1%81%D1%8F%D0%B6%D0%BD%D0%B8%D1%85%20%D0%BA%D1%80%D0%B8%D0%BC%D1%96%D0%BD%D0%B0%D0%BB%D1%8C%D0%BD%D0%B5%20%D0%BF%D1%80%D0%BE%D0%B2%D0%B0%D0%B4%D0%B6%D0%B5%D0%BD%D0%BD%D1%8F,https://zakon.rada.gov.ua/laws/show/4651-17,[],§ 2. Провадження в суді присяжних. Шлях: Кримінальне законодавство / Кримінальний процесуальний кодекс України / Розділ IV. Судове провадження у першій інстанції / Глава 30. Особливі порядки провадження в суді першої інстанції / § 2. Провадження в суді присяжних. Код: 250 20 40 40 20.,,,2026-10-05 18:41:38,2026-10-05 18:41:38
5562,250 20 50,250 20,3,Розділ V. Судове провадження з перегляду судових рішень,Розділ V. Судове провадження з перегляду судових рішень,250 / 250 20 / 250 20 50,Кримінальне законодавство / Кримінальний процесуальний кодекс України / Розділ V. Судове провадження з перегляду судових рішень,1,3,0,0,https://zakon.rada.gov.ua/laws/main/find?find_text=%D0%B0%D0%BF%D0%B5%D0%BB%D1%8F%D1%86%D1%96%D0%B9%D0%BD%D0%B5%20%D0%BA%D0%B0%D1%81%D0%B0%D1%86%D1%96%D0%B9%D0%BD%D0%B5%20%D0%BF%D1%80%D0%BE%D0%B2%D0%B0%D0%B4%D0%B6%D0%B5%D0%BD%D0%BD%D1%8F%20%D0%BD%D0%BE%D0%B2%D0%BE%D0%B2%D0%B8%D1%8F%D0%B2%D0%BB%D0%B5%D0%BD%D1%96%20%D0%BE%D0%B1%D1%81%D1%82%D0%B0%D0%B2%D0%B8%D0%BD%D0%B8%20%D0%B2%D0%B5%D1%80%D1%85%D0%BE%D0%B2%D0%BD%D0%B8%D0%B9%20%D1%81%D1%83%D0%B4,https://zakon.rada.gov.ua/laws/show/4651-17#n2169,[],Розділ V. Судове провадження з перегляду судових рішень. Шлях: Кримінальне законодавство / Кримінальний процесуальний кодекс України / Розділ V. Судове провадження з перегляду судових рішень. Код: 250 20 50.,,,2026-10-05 18:41:38,2026-10-05 18:41:38
5563,250 20 50 10,250 20 50,4,Глава 31. Провадження в суді апеляційної інстанції,Глава 31. Провадження в суді апеляційної інстанції,250 / 250 20 / 250 20 50 / 250 20 50 10,Кримінальне законодавство / Кримінальний процесуальний кодекс України / Розділ V. Судове провадження з перегляду судових рішень / Глава 31. Провадження в суді апеляційної інстанції,0,0,0,0,https://zakon.rada.gov.ua/laws/main/find?find_text=%D0%B0%D0%BF%D0%B5%D0%BB%D1%8F%D1%86%D1%96%D0%B9%D0%BD%D0%B5%20%D0%BE%D1%81%D0%BA%D0%B0%D1%80%D0%B6%D0%B5%D0%BD%D0%BD%D1%8F%20%D0%B0%D0%BF%D0%B5%D0%BB%D1%8F%D1%86%D1%96%D0%B9%D0%BD%D0%B0%20%D1%96%D0%BD%D1%81%D1%82%D0%B0%D0%BD%D1%86%D1%96%D1%8F%20%D0%B2%D0%B8%D1%80%D0%BE%D0%BA%20%D1%83%D1%85%D0%B2%D0%B0%D0%BB%D0%B0%20%D1%81%D0%BA%D0%B0%D1%80%D0%B3%D0%B0,https://zakon.rada.gov.ua/laws/show/4651-17,[],Глава 31. Провадження в суді апеляційної інстанції. Шлях: Кримінальне законодавство / Кримінальний процесуальний кодекс України / Розділ V. Судове провадження з перегляду судових рішень / Глава 31. Провадження в суді апеляційної інстанції. Код: 250 20 50 10.,,,2026-10-05 18:41:38,2026-10-05 18:41:38
5564,250 20 50 20,250 20 50,4,Глава 32. Провадження в суді касаційної інстанції,Глава 32. Провадження в суді касаційної інстанції,250 / 250 20 / 250 20 50 / 250 20 50 20,Кримінальне законодавство / Кримінальний процесуальний кодекс України / Розділ V. Судове провадження з перегляду судових рішень / Глава 32. Провадження в суді касаційної інстанції,0,0,0,0,https://zakon.rada.gov.ua/laws/main/find?find_text=%D0%BA%D0%B0%D1%81%D0%B0%D1%86%D1%96%D0%B9%D0%BD%D0%B5%20%D0%BE%D1%81%D0%BA%D0%B0%D1%80%D0%B6%D0%B5%D0%BD%D0%BD%D1%8F%20%D0%B2%D0%B5%D1%80%D1%85%D0%BE%D0%B2%D0%BD%D0%B8%D0%B9%20%D1%81%D1%83%D0%B4%20%D0%BA%D0%B0%D1%81%D0%B0%D1%86%D1%96%D0%B9%D0%BD%D0%B0%20%D1%81%D0%BA%D0%B0%D1%80%D0%B3%D0%B0%20%D1%96%D1%81%D1%82%D0%BE%D1%82%D0%BD%D1%96%20%D0%BF%D0%BE%D1%80%D1%83%D1%88%D0%B5%D0%BD%D0%BD%D1%8F,https://zakon.rada.gov.ua/laws/show/4651-17,[],Глава 32. Провадження в суді касаційної інстанції. Шлях: Кримінальне законодавство / Кримінальний процесуальний кодекс України / Розділ V. Судове провадження з перегляду судових рішень / Глава 32. Провадження в суді касаційної інстанції. Код: 250 20 50 20.,,,2026-10-05 18:41:38,2026-10-05 18:41:38
5565,250 20 50 30,250 20 50,4,Глава 34. Провадження за нововиявленими або виключними обставинами,Глава 34. Провадження за нововиявленими або виключними обставинами,250 / 250 20 / 250 20 50 / 250 20 50 30,Кримінальне законодавство / Кримінальний процесуальний кодекс України / Розділ V. Судове провадження з перегляду судових рішень / Глава 34. Провадження за нововиявленими або виключними обставинами,0,0,0,0,https://zakon.rada.gov.ua/laws/main/find?find_text=%D0%BD%D0%BE%D0%B2%D0%BE%D0%B2%D0%B8%D1%8F%D0%B2%D0%BB%D0%B5%D0%BD%D1%96%20%D0%B2%D0%B8%D0%BA%D0%BB%D1%8E%D1%87%D0%BD%D1%96%20%D0%BE%D0%B1%D1%81%D1%82%D0%B0%D0%B2%D0%B8%D0%BD%D0%B8%20%D0%BF%D0%B5%D1%80%D0%B5%D0%B3%D0%BB%D1%8F%D0%B4%20%D1%81%D1%83%D0%B4%D0%BE%D0%B2%D0%BE%D0%B3%D0%BE%20%D1%80%D1%96%D1%88%D0%B5%D0%BD%D0%BD%D1%8F,https://zakon.rada.gov.ua/laws/show/4651-17,[],Глава 34. Провадження за нововиявленими або виключними обставинами. Шлях: Кримінальне законодавство / Кримінальний процесуальний кодекс України / Розділ V. Судове провадження з перегляду судових рішень / Глава 34. Провадження за нововиявленими або виключними обставинами. Код: 250 20 50 30.,,,2026-10-05 18:41:38,2026-10-05 18:41:38
5566,250 20 60,250 20,3,Розділ VI. Особливі порядки кримінального провадження,Розділ VI. Особливі порядки кримінального провадження,250 / 250 20 / 250 20 60,Кримінальне законодавство / Кримінальний процесуальний кодекс України / Розділ VI. Особливі порядки кримінального провадження,1,9,0,0,https://zakon.rada.gov.ua/laws/main/find?find_text=%D1%83%D0%B3%D0%BE%D0%B4%D0%B8%20%D0%BF%D1%80%D0%BE%20%D0%B2%D0%B8%D0%B7%D0%BD%D0%B0%D0%BD%D0%BD%D1%8F%20%D0%B2%D0%B8%D0%BD%D1%83%D0%B2%D0%B0%D1%82%D0%BE%D1%81%D1%82%D1%96%20%D0%BF%D1%80%D0%B8%D0%BC%D0%B8%D1%80%D0%B5%D0%BD%D0%BD%D1%8F%20%D1%89%D0%BE%D0%B4%D0%BE%20%D0%BD%D0%B5%D0%BF%D0%BE%D0%B2%D0%BD%D0%BE%D0%BB%D1%96%D1%82%D0%BD%D1%96%D1%85%20%D0%BC%D0%B5%D0%B4%D0%B8%D1%87%D0%BD%D1%96%20%D0%B7%D0%B0%D1%85%D0%BE%D0%B4%D0%B8%20in%20absentia,https://zakon.rada.gov.ua/laws/show/4651-17#n2652,[],Розділ VI. Особливі порядки кримінального провадження. Шлях: Кримінальне законодавство / Кримінальний процесуальний кодекс України / Розділ VI. Особливі порядки кримінального провадження. Код: 250 20 60.,,,2026-10-05 18:41:38,2026-10-05 18:41:38
5567,250 20 60 10,250 20 60,4,Глава 35. Кримінальне провадження на підставі угод,Глава 35. Кримінальне провадження на підставі угод,250 / 250 20 / 250 20 60 / 250 20 60 10,Кримінальне законодавство / Кримінальний процесуальний кодекс України / Розділ VI. Особливі порядки кримінального провадження / Глава 35. Кримінальне провадження на підставі угод,0,0,0,0,https://zakon.rada.gov.ua/laws/main/find?find_text=%D1%83%D0%B3%D0%BE%D0%B4%D0%B0%20%D0%BF%D1%80%D0%BE%20%D0%BF%D1%80%D0%B8%D0%BC%D0%B8%D1%80%D0%B5%D0%BD%D0%BD%D1%8F%20%D1%83%D0%B3%D0%BE%D0%B4%D0%B0%20%D0%BF%D1%80%D0%BE%20%D0%B2%D0%B8%D0%B7%D0%BD%D0%B0%D0%BD%D0%BD%D1%8F%20%D0%B2%D0%B8%D0%BD%D1%83%D0%B2%D0%B0%D1%82%D0%BE%D1%81%D1%82%D1%96%20%D0%BA%D1%80%D0%B8%D0%BC%D1%96%D0%BD%D0%B0%D0%BB%D1%8C%D0%BD%D0%B5%20%D0%BF%D1%80%D0%BE%D0%B2%D0%B0%D0%B4%D0%B6%D0%B5%D0%BD%D0%BD%D1%8F,https://zakon.rada.gov.ua/laws/show/4651-17,[],Глава 35. Кримінальне провадження на підставі угод. Шлях: Кримінальне законодавство / Кримінальний процесуальний кодекс України / Розділ VI. Особливі порядки кримінального провадження / Глава 35. Кримінальне провадження на підставі угод. Код: 250 20 60 10.,,,2026-10-05 18:41:38,2026-10-05 18:41:38
5568,250 20 60 20,250 20 60,4,Глава 36. Кримінальне провадження у формі приватного обвинувачення,Глава 36. Кримінальне провадження у формі приватного обвинувачення,250 / 250 20 / 250 20 60 / 250 20 60 20,Кримінальне законодавство / Кримінальний процесуальний кодекс України / Розділ VI. Особливі порядки кримінального провадження / Глава 36. Кримінальне провадження у формі приватного обвинувачення,0,0,0,0,https://zakon.rada.gov.ua/laws/main/find?find_text=%D0%BF%D1%80%D0%B8%D0%B2%D0%B0%D1%82%D0%BD%D0%B5%20%D0%BE%D0%B1%D0%B2%D0%B8%D0%BD%D1%83%D0%B2%D0%B0%D1%87%D0%B5%D0%BD%D0%BD%D1%8F%20%D0%BF%D0%BE%D1%82%D0%B5%D1%80%D0%BF%D1%96%D0%BB%D0%B8%D0%B9%20%D0%B7%D0%B0%D0%BA%D1%80%D0%B8%D1%82%D1%82%D1%8F%20%D0%B2%D1%96%D0%B4%D0%BC%D0%BE%D0%B2%D0%B0%20%D0%B2%D1%96%D0%B4%20%D0%BE%D0%B1%D0%B2%D0%B8%D0%BD%D1%83%D0%B2%D0%B0%D1%87%D0%B5%D0%BD%D0%BD%D1%8F,https://zakon.rada.gov.ua/laws/show/4651-17,[],Глава 36. Кримінальне провадження у формі приватного обвинувачення. Шлях: Кримінальне законодавство / Кримінальний процесуальний кодекс України / Розділ VI. Особливі порядки кримінального провадження / Глава 36. Кримінальне провадження у формі приватного обвинувачення. Код: 250 20 60 20.,,,2026-10-05 18:41:38,2026-10-05 18:41:38
5569,250 20 60 30,250 20 60,4,"Глава 36-1. Кримінальне провадження щодо діяння, кримінальна протиправність якого була встановлена законом, що втратив чинність","Глава 36-1. Кримінальне провадження щодо діяння, кримінальна протиправність якого була встановлена законом, що втратив чинність",250 / 250 20 / 250 20 60 / 250 20 60 30,"Кримінальне законодавство / Кримінальний процесуальний кодекс України / Розділ VI. Особливі порядки кримінального провадження / Глава 36-1. Кримінальне провадження щодо діяння, кримінальна протиправність якого була встановлена законом, що втратив чинність",0,0,0,0,https://zakon.rada.gov.ua/laws/main/find?find_text=%D0%B4%D0%B5%D0%BA%D1%80%D0%B8%D0%BC%D1%96%D0%BD%D0%B0%D0%BB%D1%96%D0%B7%D0%B0%D1%86%D1%96%D1%8F%20%D0%B7%D0%B0%D0%BA%D0%BE%D0%BD%20%D0%B2%D1%82%D1%80%D0%B0%D1%82%D0%B8%D0%B2%20%D1%87%D0%B8%D0%BD%D0%BD%D1%96%D1%81%D1%82%D1%8C%20%D0%B7%D0%B0%D0%BA%D1%80%D0%B8%D1%82%D1%82%D1%8F,https://zakon.rada.gov.ua/laws/show/4651-17,[],"Глава 36-1. Кримінальне провадження щодо діяння, кримінальна протиправність якого була встановлена законом, що втратив чинність. Шлях: Кримінальне законодавство / Кримінальний процесуальний кодекс України / Розділ VI. Особливі порядки кримінального провадження / Глава 36-1. Кримінальне провадження щодо діяння, кримінальна протиправність якого була встановлена законом, що втратив чинність. Код: 250 20 60 30.",,,2026-10-05 18:41:38,2026-10-05 18:41:38
5570,250 20 60 40,250 20 60,4,Глава 37. Кримінальне провадження щодо окремої категорії осіб,Глава 37. Кримінальне провадження щодо окремої категорії осіб,250 / 250 20 / 250 20 60 / 250 20 60 40,Кримінальне законодавство / Кримінальний процесуальний кодекс України / Розділ VI. Особливі порядки кримінального провадження / Глава 37. Кримінальне провадження щодо окремої категорії осіб,0,0,0,0,https://zakon.rada.gov.ua/laws/main/find?find_text=%D0%BD%D0%B0%D1%80%D0%BE%D0%B4%D0%BD%D0%B8%D0%B9%20%D0%B4%D0%B5%D0%BF%D1%83%D1%82%D0%B0%D1%82%20%D1%81%D1%83%D0%B4%D0%B4%D1%8F%20%D0%B0%D0%B4%D0%B2%D0%BE%D0%BA%D0%B0%D1%82%20%D0%BE%D1%81%D0%BE%D0%B1%D0%BB%D0%B8%D0%B2%D0%BE%D1%81%D1%82%D1%96%20%D0%BF%D0%BE%D0%B2%D1%96%D0%B4%D0%BE%D0%BC%D0%BB%D0%B5%D0%BD%D0%BD%D1%8F%20%D0%BF%D1%80%D0%BE%20%D0%BF%D1%96%D0%B4%D0%BE%D0%B7%D1%80%D1%83,https://zakon.rada.gov.ua/laws/show/4651-17,[],Глава 37. Кримінальне провадження щодо окремої категорії осіб. Шлях: Кримінальне законодавство / Кримінальний процесуальний кодекс України / Розділ VI. Особливі порядки кримінального провадження / Глава 37. Кримінальне провадження щодо окремої категорії осіб. Код: 250 20 60 40.,,,2026-10-05 18:41:38,2026-10-05 18:41:38
5571,250 20 60 50,250 20 60,4,Глава 37-1. Кримінальне провадження щодо застосування до юридичної особи заходів кримінально-правового характеру у спеціальному порядку,Глава 37-1. Кримінальне провадження щодо застосування до юридичної особи заходів кримінально-правового характеру у спеціальному порядку,250 / 250 20 / 250 20 60 / 250 20 60 50,Кримінальне законодавство / Кримінальний процесуальний кодекс України / Розділ VI. Особливі порядки кримінального провадження / Глава 37-1. Кримінальне провадження щодо застосування до юридичної особи заходів кримінально-правового характеру у спеціальному порядку,0,0,0,0,https://zakon.rada.gov.ua/laws/main/find?find_text=%D0%B7%D0%B0%D1%85%D0%BE%D0%B4%D0%B8%20%D0%B4%D0%BE%20%D1%8E%D1%80%D0%B8%D0%B4%D0%B8%D1%87%D0%BD%D0%BE%D1%97%20%D0%BE%D1%81%D0%BE%D0%B1%D0%B8%20%D1%81%D0%BF%D0%B5%D1%86%D1%96%D0%B0%D0%BB%D1%8C%D0%BD%D0%B8%D0%B9%20%D0%BF%D0%BE%D1%80%D1%8F%D0%B4%D0%BE%D0%BA%20%D0%BB%D1%96%D0%BA%D0%B2%D1%96%D0%B4%D0%B0%D1%86%D1%96%D1%8F%20%D0%BA%D0%BE%D0%BD%D1%84%D1%96%D1%81%D0%BA%D0%B0%D1%86%D1%96%D1%8F,https://zakon.rada.gov.ua/laws/show/4651-17,[],Глава 37-1. Кримінальне провадження щодо застосування до юридичної особи заходів кримінально-правового характеру у спеціальному порядку. Шлях: Кримінальне законодавство / Кримінальний процесуальний кодекс України / Розділ VI. Особливі порядки кримінального провадження / Глава 37-1. Кримінальне провадження щодо застосування до юридичної особи заходів кримінально-правового характеру у спеціальному порядку. Код: 250 20 60 50.,,,2026-10-05 18:41:38,2026-10-05 18:41:38
5572,250 20 60 60,250 20 60,4,Глава 38. Кримінальне провадження щодо неповнолітніх,Глава 38. Кримінальне провадження щодо неповнолітніх,250 / 250 20 / 250 20 60 / 250 20 60 60,Кримінальне законодавство / Кримінальний процесуальний кодекс України / Розділ VI. Особливі порядки кримінального провадження / Глава 38. Кримінальне провадження щодо неповнолітніх,1,2,0,0,https://zakon.rada.gov.ua/laws/main/find?find_text=%D0%BA%D1%80%D0%B8%D0%BC%D1%96%D0%BD%D0%B0%D0%BB%D1%8C%D0%BD%D0%B5%20%D0%BF%D1%80%D0%BE%D0%B2%D0%B0%D0%B4%D0%B6%D0%B5%D0%BD%D0%BD%D1%8F%20%D1%89%D0%BE%D0%B4%D0%BE%20%D0%BD%D0%B5%D0%BF%D0%BE%D0%B2%D0%BD%D0%BE%D0%BB%D1%96%D1%82%D0%BD%D1%96%D1%85,https://zakon.rada.gov.ua/laws/show/4651-17,[],Глава 38. Кримінальне провадження щодо неповнолітніх. Шлях: Кримінальне законодавство / Кримінальний процесуальний кодекс України / Розділ VI. Особливі порядки кримінального провадження / Глава 38. Кримінальне провадження щодо неповнолітніх. Код: 250 20 60 60.,,,2026-10-05 18:41:38,2026-10-05 18:41:38
5573,250 20 60 60 10,250 20 60 60,5,§ 1. Загальні правила кримінального провадження щодо неповнолітніх,§ 1. Загальні правила кримінального провадження щодо неповнолітніх,250 / 250 20 / 250 20 60 / 250 20 60 60 / 250 20 60 60 10,Кримінальне законодавство / Кримінальний процесуальний кодекс України / Розділ VI. Особливі порядки кримінального провадження / Глава 38. Кримінальне провадження щодо неповнолітніх / § 1. Загальні правила кримінального провадження щодо неповнолітніх,0,0,0,0,https://zakon.rada.gov.ua/laws/main/find?find_text=%D0%BD%D0%B5%D0%BF%D0%BE%D0%B2%D0%BD%D0%BE%D0%BB%D1%96%D1%82%D0%BD%D1%96%D0%B9%20%D0%B4%D0%BE%D0%BF%D0%B8%D1%82%20%D0%B7%D0%B0%D0%BA%D0%BE%D0%BD%D0%BD%D0%B8%D0%B9%20%D0%BF%D1%80%D0%B5%D0%B4%D1%81%D1%82%D0%B0%D0%B2%D0%BD%D0%B8%D0%BA%20%D0%BF%D0%B5%D0%B4%D0%B0%D0%B3%D0%BE%D0%B3%20%D0%BF%D1%81%D0%B8%D1%85%D0%BE%D0%BB%D0%BE%D0%B3%20%D0%BF%D1%96%D0%B4%D0%BE%D0%B7%D1%80%D0%B0,https://zakon.rada.gov.ua/laws/show/4651-17,[],§ 1. Загальні правила кримінального провадження щодо неповнолітніх. Шлях: Кримінальне законодавство / Кримінальний процесуальний кодекс України / Розділ VI. Особливі порядки кримінального провадження / Глава 38. Кримінальне провадження щодо неповнолітніх / § 1. Загальні правила кримінального провадження щодо неповнолітніх. Код: 250 20 60 60 10.,,,2026-10-05 18:41:38,2026-10-05 18:41:38
5574,250 20 60 60 20,250 20 60 60,5,"§ 2. Застосування примусових заходів виховного характеру до неповнолітніх, які не досягли віку кримінальної відповідальності","§ 2. Застосування примусових заходів виховного характеру до неповнолітніх, які не досягли віку кримінальної відповідальності",250 / 250 20 / 250 20 60 / 250 20 60 60 / 250 20 60 60 20,"Кримінальне законодавство / Кримінальний процесуальний кодекс України / Розділ VI. Особливі порядки кримінального провадження / Глава 38. Кримінальне провадження щодо неповнолітніх / § 2. Застосування примусових заходів виховного характеру до неповнолітніх, які не досягли віку кримінальної відповідальності",0,0,0,0,https://zakon.rada.gov.ua/laws/main/find?find_text=%D0%BF%D1%80%D0%B8%D0%BC%D1%83%D1%81%D0%BE%D0%B2%D1%96%20%D0%B7%D0%B0%D1%85%D0%BE%D0%B4%D0%B8%20%D0%B2%D0%B8%D1%85%D0%BE%D0%B2%D0%BD%D0%BE%D0%B3%D0%BE%20%D1%85%D0%B0%D1%80%D0%B0%D0%BA%D1%82%D0%B5%D1%80%D1%83%20%D0%BD%D0%B5%D0%BF%D0%BE%D0%B2%D0%BD%D0%BE%D0%BB%D1%96%D1%82%D0%BD%D1%96%20%D0%B2%D1%96%D0%BA%20%D0%B2%D1%96%D0%B4%D0%BF%D0%BE%D0%B2%D1%96%D0%B4%D0%B0%D0%BB%D1%8C%D0%BD%D0%BE%D1%81%D1%82%D1%96,https://zakon.rada.gov.ua/laws/show/4651-17,[],"§ 2. Застосування примусових заходів виховного характеру до неповнолітніх, які не досягли віку кримінальної відповідальності. Шлях: Кримінальне законодавство / Кримінальний процесуальний кодекс України / Розділ VI. Особливі порядки кримінального провадження / Глава 38. Кримінальне провадження щодо неповнолітніх / § 2. Застосування примусових заходів виховного характеру до неповнолітніх, які не досягли віку кримінальної відповідальності. Код: 250 20 60 60 20.",,,2026-10-05 18:41:38,2026-10-05 18:41:38
5575,250 20 60 70,250 20 60,4,Глава 39. Кримінальне провадження щодо застосування примусових заходів медичного характеру,Глава 39. Кримінальне провадження щодо застосування примусових заходів медичного характеру,250 / 250 20 / 250 20 60 / 250 20 60 70,Кримінальне законодавство / Кримінальний процесуальний кодекс України / Розділ VI. Особливі порядки кримінального провадження / Глава 39. Кримінальне провадження щодо застосування примусових заходів медичного характеру,0,0,0,0,https://zakon.rada.gov.ua/laws/main/find?find_text=%D0%BF%D1%80%D0%B8%D0%BC%D1%83%D1%81%D0%BE%D0%B2%D1%96%20%D0%B7%D0%B0%D1%85%D0%BE%D0%B4%D0%B8%20%D0%BC%D0%B5%D0%B4%D0%B8%D1%87%D0%BD%D0%BE%D0%B3%D0%BE%20%D1%85%D0%B0%D1%80%D0%B0%D0%BA%D1%82%D0%B5%D1%80%D1%83%20%D0%BD%D0%B5%D0%BE%D1%81%D1%83%D0%B4%D0%BD%D1%96%D1%81%D1%82%D1%8C%20%D0%BF%D1%81%D0%B8%D1%85%D1%96%D0%B0%D1%82%D1%80%D0%B8%D1%87%D0%BD%D0%B8%D0%B9%20%D0%B7%D0%B0%D0%BA%D0%BB%D0%B0%D0%B4,https://zakon.rada.gov.ua/laws/show/4651-17,[],Глава 39. Кримінальне провадження щодо застосування примусових заходів медичного характеру. Шлях: Кримінальне законодавство / Кримінальний процесуальний кодекс України / Розділ VI. Особливі порядки кримінального провадження / Глава 39. Кримінальне провадження щодо застосування примусових заходів медичного характеру. Код: 250 20 60 70.,,,2026-10-05 18:41:38,2026-10-05 18:41:38
5576,250 20 60 80,250 20 60,4,"Глава 40. Кримінальне провадження, яке містить відомості, що становлять державну таємницю","Глава 40. Кримінальне провадження, яке містить відомості, що становлять державну таємницю",250 / 250 20 / 250 20 60 / 250 20 60 80,"Кримінальне законодавство / Кримінальний процесуальний кодекс України / Розділ VI. Особливі порядки кримінального провадження / Глава 40. Кримінальне провадження, яке містить відомості, що становлять державну таємницю",0,0,0,0,https://zakon.rada.gov.ua/laws/main/find?find_text=%D0%B2%D1%96%D0%B4%D0%BE%D0%BC%D0%BE%D1%81%D1%82%D1%96%20%D0%B4%D0%B5%D1%80%D0%B6%D0%B0%D0%B2%D0%BD%D0%B0%20%D1%82%D0%B0%D1%94%D0%BC%D0%BD%D0%B8%D1%86%D1%8F%20%D0%B4%D0%BE%D1%81%D1%82%D1%83%D0%BF%20%D0%B4%D0%BE%D0%BF%D1%83%D1%81%D0%BA%20%D1%80%D0%B5%D0%B6%D0%B8%D0%BC%20%D1%81%D0%B5%D0%BA%D1%80%D0%B5%D1%82%D0%BD%D0%BE%D1%81%D1%82%D1%96,https://zakon.rada.gov.ua/laws/show/4651-17,[],"Глава 40. Кримінальне провадження, яке містить відомості, що становлять державну таємницю. Шлях: Кримінальне законодавство / Кримінальний процесуальний кодекс України / Розділ VI. Особливі порядки кримінального провадження / Глава 40. Кримінальне провадження, яке містить відомості, що становлять державну таємницю. Код: 250 20 60 80.",,,2026-10-05 18:41:38,2026-10-05 18:41:38
5577,250 20 60 90,250 20 60,4,"Глава 41. Кримінальне провадження на території дипломатичних представництв, консульських установ України, на повітряному, морському чи річковому судні, що перебуває за межами України під прапором або з розпізнавальним знаком України, якщо це судно приписано до порту, розташованого в Україні","Глава 41. Кримінальне провадження на території дипломатичних представництв, консульських установ України, на повітряному, морському чи річковому судні, що перебуває за межами України під прапором або з розпізнавальним знаком України, якщо це судно приписано до порту, розташованого в Україні",250 / 250 20 / 250 20 60 / 250 20 60 90,"Кримінальне законодавство / Кримінальний процесуальний кодекс України / Розділ VI. Особливі порядки кримінального провадження / Глава 41. Кримінальне провадження на території дипломатичних представництв, консульських установ України, на повітряному, морському чи річковому судні, що перебуває за межами України під прапором або з розпізнавальним знаком України, якщо це судно приписано до порту, розташованого в Україні",0,0,0,0,https://zakon.rada.gov.ua/laws/main/find?find_text=%D0%B4%D0%B8%D0%BF%D0%BB%D0%BE%D0%BC%D0%B0%D1%82%D0%B8%D1%87%D0%BD%D1%96%20%D0%BF%D1%80%D0%B5%D0%B4%D1%81%D1%82%D0%B0%D0%B2%D0%BD%D0%B8%D1%86%D1%82%D0%B2%D0%B0%20%D0%BA%D0%BE%D0%BD%D1%81%D1%83%D0%BB%D1%8C%D1%81%D1%8C%D0%BA%D1%96%20%D1%83%D1%81%D1%82%D0%B0%D0%BD%D0%BE%D0%B2%D0%B8%20%D1%81%D1%83%D0%B4%D0%BD%D0%BE%20%D0%BF%D1%80%D0%B0%D0%BF%D0%BE%D1%80,https://zakon.rada.gov.ua/laws/show/4651-17,[],"Глава 41. Кримінальне провадження на території дипломатичних представництв, консульських установ України, на повітряному, морському чи річковому судні, що перебуває за межами України під прапором або з розпізнавальним знаком України, якщо це судно приписано до порту, розташованого в Україні. Шлях: Кримінальне законодавство / Кримінальний процесуальний кодекс України / Розділ VI. Особливі порядки кримінального провадження / Глава 41. Кримінальне провадження на території дипломатичних представництв, консульських установ України, на повітряному, морському чи річковому судні, що перебуває за межами України під прапором або з розпізнавальним знаком України, якщо це судно приписано до порту, розташованого в Україні. Код: 250 20 60 90.",,,2026-10-05 18:41:38,2026-10-05 18:41:38
5578,250 20 70,250 20,3,Розділ VII. Відновлення втрачених матеріалів кримінального провадження,Розділ VII. Відновлення втрачених матеріалів кримінального провадження,250 / 250 20 / 250 20 70,Кримінальне законодавство / Кримінальний процесуальний кодекс України / Розділ VII. Відновлення втрачених матеріалів кримінального провадження,0,0,0,0,https://zakon.rada.gov.ua/laws/main/find?find_text=%D0%B2%D1%96%D0%B4%D0%BD%D0%BE%D0%B2%D0%BB%D0%B5%D0%BD%D0%BD%D1%8F%20%D0%B2%D1%82%D1%80%D0%B0%D1%87%D0%B5%D0%BD%D0%B8%D1%85%20%D0%BC%D0%B0%D1%82%D0%B5%D1%80%D1%96%D0%B0%D0%BB%D1%96%D0%B2%20%D0%BA%D1%80%D0%B8%D0%BC%D1%96%D0%BD%D0%B0%D0%BB%D1%8C%D0%BD%D0%BE%D0%B3%D0%BE%20%D0%BF%D1%80%D0%BE%D0%B2%D0%B0%D0%B4%D0%B6%D0%B5%D0%BD%D0%BD%D1%8F%20%D0%B2%D0%B8%D1%80%D0%BE%D0%BA%20%D1%81%D1%83%D0%B4,https://zakon.rada.gov.ua/laws/show/4651-17#n2976,[],Розділ VII. Відновлення втрачених матеріалів кримінального провадження. Шлях: Кримінальне законодавство / Кримінальний процесуальний кодекс України / Розділ VII. Відновлення втрачених матеріалів кримінального провадження. Код: 250 20 70.,,,2026-10-05 18:41:38,2026-10-05 18:41:38
5579,250 20 80,250 20,3,Розділ VIII. Виконання судових рішень,Розділ VIII. Виконання судових рішень,250 / 250 20 / 250 20 80,Кримінальне законодавство / Кримінальний процесуальний кодекс України / Розділ VIII. Виконання судових рішень,0,0,0,0,https://zakon.rada.gov.ua/laws/main/find?find_text=%D0%B2%D0%B8%D0%BA%D0%BE%D0%BD%D0%B0%D0%BD%D0%BD%D1%8F%20%D1%81%D1%83%D0%B4%D0%BE%D0%B2%D0%B8%D1%85%20%D1%80%D1%96%D1%88%D0%B5%D0%BD%D1%8C%20%D0%B7%D0%B0%D0%BA%D0%BE%D0%BD%D0%BD%D0%B0%20%D1%81%D0%B8%D0%BB%D0%B0%20%D0%B2%D0%B8%D0%BA%D0%BE%D0%BD%D0%B0%D0%BD%D0%BD%D1%8F%20%D0%B2%D0%B8%D1%80%D0%BE%D0%BA%D1%83%20%D0%BF%D0%B8%D1%82%D0%B0%D0%BD%D0%BD%D1%8F%20%D1%81%D1%83%D0%B4%D1%83,https://zakon.rada.gov.ua/laws/show/4651-17#n3000,[],Розділ VIII. Виконання судових рішень. Шлях: Кримінальне законодавство / Кримінальний процесуальний кодекс України / Розділ VIII. Виконання судових рішень. Код: 250 20 80.,,,2026-10-05 18:41:38,2026-10-05 18:41:38
5580,250 20 90,250 20,3,Розділ IX. Міжнародне співробітництво під час кримінального провадження,Розділ IX. Міжнародне співробітництво під час кримінального провадження,250 / 250 20 / 250 20 90,Кримінальне законодавство / Кримінальний процесуальний кодекс України / Розділ IX. Міжнародне співробітництво під час кримінального провадження,1,5,0,0,https://zakon.rada.gov.ua/laws/main/find?find_text=%D0%B5%D0%BA%D1%81%D1%82%D1%80%D0%B0%D0%B4%D0%B8%D1%86%D1%96%D1%8F%20%D0%BC%D1%96%D0%B6%D0%BD%D0%B0%D1%80%D0%BE%D0%B4%D0%BD%D0%B0%20%D0%BF%D1%80%D0%B0%D0%B2%D0%BE%D0%B2%D0%B0%20%D0%B4%D0%BE%D0%BF%D0%BE%D0%BC%D0%BE%D0%B3%D0%B0%20%D0%BF%D0%B5%D1%80%D0%B5%D0%B9%D0%BD%D1%8F%D1%82%D1%82%D1%8F%20%D0%BA%D1%80%D0%B8%D0%BC%D1%96%D0%BD%D0%B0%D0%BB%D1%8C%D0%BD%D0%BE%D0%B3%D0%BE%20%D0%BF%D0%B5%D1%80%D0%B5%D1%81%D0%BB%D1%96%D0%B4%D1%83%D0%B2%D0%B0%D0%BD%D0%BD%D1%8F,https://zakon.rada.gov.ua/laws/show/4651-17#n3041,[],Розділ IX. Міжнародне співробітництво під час кримінального провадження. Шлях: Кримінальне законодавство / Кримінальний процесуальний кодекс України / Розділ IX. Міжнародне співробітництво під час кримінального провадження. Код: 250 20 90.,,,2026-10-05 18:41:38,2026-10-05 18:41:38
5581,250 20 90 10,250 20 90,4,Глава 42. Загальні засади міжнародного співробітництва,Глава 42. Загальні засади міжнародного співробітництва,250 / 250 20 / 250 20 90 / 250 20 90 10,Кримінальне законодавство / Кримінальний процесуальний кодекс України / Розділ IX. Міжнародне співробітництво під час кримінального провадження / Глава 42. Загальні засади міжнародного співробітництва,0,0,0,0,https://zakon.rada.gov.ua/laws/main/find?find_text=%D0%B7%D0%B0%D0%B3%D0%B0%D0%BB%D1%8C%D0%BD%D1%96%20%D0%B7%D0%B0%D1%81%D0%B0%D0%B4%D0%B8%20%D0%BC%D1%96%D0%B6%D0%BD%D0%B0%D1%80%D0%BE%D0%B4%D0%BD%D0%BE%D0%B3%D0%BE%20%D1%81%D0%BF%D1%96%D0%B2%D1%80%D0%BE%D0%B1%D1%96%D1%82%D0%BD%D0%B8%D1%86%D1%82%D0%B2%D0%B0%20%D1%86%D0%B5%D0%BD%D1%82%D1%80%D0%B0%D0%BB%D1%8C%D0%BD%D0%B8%D0%B9%20%D0%BE%D1%80%D0%B3%D0%B0%D0%BD,https://zakon.rada.gov.ua/laws/show/4651-17,[],Глава 42. Загальні засади міжнародного співробітництва. Шлях: Кримінальне законодавство / Кримінальний процесуальний кодекс України / Розділ IX. Міжнародне співробітництво під час кримінального провадження / Глава 42. Загальні засади міжнародного співробітництва. Код: 250 20 90 10.,,,2026-10-05 18:41:38,2026-10-05 18:41:38
5582,250 20 90 20,250 20 90,4,Глава 43. Міжнародна правова допомога при проведенні процесуальних дій,Глава 43. Міжнародна правова допомога при проведенні процесуальних дій,250 / 250 20 / 250 20 90 / 250 20 90 20,Кримінальне законодавство / Кримінальний процесуальний кодекс України / Розділ IX. Міжнародне співробітництво під час кримінального провадження / Глава 43. Міжнародна правова допомога при проведенні процесуальних дій,0,0,0,0,https://zakon.rada.gov.ua/laws/main/find?find_text=%D0%BC%D1%96%D0%B6%D0%BD%D0%B0%D1%80%D0%BE%D0%B4%D0%BD%D0%B0%20%D0%BF%D1%80%D0%B0%D0%B2%D0%BE%D0%B2%D0%B0%20%D0%B4%D0%BE%D0%BF%D0%BE%D0%BC%D0%BE%D0%B3%D0%B0%20%D0%B7%D0%B0%D0%BF%D0%B8%D1%82%20%D0%B2%D1%80%D1%83%D1%87%D0%B5%D0%BD%D0%BD%D1%8F%20%D0%B4%D0%BE%D0%BA%D1%83%D0%BC%D0%B5%D0%BD%D1%82%D1%96%D0%B2%20%D0%B2%D1%96%D0%B4%D0%B5%D0%BE%D0%BA%D0%BE%D0%BD%D1%84%D0%B5%D1%80%D0%B5%D0%BD%D1%86%D1%96%D1%8F,https://zakon.rada.gov.ua/laws/show/4651-17,[],Глава 43. Міжнародна правова допомога при проведенні процесуальних дій. Шлях: Кримінальне законодавство / Кримінальний процесуальний кодекс України / Розділ IX. Міжнародне співробітництво під час кримінального провадження / Глава 43. Міжнародна правова допомога при проведенні процесуальних дій. Код: 250 20 90 20.,,,2026-10-05 18:41:38,2026-10-05 18:41:38
5583,250 20 90 30,250 20 90,4,"Глава 44. Видача осіб, які вчинили кримінальне правопорушення (екстрадиція)","Глава 44. Видача осіб, які вчинили кримінальне правопорушення (екстрадиція)",250 / 250 20 / 250 20 90 / 250 20 90 30,"Кримінальне законодавство / Кримінальний процесуальний кодекс України / Розділ IX. Міжнародне співробітництво під час кримінального провадження / Глава 44. Видача осіб, які вчинили кримінальне правопорушення (екстрадиція)",0,0,0,0,https://zakon.rada.gov.ua/laws/main/find?find_text=%D0%B5%D0%BA%D1%81%D1%82%D1%80%D0%B0%D0%B4%D0%B8%D1%86%D1%96%D1%8F%20%D0%B2%D0%B8%D0%B4%D0%B0%D1%87%D0%B0%20%D0%BE%D1%81%D0%BE%D0%B1%D0%B8%20%D1%82%D0%B8%D0%BC%D1%87%D0%B0%D1%81%D0%BE%D0%B2%D0%B8%D0%B9%20%D0%B0%D1%80%D0%B5%D1%88%D1%82%20%D0%B5%D0%BA%D1%81%D1%82%D1%80%D0%B0%D0%B4%D0%B8%D1%86%D1%96%D0%B9%D0%BD%D0%B8%D0%B9%20%D0%B0%D1%80%D0%B5%D1%88%D1%82,https://zakon.rada.gov.ua/laws/show/4651-17,[],"Глава 44. Видача осіб, які вчинили кримінальне правопорушення (екстрадиція). Шлях: Кримінальне законодавство / Кримінальний процесуальний кодекс України / Розділ IX. Міжнародне співробітництво під час кримінального провадження / Глава 44. Видача осіб, які вчинили кримінальне правопорушення (екстрадиція). Код: 250 20 90 30.",,,2026-10-05 18:41:38,2026-10-05 18:41:38
5584,250 20 90 40,250 20 90,4,Глава 45. Кримінальне провадження у порядку перейняття,Глава 45. Кримінальне провадження у порядку перейняття,250 / 250 20 / 250 20 90 / 250 20 90 40,Кримінальне законодавство / Кримінальний процесуальний кодекс України / Розділ IX. Міжнародне співробітництво під час кримінального провадження / Глава 45. Кримінальне провадження у порядку перейняття,0,0,0,0,https://zakon.rada.gov.ua/laws/main/find?find_text=%D0%BF%D0%B5%D1%80%D0%B5%D0%B9%D0%BD%D1%8F%D1%82%D1%82%D1%8F%20%D0%BA%D1%80%D0%B8%D0%BC%D1%96%D0%BD%D0%B0%D0%BB%D1%8C%D0%BD%D0%BE%D0%B3%D0%BE%20%D0%BF%D1%80%D0%BE%D0%B2%D0%B0%D0%B4%D0%B6%D0%B5%D0%BD%D0%BD%D1%8F%20%D0%BA%D1%80%D0%B8%D0%BC%D1%96%D0%BD%D0%B0%D0%BB%D1%8C%D0%BD%D0%B5%20%D0%BF%D0%B5%D1%80%D0%B5%D1%81%D0%BB%D1%96%D0%B4%D1%83%D0%B2%D0%B0%D0%BD%D0%BD%D1%8F,https://zakon.rada.gov.ua/laws/show/4651-17,[],Глава 45. Кримінальне провадження у порядку перейняття. Шлях: Кримінальне законодавство / Кримінальний процесуальний кодекс України / Розділ IX. Міжнародне співробітництво під час кримінального провадження / Глава 45. Кримінальне провадження у порядку перейняття. Код: 250 20 90 40.,,,2026-10-05 18:41:38,2026-10-05 18:41:38
5585,250 20 90 50,250 20 90,4,Глава 46. Визнання та виконання вироків судів іноземних держав та передача засуджених осіб,Глава 46. Визнання та виконання вироків судів іноземних держав та передача засуджених осіб,250 / 250 20 / 250 20 90 / 250 20 90 50,Кримінальне законодавство / Кримінальний процесуальний кодекс України / Розділ IX. Міжнародне співробітництво під час кримінального провадження / Глава 46. Визнання та виконання вироків судів іноземних держав та передача засуджених осіб,0,0,0,0,https://zakon.rada.gov.ua/laws/main/find?find_text=%D0%B2%D0%B8%D0%B7%D0%BD%D0%B0%D0%BD%D0%BD%D1%8F%20%D0%B2%D0%B8%D1%80%D0%BE%D0%BA%D1%96%D0%B2%20%D1%96%D0%BD%D0%BE%D0%B7%D0%B5%D0%BC%D0%BD%D0%B8%D1%85%20%D1%81%D1%83%D0%B4%D1%96%D0%B2%20%D0%B2%D0%B8%D0%BA%D0%BE%D0%BD%D0%B0%D0%BD%D0%BD%D1%8F%20%D0%BF%D0%B5%D1%80%D0%B5%D0%B4%D0%B0%D1%87%D0%B0%20%D0%B7%D0%B0%D1%81%D1%83%D0%B4%D0%B6%D0%B5%D0%BD%D0%B8%D1%85,https://zakon.rada.gov.ua/laws/show/4651-17,[],Глава 46. Визнання та виконання вироків судів іноземних держав та передача засуджених осіб. Шлях: Кримінальне законодавство / Кримінальний процесуальний кодекс України / Розділ IX. Міжнародне співробітництво під час кримінального провадження / Глава 46. Визнання та виконання вироків судів іноземних держав та передача засуджених осіб. Код: 250 20 90 50.,,,2026-10-05 18:41:38,2026-10-05 18:41:38
5586,250 20 100,250 20,3,"Розділ IX-1. Особливий режим досудового розслідування, судового розгляду в умовах воєнного стану","Розділ IX-1. Особливий режим досудового розслідування, судового розгляду в умовах воєнного стану",250 / 250 20 / 250 20 100,"Кримінальне законодавство / Кримінальний процесуальний кодекс України / Розділ IX-1. Особливий режим досудового розслідування, судового розгляду в умовах воєнного стану",0,0,0,0,https://zakon.rada.gov.ua/laws/main/find?find_text=%D0%BE%D1%81%D0%BE%D0%B1%D0%BB%D0%B8%D0%B2%D0%B8%D0%B9%20%D1%80%D0%B5%D0%B6%D0%B8%D0%BC%20%D0%B2%D0%BE%D1%94%D0%BD%D0%BD%D0%B8%D0%B9%20%D1%81%D1%82%D0%B0%D0%BD%20%D1%81%D1%82%D0%B0%D1%82%D1%82%D1%8F%20615%20%D0%BA%D0%BF%D0%BA%20%D1%81%D1%82%D1%80%D0%BE%D0%BA%D0%B8%20%D0%BF%D0%BE%D0%B2%D0%BD%D0%BE%D0%B2%D0%B0%D0%B6%D0%B5%D0%BD%D0%BD%D1%8F%20%D0%BF%D1%80%D0%BE%D0%BA%D1%83%D1%80%D0%BE%D1%80%D0%B0,https://zakon.rada.gov.ua/laws/show/4651-17#n3464,[],"Розділ IX-1. Особливий режим досудового розслідування, судового розгляду в умовах воєнного стану. Шлях: Кримінальне законодавство / Кримінальний процесуальний кодекс України / Розділ IX-1. Особливий режим досудового розслідування, судового розгляду в умовах воєнного стану. Код: 250 20 100.",,,2026-10-05 18:41:38,2026-10-05 18:41:38
5587,250 20 110,250 20,3,Розділ IX-2. Особливості співробітництва з Міжнародним кримінальним судом,Розділ IX-2. Особливості співробітництва з Міжнародним кримінальним судом,250 / 250 20 / 250 20 110,Кримінальне законодавство / Кримінальний процесуальний кодекс України / Розділ IX-2. Особливості співробітництва з Міжнародним кримінальним судом,0,0,0,0,https://zakon.rada.gov.ua/laws/main/find?find_text=%D1%81%D0%BF%D1%96%D0%B2%D1%80%D0%BE%D0%B1%D1%96%D1%82%D0%BD%D0%B8%D1%86%D1%82%D0%B2%D0%BE%20%D0%B7%20%D0%BC%D1%96%D0%B6%D0%BD%D0%B0%D1%80%D0%BE%D0%B4%D0%BD%D0%B8%D0%BC%20%D0%BA%D1%80%D0%B8%D0%BC%D1%96%D0%BD%D0%B0%D0%BB%D1%8C%D0%BD%D0%B8%D0%BC%20%D1%81%D1%83%D0%B4%D0%BE%D0%BC%20%D1%80%D0%B8%D0%BC%D1%81%D1%8C%D0%BA%D0%B8%D0%B9%20%D1%81%D1%82%D0%B0%D1%82%D1%83%D1%82,https://zakon.rada.gov.ua/laws/show/4651-17,[],Розділ IX-2. Особливості співробітництва з Міжнародним кримінальним судом. Шлях: Кримінальне законодавство / Кримінальний процесуальний кодекс України / Розділ IX-2. Особливості співробітництва з Міжнародним кримінальним судом. Код: 250 20 110.,,,2026-10-05 18:41:38,2026-10-05 18:41:38
5588,250 20 120,250 20,3,Розділ X. Прикінцеві положення,Розділ X. Прикінцеві положення,250 / 250 20 / 250 20 120,Кримінальне законодавство / Кримінальний процесуальний кодекс України / Розділ X. Прикінцеві положення,0,0,0,0,https://zakon.rada.gov.ua/laws/main/find?find_text=%D0%BA%D0%BF%D0%BA%20%D0%BF%D1%80%D0%B8%D0%BA%D1%96%D0%BD%D1%86%D0%B5%D0%B2%D1%96%20%D0%BF%D0%BE%D0%BB%D0%BE%D0%B6%D0%B5%D0%BD%D0%BD%D1%8F%20%D0%B2%D0%B2%D0%B5%D0%B4%D0%B5%D0%BD%D0%BD%D1%8F%20%D0%B2%20%D0%B4%D1%96%D1%8E,https://zakon.rada.gov.ua/laws/show/4651-17#n3487,[],Розділ X. Прикінцеві положення. Шлях: Кримінальне законодавство / Кримінальний процесуальний кодекс України / Розділ X. Прикінцеві положення. Код: 250 20 120.,,,2026-10-05 18:41:38,2026-10-05 18:41:38
5589,250 20 130,250 20,3,Розділ XI. Перехідні положення,Розділ XI. Перехідні положення,250 / 250 20 / 250 20 130,Кримінальне законодавство / Кримінальний процесуальний кодекс України / Розділ XI. Перехідні положення,0,0,0,0,https://zakon.rada.gov.ua/laws/main/find?find_text=%D0%BA%D0%BF%D0%BA%20%D0%BF%D0%B5%D1%80%D0%B5%D1%85%D1%96%D0%B4%D0%BD%D1%96%20%D0%BF%D0%BE%D0%BB%D0%BE%D0%B6%D0%B5%D0%BD%D0%BD%D1%8F%20%D1%81%D0%BB%D1%96%D0%B4%D1%87%D1%96%20%D0%BF%D1%80%D0%BE%D0%BA%D1%83%D1%80%D0%B0%D1%82%D1%83%D1%80%D0%B8%20%D0%B4%D0%B1%D1%80,https://zakon.rada.gov.ua/laws/show/4651-17#n3507,[],Розділ XI. Перехідні положення. Шлях: Кримінальне законодавство / Кримінальний процесуальний кодекс України / Розділ XI. Перехідні положення. Код: 250 20 130.,,,2026-10-05 18:41:38,2026-10-05 18:41:38
5590,260,,1,Виправно-трудове законодавство,Виправно-трудове законодавство,260,Виправно-трудове законодавство,1,2,1265,184,https://zakon.rada.gov.ua/laws/main/j939,https://zakon.rada.gov.ua/laws/main/jj939,[],Виправно-трудове законодавство. Шлях: Виправно-трудове законодавство. Код: 260.,,,2026-10-05 18:41:38,2026-10-05 18:41:38
5591,260 10,260,2,Виправно-трудове законодавство,Виправно-трудове законодавство,260 / 260 10,Виправно-трудове законодавство / Виправно-трудове законодавство,1,4,902,352,https://zakon.rada.gov.ua/laws/main/j940,https://zakon.rada.gov.ua/laws/main/jj940,[],Виправно-трудове законодавство. Шлях: Виправно-трудове законодавство / Виправно-трудове законодавство. Код: 260 10.,,,2026-10-05 18:41:38,2026-10-05 18:41:38
5592,260 10 10,260 10,3,Установи по виконанню покарань,Установи по виконанню покарань,260 / 260 10 / 260 10 10,Виправно-трудове законодавство / Виправно-трудове законодавство / Установи по виконанню покарань,1,3,526,442,https://zakon.rada.gov.ua/laws/main/j941,https://zakon.rada.gov.ua/laws/main/jj941,[],Установи по виконанню покарань. Шлях: Виправно-трудове законодавство / Виправно-трудове законодавство / Установи по виконанню покарань. Код: 260 10 10.,,,2026-10-05 18:41:38,2026-10-05 18:41:38
5593,260 10 10 10,260 10 10,4,Тюрми,Тюрми,260 / 260 10 / 260 10 10 / 260 10 10 10,Виправно-трудове законодавство / Виправно-трудове законодавство / Установи по виконанню покарань / Тюрми,0,0,7,7,https://zakon.rada.gov.ua/laws/main/jj942,https://zakon.rada.gov.ua/laws/main/jj942,[],Тюрми. Шлях: Виправно-трудове законодавство / Виправно-трудове законодавство / Установи по виконанню покарань / Тюрми. Код: 260 10 10 10.,,,2026-10-05 18:41:38,2026-10-05 18:41:38
5594,260 10 10 20,260 10 10,4,Виправно-трудові колонії,Виправно-трудові колонії,260 / 260 10 / 260 10 10 / 260 10 10 20,Виправно-трудове законодавство / Виправно-трудове законодавство / Установи по виконанню покарань / Виправно-трудові колонії,0,0,70,70,https://zakon.rada.gov.ua/laws/main/jj943,https://zakon.rada.gov.ua/laws/main/jj943,[],Виправно-трудові колонії. Шлях: Виправно-трудове законодавство / Виправно-трудове законодавство / Установи по виконанню покарань / Виправно-трудові колонії. Код: 260 10 10 20.,,,2026-10-05 18:41:38,2026-10-05 18:41:38
5595,260 10 10 30,260 10 10,4,Виховно-трудові колонії,Виховно-трудові колонії,260 / 260 10 / 260 10 10 / 260 10 10 30,Виправно-трудове законодавство / Виправно-трудове законодавство / Установи по виконанню покарань / Виховно-трудові колонії,0,0,26,26,https://zakon.rada.gov.ua/laws/main/jj944,https://zakon.rada.gov.ua/laws/main/jj944,[],Виховно-трудові колонії. Шлях: Виправно-трудове законодавство / Виправно-трудове законодавство / Установи по виконанню покарань / Виховно-трудові колонії. Код: 260 10 10 30.,,,2026-10-05 18:41:38,2026-10-05 18:41:38
5596,260 10 20,260 10,3,Порядок і умови виконання умовного засудження до позбавлення волі,Порядок і умови виконання умовного засудження до позбавлення волі,260 / 260 10 / 260 10 20,Виправно-трудове законодавство / Виправно-трудове законодавство / Порядок і умови виконання умовного засудження до позбавлення волі,0,0,17,17,https://zakon.rada.gov.ua/laws/main/jj945,https://zakon.rada.gov.ua/laws/main/jj945,[],Порядок і умови виконання умовного засудження до позбавлення волі. Шлях: Виправно-трудове законодавство / Виправно-трудове законодавство / Порядок і умови виконання умовного засудження до позбавлення волі. Код: 260 10 20.,,,2026-10-05 18:41:38,2026-10-05 18:41:38
5597,260 10 30,260 10,3,"Підстави звільнення від відбування покарання, допомога особам, звільненим з місць позбавлення волі, нагляд за особами, звільненими від відбування покарання","Підстави звільнення від відбування покарання, допомога особам, звільненим з місць позбавлення волі, нагляд за особами, звільненими від відбування покарання",260 / 260 10 / 260 10 30,"Виправно-трудове законодавство / Виправно-трудове законодавство / Підстави звільнення від відбування покарання, допомога особам, звільненим з місць позбавлення волі, нагляд за особами, звільненими від відбування покарання",0,0,83,83,https://zakon.rada.gov.ua/laws/main/jj946,https://zakon.rada.gov.ua/laws/main/jj946,[],"Підстави звільнення від відбування покарання, допомога особам, звільненим з місць позбавлення волі, нагляд за особами, звільненими від відбування покарання. Шлях: Виправно-трудове законодавство / Виправно-трудове законодавство / Підстави звільнення від відбування покарання, допомога особам, звільненим з місць позбавлення волі, нагляд за особами, звільненими від відбування покарання. Код: 260 10 30.",,,2026-10-05 18:41:38,2026-10-05 18:41:38
5598,260 10 40,260 10,3,Участь громадськості у виправленні та перевихованні засуджених,Участь громадськості у виправленні та перевихованні засуджених,260 / 260 10 / 260 10 40,Виправно-трудове законодавство / Виправно-трудове законодавство / Участь громадськості у виправленні та перевихованні засуджених,0,0,9,9,https://zakon.rada.gov.ua/laws/main/jj947,https://zakon.rada.gov.ua/laws/main/jj947,[],Участь громадськості у виправленні та перевихованні засуджених. Шлях: Виправно-трудове законодавство / Виправно-трудове законодавство / Участь громадськості у виправленні та перевихованні засуджених. Код: 260 10 40.,,,2026-10-05 18:41:38,2026-10-05 18:41:38
5599,260 20,260,2,Порядок передачі засуджених судами України та інших країн для відбування покарання,Порядок передачі засуджених судами України та інших країн для відбування покарання,260 / 260 20,Виправно-трудове законодавство / Порядок передачі засуджених судами України та інших країн для відбування покарання,0,0,201,201,https://zakon.rada.gov.ua/laws/main/jj948,https://zakon.rada.gov.ua/laws/main/jj948,[],Порядок передачі засуджених судами України та інших країн для відбування покарання. Шлях: Виправно-трудове законодавство / Порядок передачі засуджених судами України та інших країн для відбування покарання. Код: 260 20.,,,2026-10-05 18:41:38,2026-10-05 18:41:38
5600,270,,1,Судочинство,Судочинство,270,Судочинство,1,5,7744,340,https://zakon.rada.gov.ua/laws/main/j949,https://zakon.rada.gov.ua/laws/main/jj949,[],Судочинство. Шлях: Судочинство. Код: 270.,,,2026-10-05 18:41:38,2026-10-05 18:41:38
5601,270 10,270,2,Кримінальний процес,Кримінальний процес,270 / 270 10,Судочинство / Кримінальний процес,1,6,1864,1132,https://zakon.rada.gov.ua/laws/main/j950,https://zakon.rada.gov.ua/laws/main/jj950,[],Кримінальний процес. Шлях: Судочинство / Кримінальний процес. Код: 270 10.,,,2026-10-05 18:41:38,2026-10-05 18:41:38
5602,270 10 10,270 10,3,Підсудність. Підвідомчість,Підсудність. Підвідомчість,270 / 270 10 / 270 10 10,Судочинство / Кримінальний процес / Підсудність. Підвідомчість,0,0,26,26,https://zakon.rada.gov.ua/laws/main/jj951,https://zakon.rada.gov.ua/laws/main/jj951,[],Підсудність. Підвідомчість. Шлях: Судочинство / Кримінальний процес / Підсудність. Підвідомчість. Код: 270 10 10.,,,2026-10-05 18:41:38,2026-10-05 18:41:38
5603,270 10 20,270 10,3,Учасники кримінального процесу,Учасники кримінального процесу,270 / 270 10 / 270 10 20,Судочинство / Кримінальний процес / Учасники кримінального процесу,0,0,18,18,https://zakon.rada.gov.ua/laws/main/jj952,https://zakon.rada.gov.ua/laws/main/jj952,[],Учасники кримінального процесу. Шлях: Судочинство / Кримінальний процес / Учасники кримінального процесу. Код: 270 10 20.,,,2026-10-05 18:41:38,2026-10-05 18:41:38
5604,270 10 30,270 10,3,Попереднє ув'язнення. Дізнання. Слідство. Право на захист,Попереднє ув'язнення. Дізнання. Слідство. Право на захист,270 / 270 10 / 270 10 30,Судочинство / Кримінальний процес / Попереднє ув'язнення. Дізнання. Слідство. Право на захист,0,0,264,264,https://zakon.rada.gov.ua/laws/main/jj953,https://zakon.rada.gov.ua/laws/main/jj953,[],Попереднє ув'язнення. Дізнання. Слідство. Право на захист. Шлях: Судочинство / Кримінальний процес / Попереднє ув'язнення. Дізнання. Слідство. Право на захист. Код: 270 10 30.,,,2026-10-05 18:41:38,2026-10-05 18:41:38
5605,270 10 40,270 10,3,Провадження справ у суді,Провадження справ у суді,270 / 270 10 / 270 10 40,Судочинство / Кримінальний процес / Провадження справ у суді,0,0,34,34,https://zakon.rada.gov.ua/laws/main/jj954,https://zakon.rada.gov.ua/laws/main/jj954,[],Провадження справ у суді. Шлях: Судочинство / Кримінальний процес / Провадження справ у суді. Код: 270 10 40.,,,2026-10-05 18:41:38,2026-10-05 18:41:38
5606,270 10 50,270 10,3,Вирок. Оскарження. Виконання. Перегляд,Вирок. Оскарження. Виконання. Перегляд,270 / 270 10 / 270 10 50,Судочинство / Кримінальний процес / Вирок. Оскарження. Виконання. Перегляд,0,0,409,409,https://zakon.rada.gov.ua/laws/main/jj955,https://zakon.rada.gov.ua/laws/main/jj955,[],Вирок. Оскарження. Виконання. Перегляд. Шлях: Судочинство / Кримінальний процес / Вирок. Оскарження. Виконання. Перегляд. Код: 270 10 50.,,,2026-10-05 18:41:38,2026-10-05 18:41:38
5607,270 10 60,270 10,3,Процесуальні строки і судові витрати,Процесуальні строки і судові витрати,270 / 270 10 / 270 10 60,Судочинство / Кримінальний процес / Процесуальні строки і судові витрати,0,0,33,33,https://zakon.rada.gov.ua/laws/main/jj956,https://zakon.rada.gov.ua/laws/main/jj956,[],Процесуальні строки і судові витрати. Шлях: Судочинство / Кримінальний процес / Процесуальні строки і судові витрати. Код: 270 10 60.,,,2026-10-05 18:41:38,2026-10-05 18:41:38
5608,270 20,270,2,Цивільний процес,Цивільний процес,270 / 270 20,Судочинство / Цивільний процес,1,6,1031,528,https://zakon.rada.gov.ua/laws/main/j957,https://zakon.rada.gov.ua/laws/main/jj957,[],Цивільний процес. Шлях: Судочинство / Цивільний процес. Код: 270 20.,,,2026-10-05 18:41:38,2026-10-05 18:41:38
5609,270 20 10,270 20,3,Підсудність. Підвідомчість,Підсудність. Підвідомчість,270 / 270 20 / 270 20 10,Судочинство / Цивільний процес / Підсудність. Підвідомчість,0,0,14,14,https://zakon.rada.gov.ua/laws/main/jj958,https://zakon.rada.gov.ua/laws/main/jj958,[],Підсудність. Підвідомчість. Шлях: Судочинство / Цивільний процес / Підсудність. Підвідомчість. Код: 270 20 10.,,,2026-10-05 18:41:38,2026-10-05 18:41:38
5610,270 20 20,270 20,3,Учасники цивільного процесу,Учасники цивільного процесу,270 / 270 20 / 270 20 20,Судочинство / Цивільний процес / Учасники цивільного процесу,0,0,13,13,https://zakon.rada.gov.ua/laws/main/jj959,https://zakon.rada.gov.ua/laws/main/jj959,[],Учасники цивільного процесу. Шлях: Судочинство / Цивільний процес / Учасники цивільного процесу. Код: 270 20 20.,,,2026-10-05 18:41:38,2026-10-05 18:41:38
5611,270 20 30,270 20,3,Судовий розгляд,Судовий розгляд,270 / 270 20 / 270 20 30,Судочинство / Цивільний процес / Судовий розгляд,0,0,120,120,https://zakon.rada.gov.ua/laws/main/jj960,https://zakon.rada.gov.ua/laws/main/jj960,[],Судовий розгляд. Шлях: Судочинство / Цивільний процес / Судовий розгляд. Код: 270 20 30.,,,2026-10-05 18:41:38,2026-10-05 18:41:38
5612,270 20 40,270 20,3,Окреме провадження,Окреме провадження,270 / 270 20 / 270 20 40,Судочинство / Цивільний процес / Окреме провадження,0,0,12,12,https://zakon.rada.gov.ua/laws/main/jj961,https://zakon.rada.gov.ua/laws/main/jj961,[],Окреме провадження. Шлях: Судочинство / Цивільний процес / Окреме провадження. Код: 270 20 40.,,,2026-10-05 18:41:38,2026-10-05 18:41:38
5613,270 20 50,270 20,3,Рішення. Оскарження. Виконання,Рішення. Оскарження. Виконання,270 / 270 20 / 270 20 50,Судочинство / Цивільний процес / Рішення. Оскарження. Виконання,0,0,332,332,https://zakon.rada.gov.ua/laws/main/jj962,https://zakon.rada.gov.ua/laws/main/jj962,[],Рішення. Оскарження. Виконання. Шлях: Судочинство / Цивільний процес / Рішення. Оскарження. Виконання. Код: 270 20 50.,,,2026-10-05 18:41:38,2026-10-05 18:41:38
5614,270 20 60,270 20,3,Процесуальні строки і судові витрати,Процесуальні строки і судові витрати,270 / 270 20 / 270 20 60,Судочинство / Цивільний процес / Процесуальні строки і судові витрати,0,0,49,49,https://zakon.rada.gov.ua/laws/main/jj963,https://zakon.rada.gov.ua/laws/main/jj963,[],Процесуальні строки і судові витрати. Шлях: Судочинство / Цивільний процес / Процесуальні строки і судові витрати. Код: 270 20 60.,,,2026-10-05 18:41:38,2026-10-05 18:41:38
5615,270 30,270,2,Господарський процес,Господарський процес,270 / 270 30,Судочинство / Господарський процес,1,6,4013,3697,https://zakon.rada.gov.ua/laws/main/j964,https://zakon.rada.gov.ua/laws/main/jj964,[],Господарський процес. Шлях: Судочинство / Господарський процес. Код: 270 30.,,,2026-10-05 18:41:38,2026-10-05 18:41:38
5616,270 30 10,270 30,3,Досудове врегулювання господарських спорів,Досудове врегулювання господарських спорів,270 / 270 30 / 270 30 10,Судочинство / Господарський процес / Досудове врегулювання господарських спорів,0,0,13,13,https://zakon.rada.gov.ua/laws/main/jj965,https://zakon.rada.gov.ua/laws/main/jj965,[],Досудове врегулювання господарських спорів. Шлях: Судочинство / Господарський процес / Досудове врегулювання господарських спорів. Код: 270 30 10.,,,2026-10-05 18:41:38,2026-10-05 18:41:38
5617,270 30 20,270 30,3,Підвідомчість,Підвідомчість,270 / 270 30 / 270 30 20,Судочинство / Господарський процес / Підвідомчість,0,0,49,49,https://zakon.rada.gov.ua/laws/main/jj966,https://zakon.rada.gov.ua/laws/main/jj966,[],Підвідомчість. Шлях: Судочинство / Господарський процес / Підвідомчість. Код: 270 30 20.,,,2026-10-05 18:41:38,2026-10-05 18:41:38
5618,270 30 30,270 30,3,Учасники судового процесу,Учасники судового процесу,270 / 270 30 / 270 30 30,Судочинство / Господарський процес / Учасники судового процесу,0,0,19,19,https://zakon.rada.gov.ua/laws/main/jj967,https://zakon.rada.gov.ua/laws/main/jj967,[],Учасники судового процесу. Шлях: Судочинство / Господарський процес / Учасники судового процесу. Код: 270 30 30.,,,2026-10-05 18:41:38,2026-10-05 18:41:38
5619,270 30 40,270 30,3,Докази,Докази,270 / 270 30 / 270 30 40,Судочинство / Господарський процес / Докази,0,0,15,15,https://zakon.rada.gov.ua/laws/main/jj968,https://zakon.rada.gov.ua/laws/main/jj968,[],Докази. Шлях: Судочинство / Господарський процес / Докази. Код: 270 30 40.,,,2026-10-05 18:41:38,2026-10-05 18:41:38
5620,270 30 50,270 30,3,"Судові витрати, процесуальні строки","Судові витрати, процесуальні строки",270 / 270 30 / 270 30 50,"Судочинство / Господарський процес / Судові витрати, процесуальні строки",0,0,58,58,https://zakon.rada.gov.ua/laws/main/jj969,https://zakon.rada.gov.ua/laws/main/jj969,[],"Судові витрати, процесуальні строки. Шлях: Судочинство / Господарський процес / Судові витрати, процесуальні строки. Код: 270 30 50.",,,2026-10-05 18:41:38,2026-10-05 18:41:38
5621,270 30 60,270 30,3,"Перегляд рішень, ухвал, постанов. Виконання","Перегляд рішень, ухвал, постанов. Виконання",270 / 270 30 / 270 30 60,"Судочинство / Господарський процес / Перегляд рішень, ухвал, постанов. Виконання",0,0,264,264,https://zakon.rada.gov.ua/laws/main/jj970,https://zakon.rada.gov.ua/laws/main/jj970,[],"Перегляд рішень, ухвал, постанов. Виконання. Шлях: Судочинство / Господарський процес / Перегляд рішень, ухвал, постанов. Виконання. Код: 270 30 60.",,,2026-10-05 18:41:38,2026-10-05 18:41:38
5622,270 40,270,2,Судова експертиза,Судова експертиза,270 / 270 40,Судочинство / Судова експертиза,1,3,371,317,https://zakon.rada.gov.ua/laws/main/j971,https://zakon.rada.gov.ua/laws/main/jj971,[],Судова експертиза. Шлях: Судочинство / Судова експертиза. Код: 270 40.,,,2026-10-05 18:41:38,2026-10-05 18:41:38
5623,270 40 10,270 40,3,Судово-експертні установи,Судово-експертні установи,270 / 270 40 / 270 40 10,Судочинство / Судова експертиза / Судово-експертні установи,0,0,23,23,https://zakon.rada.gov.ua/laws/main/jj972,https://zakon.rada.gov.ua/laws/main/jj972,[],Судово-експертні установи. Шлях: Судочинство / Судова експертиза / Судово-експертні установи. Код: 270 40 10.,,,2026-10-05 18:41:38,2026-10-05 18:41:38
5624,270 40 20,270 40,3,Судово-медична експертиза,Судово-медична експертиза,270 / 270 40 / 270 40 20,Судочинство / Судова експертиза / Судово-медична експертиза,0,0,39,39,https://zakon.rada.gov.ua/laws/main/jj973,https://zakon.rada.gov.ua/laws/main/jj973,[],Судово-медична експертиза. Шлях: Судочинство / Судова експертиза / Судово-медична експертиза. Код: 270 40 20.,,,2026-10-05 18:41:38,2026-10-05 18:41:38
5625,270 40 30,270 40,3,Судово-психіатрична експертиза,Судово-психіатрична експертиза,270 / 270 40 / 270 40 30,Судочинство / Судова експертиза / Судово-психіатрична експертиза,0,0,11,11,https://zakon.rada.gov.ua/laws/main/jj974,https://zakon.rada.gov.ua/laws/main/jj974,[],Судово-психіатрична експертиза. Шлях: Судочинство / Судова експертиза / Судово-психіатрична експертиза. Код: 270 40 30.,,,2026-10-05 18:41:38,2026-10-05 18:41:38
5626,270 50,270,2,Адміністративне судочинство,Адміністративне судочинство,270 / 270 50,Судочинство / Адміністративне судочинство,0,0,911,911,https://zakon.rada.gov.ua/laws/main/jj1079,https://zakon.rada.gov.ua/laws/main/jj1079,[],Адміністративне судочинство. Шлях: Судочинство / Адміністративне судочинство. Код: 270 50.,,,2026-10-05 18:41:38,2026-10-05 18:41:38
5627,280,,1,Судоустрій. Органи правосуддя. Прокуратура. Адвокатура. Нотаріат,Судоустрій. Органи правосуддя. Прокуратура. Адвокатура. Нотаріат,280,Судоустрій. Органи правосуддя. Прокуратура. Адвокатура. Нотаріат,1,9,19473,240,https://zakon.rada.gov.ua/laws/main/j975,https://zakon.rada.gov.ua/laws/main/jj975,[],Судоустрій. Органи правосуддя. Прокуратура. Адвокатура. Нотаріат. Шлях: Судоустрій. Органи правосуддя. Прокуратура. Адвокатура. Нотаріат. Код: 280.,,,2026-10-05 18:41:38,2026-10-05 18:41:38
5628,280 10,280,2,Судово-правова реформа,Судово-правова реформа,280 / 280 10,Судоустрій. Органи правосуддя. Прокуратура. Адвокатура. Нотаріат / Судово-правова реформа,0,0,39,39,https://zakon.rada.gov.ua/laws/main/jj976,https://zakon.rada.gov.ua/laws/main/jj976,[],Судово-правова реформа. Шлях: Судоустрій. Органи правосуддя. Прокуратура. Адвокатура. Нотаріат / Судово-правова реформа. Код: 280 10.,,,2026-10-05 18:41:38,2026-10-05 18:41:38
5629,280 20,280,2,Судова система. Вища рада юстиції. Органи юстиції,Судова система. Вища рада юстиції. Органи юстиції,280 / 280 20,Судоустрій. Органи правосуддя. Прокуратура. Адвокатура. Нотаріат / Судова система. Вища рада юстиції. Органи юстиції,1,13,12462,912,https://zakon.rada.gov.ua/laws/main/j977,https://zakon.rada.gov.ua/laws/main/jj977,[],Судова система. Вища рада юстиції. Органи юстиції. Шлях: Судоустрій. Органи правосуддя. Прокуратура. Адвокатура. Нотаріат / Судова система. Вища рада юстиції. Органи юстиції. Код: 280 20.,,,2026-10-05 18:41:38,2026-10-05 18:41:38
5630,280 20 10,280 20,3,Конституційний Суд,Конституційний Суд,280 / 280 20 / 280 20 10,Судоустрій. Органи правосуддя. Прокуратура. Адвокатура. Нотаріат / Судова система. Вища рада юстиції. Органи юстиції / Конституційний Суд,1,1,3048,879,https://zakon.rada.gov.ua/laws/main/j978,https://zakon.rada.gov.ua/laws/main/jj978,[],Конституційний Суд. Шлях: Судоустрій. Органи правосуддя. Прокуратура. Адвокатура. Нотаріат / Судова система. Вища рада юстиції. Органи юстиції / Конституційний Суд. Код: 280 20 10.,,,2026-10-05 18:41:38,2026-10-05 18:41:38
5631,280 20 10 10,280 20 10,4,Рішення і висновки Конституційного Суду,Рішення і висновки Конституційного Суду,280 / 280 20 / 280 20 10 / 280 20 10 10,Судоустрій. Органи правосуддя. Прокуратура. Адвокатура. Нотаріат / Судова система. Вища рада юстиції. Органи юстиції / Конституційний Суд / Рішення і висновки Конституційного Суду,0,0,2333,2333,https://zakon.rada.gov.ua/laws/main/jj979,https://zakon.rada.gov.ua/laws/main/jj979,[],Рішення і висновки Конституційного Суду. Шлях: Судоустрій. Органи правосуддя. Прокуратура. Адвокатура. Нотаріат / Судова система. Вища рада юстиції. Органи юстиції / Конституційний Суд / Рішення і висновки Конституційного Суду. Код: 280 20 10 10.,,,2026-10-05 18:41:38,2026-10-05 18:41:38
5632,280 20 20,280 20,3,Верховний Суд,Верховний Суд,280 / 280 20 / 280 20 20,Судоустрій. Органи правосуддя. Прокуратура. Адвокатура. Нотаріат / Судова система. Вища рада юстиції. Органи юстиції / Верховний Суд,0,0,3207,3207,https://zakon.rada.gov.ua/laws/main/jj980,https://zakon.rada.gov.ua/laws/main/jj980,[],Верховний Суд. Шлях: Судоустрій. Органи правосуддя. Прокуратура. Адвокатура. Нотаріат / Судова система. Вища рада юстиції. Органи юстиції / Верховний Суд. Код: 280 20 20.,,,2026-10-05 18:41:38,2026-10-05 18:41:38
5633,280 20 30,280 20,3,Верховний Суд Автономної Республіки Крим. Обласні суди. Київський і Севастопольський міські суди. Апеляційні суди,Верховний Суд Автономної Республіки Крим. Обласні суди. Київський і Севастопольський міські суди. Апеляційні суди,280 / 280 20 / 280 20 30,Судоустрій. Органи правосуддя. Прокуратура. Адвокатура. Нотаріат / Судова система. Вища рада юстиції. Органи юстиції / Верховний Суд Автономної Республіки Крим. Обласні суди. Київський і Севастопольський міські суди. Апеляційні суди,0,0,730,730,https://zakon.rada.gov.ua/laws/main/jj981,https://zakon.rada.gov.ua/laws/main/jj981,[],Верховний Суд Автономної Республіки Крим. Обласні суди. Київський і Севастопольський міські суди. Апеляційні суди. Шлях: Судоустрій. Органи правосуддя. Прокуратура. Адвокатура. Нотаріат / Судова система. Вища рада юстиції. Органи юстиції / Верховний Суд Автономної Республіки Крим. Обласні суди. Київський і Севастопольський міські суди. Апеляційні суди. Код: 280 20 30.,,,2026-10-05 18:41:38,2026-10-05 18:41:38
5634,280 20 31,280 20,3,Касаційні суди України,Касаційні суди України,280 / 280 20 / 280 20 31,Судоустрій. Органи правосуддя. Прокуратура. Адвокатура. Нотаріат / Судова система. Вища рада юстиції. Органи юстиції / Касаційні суди України,0,0,3,3,https://zakon.rada.gov.ua/laws/main/jj1070,https://zakon.rada.gov.ua/laws/main/jj1070,[],Касаційні суди України. Шлях: Судоустрій. Органи правосуддя. Прокуратура. Адвокатура. Нотаріат / Судова система. Вища рада юстиції. Органи юстиції / Касаційні суди України. Код: 280 20 31.,,,2026-10-05 18:41:38,2026-10-05 18:41:38
5635,280 20 40,280 20,3,Міжобласний суд,Міжобласний суд,280 / 280 20 / 280 20 40,Судоустрій. Органи правосуддя. Прокуратура. Адвокатура. Нотаріат / Судова система. Вища рада юстиції. Органи юстиції / Міжобласний суд,0,0,22,22,https://zakon.rada.gov.ua/laws/main/jj982,https://zakon.rada.gov.ua/laws/main/jj982,[],Міжобласний суд. Шлях: Судоустрій. Органи правосуддя. Прокуратура. Адвокатура. Нотаріат / Судова система. Вища рада юстиції. Органи юстиції / Міжобласний суд. Код: 280 20 40.,,,2026-10-05 18:41:38,2026-10-05 18:41:38
5636,280 20 50,280 20,3,Міжрайонні (окружні) суди,Міжрайонні (окружні) суди,280 / 280 20 / 280 20 50,Судоустрій. Органи правосуддя. Прокуратура. Адвокатура. Нотаріат / Судова система. Вища рада юстиції. Органи юстиції / Міжрайонні (окружні) суди,0,0,221,221,https://zakon.rada.gov.ua/laws/main/jj983,https://zakon.rada.gov.ua/laws/main/jj983,[],Міжрайонні (окружні) суди. Шлях: Судоустрій. Органи правосуддя. Прокуратура. Адвокатура. Нотаріат / Судова система. Вища рада юстиції. Органи юстиції / Міжрайонні (окружні) суди. Код: 280 20 50.,,,2026-10-05 18:41:38,2026-10-05 18:41:38
5637,280 20 60,280 20,3,Районні (міські) суди,Районні (міські) суди,280 / 280 20 / 280 20 60,Судоустрій. Органи правосуддя. Прокуратура. Адвокатура. Нотаріат / Судова система. Вища рада юстиції. Органи юстиції / Районні (міські) суди,0,0,966,966,https://zakon.rada.gov.ua/laws/main/jj984,https://zakon.rada.gov.ua/laws/main/jj984,[],Районні (міські) суди. Шлях: Судоустрій. Органи правосуддя. Прокуратура. Адвокатура. Нотаріат / Судова система. Вища рада юстиції. Органи юстиції / Районні (міські) суди. Код: 280 20 60.,,,2026-10-05 18:41:38,2026-10-05 18:41:38
5638,280 20 70,280 20,3,Військові суди,Військові суди,280 / 280 20 / 280 20 70,Судоустрій. Органи правосуддя. Прокуратура. Адвокатура. Нотаріат / Судова система. Вища рада юстиції. Органи юстиції / Військові суди,0,0,161,161,https://zakon.rada.gov.ua/laws/main/jj985,https://zakon.rada.gov.ua/laws/main/jj985,[],Військові суди. Шлях: Судоустрій. Органи правосуддя. Прокуратура. Адвокатура. Нотаріат / Судова система. Вища рада юстиції. Органи юстиції / Військові суди. Код: 280 20 70.,,,2026-10-05 18:41:38,2026-10-05 18:41:38
5639,280 20 80,280 20,3,Вищий арбітражний суд. Вищий господарський суд. Вищий адміністративний суд.Вищий спеціалізований суд з цивільних та кримінальних справ,Вищий арбітражний суд. Вищий господарський суд. Вищий адміністративний суд.Вищий спеціалізований суд з цивільних та кримінальних справ,280 / 280 20 / 280 20 80,Судоустрій. Органи правосуддя. Прокуратура. Адвокатура. Нотаріат / Судова система. Вища рада юстиції. Органи юстиції / Вищий арбітражний суд. Вищий господарський суд. Вищий адміністративний суд.Вищий спеціалізований суд з цивільних та кримінальних справ,0,0,993,993,https://zakon.rada.gov.ua/laws/main/jj986,https://zakon.rada.gov.ua/laws/main/jj986,[],Вищий арбітражний суд. Вищий господарський суд. Вищий адміністративний суд.Вищий спеціалізований суд з цивільних та кримінальних справ. Шлях: Судоустрій. Органи правосуддя. Прокуратура. Адвокатура. Нотаріат / Судова система. Вища рада юстиції. Органи юстиції / Вищий арбітражний суд. Вищий господарський суд. Вищий адміністративний суд.Вищий спеціалізований суд з цивільних та кримінальних справ. Код: 280 20 80.,,,2026-10-05 18:41:38,2026-10-05 18:41:38
5640,280 20 90,280 20,3,"Арбітражні суди Автономної Республіки Крим, областей, міст Києва та Севастополя","Арбітражні суди Автономної Республіки Крим, областей, міст Києва та Севастополя",280 / 280 20 / 280 20 90,"Судоустрій. Органи правосуддя. Прокуратура. Адвокатура. Нотаріат / Судова система. Вища рада юстиції. Органи юстиції / Арбітражні суди Автономної Республіки Крим, областей, міст Києва та Севастополя",0,0,364,364,https://zakon.rada.gov.ua/laws/main/jj987,https://zakon.rada.gov.ua/laws/main/jj987,[],"Арбітражні суди Автономної Республіки Крим, областей, міст Києва та Севастополя. Шлях: Судоустрій. Органи правосуддя. Прокуратура. Адвокатура. Нотаріат / Судова система. Вища рада юстиції. Органи юстиції / Арбітражні суди Автономної Республіки Крим, областей, міст Києва та Севастополя. Код: 280 20 90.",,,2026-10-05 18:41:38,2026-10-05 18:41:38
5641,280 20100,280 20,3,Міжнародний арбітражний суд. Міжнародний суд. Європейський суд,Міжнародний арбітражний суд. Міжнародний суд. Європейський суд,280 / 280 20 / 280 20100,Судоустрій. Органи правосуддя. Прокуратура. Адвокатура. Нотаріат / Судова система. Вища рада юстиції. Органи юстиції / Міжнародний арбітражний суд. Міжнародний суд. Європейський суд,0,0,2743,2743,https://zakon.rada.gov.ua/laws/main/jj988,https://zakon.rada.gov.ua/laws/main/jj988,[],Міжнародний арбітражний суд. Міжнародний суд. Європейський суд. Шлях: Судоустрій. Органи правосуддя. Прокуратура. Адвокатура. Нотаріат / Судова система. Вища рада юстиції. Органи юстиції / Міжнародний арбітражний суд. Міжнародний суд. Європейський суд. Код: 280 20100.,,,2026-10-05 18:41:38,2026-10-05 18:41:38
5642,280 20110,280 20,3,Третейські суди. Медіація.,Третейські суди. Медіація.,280 / 280 20 / 280 20110,Судоустрій. Органи правосуддя. Прокуратура. Адвокатура. Нотаріат / Судова система. Вища рада юстиції. Органи юстиції / Третейські суди. Медіація.,0,0,92,92,https://zakon.rada.gov.ua/laws/main/jj989,https://zakon.rada.gov.ua/laws/main/jj989,[],Третейські суди. Медіація.. Шлях: Судоустрій. Органи правосуддя. Прокуратура. Адвокатура. Нотаріат / Судова система. Вища рада юстиції. Органи юстиції / Третейські суди. Медіація.. Код: 280 20110.,,,2026-10-05 18:41:38,2026-10-05 18:41:38
5643,280 20120,280 20,3,Товариські суди,Товариські суди,280 / 280 20 / 280 20120,Судоустрій. Органи правосуддя. Прокуратура. Адвокатура. Нотаріат / Судова система. Вища рада юстиції. Органи юстиції / Товариські суди,0,0,11,11,https://zakon.rada.gov.ua/laws/main/jj990,https://zakon.rada.gov.ua/laws/main/jj990,[],Товариські суди. Шлях: Судоустрій. Органи правосуддя. Прокуратура. Адвокатура. Нотаріат / Судова система. Вища рада юстиції. Органи юстиції / Товариські суди. Код: 280 20120.,,,2026-10-05 18:41:38,2026-10-05 18:41:38
5644,280 30,280,2,Мережа районних (міських) судів та число суддів,Мережа районних (міських) судів та число суддів,280 / 280 30,Судоустрій. Органи правосуддя. Прокуратура. Адвокатура. Нотаріат / Мережа районних (міських) судів та число суддів,0,0,62,62,https://zakon.rada.gov.ua/laws/main/jj991,https://zakon.rada.gov.ua/laws/main/jj991,[],Мережа районних (міських) судів та число суддів. Шлях: Судоустрій. Органи правосуддя. Прокуратура. Адвокатура. Нотаріат / Мережа районних (міських) судів та число суддів. Код: 280 30.,,,2026-10-05 18:41:38,2026-10-05 18:41:38
5645,280 40,280,2,Судді і народні засідателі,Судді і народні засідателі,280 / 280 40,Судоустрій. Органи правосуддя. Прокуратура. Адвокатура. Нотаріат / Судді і народні засідателі,1,3,3096,2508,https://zakon.rada.gov.ua/laws/main/j992,https://zakon.rada.gov.ua/laws/main/jj992,[],Судді і народні засідателі. Шлях: Судоустрій. Органи правосуддя. Прокуратура. Адвокатура. Нотаріат / Судді і народні засідателі. Код: 280 40.,,,2026-10-05 18:41:38,2026-10-05 18:41:38
5646,280 40 10,280 40,3,Статус,Статус,280 / 280 40 / 280 40 10,Судоустрій. Органи правосуддя. Прокуратура. Адвокатура. Нотаріат / Судді і народні засідателі / Статус,0,0,535,535,https://zakon.rada.gov.ua/laws/main/jj993,https://zakon.rada.gov.ua/laws/main/jj993,[],Статус. Шлях: Судоустрій. Органи правосуддя. Прокуратура. Адвокатура. Нотаріат / Судді і народні засідателі / Статус. Код: 280 40 10.,,,2026-10-05 18:41:38,2026-10-05 18:41:38
5647,280 40 20,280 40,3,"Кваліфікаційні комісії, кваліфікаційна атестація і дисциплінарна відповідальність суддів","Кваліфікаційні комісії, кваліфікаційна атестація і дисциплінарна відповідальність суддів",280 / 280 40 / 280 40 20,"Судоустрій. Органи правосуддя. Прокуратура. Адвокатура. Нотаріат / Судді і народні засідателі / Кваліфікаційні комісії, кваліфікаційна атестація і дисциплінарна відповідальність суддів",0,0,85,85,https://zakon.rada.gov.ua/laws/main/jj994,https://zakon.rada.gov.ua/laws/main/jj994,[],"Кваліфікаційні комісії, кваліфікаційна атестація і дисциплінарна відповідальність суддів. Шлях: Судоустрій. Органи правосуддя. Прокуратура. Адвокатура. Нотаріат / Судді і народні засідателі / Кваліфікаційні комісії, кваліфікаційна атестація і дисциплінарна відповідальність суддів. Код: 280 40 20.",,,2026-10-05 18:41:38,2026-10-05 18:41:38
5648,280 40 30,280 40,3,Органи суддівського самоврядування,Органи суддівського самоврядування,280 / 280 40 / 280 40 30,Судоустрій. Органи правосуддя. Прокуратура. Адвокатура. Нотаріат / Судді і народні засідателі / Органи суддівського самоврядування,0,0,12,12,https://zakon.rada.gov.ua/laws/main/jj995,https://zakon.rada.gov.ua/laws/main/jj995,[],Органи суддівського самоврядування. Шлях: Судоустрій. Органи правосуддя. Прокуратура. Адвокатура. Нотаріат / Судді і народні засідателі / Органи суддівського самоврядування. Код: 280 40 30.,,,2026-10-05 18:41:38,2026-10-05 18:41:38
5649,280 50,280,2,Судові виконавці,Судові виконавці,280 / 280 50,Судоустрій. Органи правосуддя. Прокуратура. Адвокатура. Нотаріат / Судові виконавці,0,0,443,443,https://zakon.rada.gov.ua/laws/main/jj996,https://zakon.rada.gov.ua/laws/main/jj996,[],Судові виконавці. Шлях: Судоустрій. Органи правосуддя. Прокуратура. Адвокатура. Нотаріат / Судові виконавці. Код: 280 50.,,,2026-10-05 18:41:38,2026-10-05 18:41:38
5650,280 60,280,2,Прокуратура,Прокуратура,280 / 280 60,Судоустрій. Органи правосуддя. Прокуратура. Адвокатура. Нотаріат / Прокуратура,1,2,1271,609,https://zakon.rada.gov.ua/laws/main/j997,https://zakon.rada.gov.ua/laws/main/jj997,[],Прокуратура. Шлях: Судоустрій. Органи правосуддя. Прокуратура. Адвокатура. Нотаріат / Прокуратура. Код: 280 60.,,,2026-10-05 18:41:38,2026-10-05 18:41:38
5651,280 60 10,280 60,3,Система органів прокуратури,Система органів прокуратури,280 / 280 60 / 280 60 10,Судоустрій. Органи правосуддя. Прокуратура. Адвокатура. Нотаріат / Прокуратура / Система органів прокуратури,1,4,521,142,https://zakon.rada.gov.ua/laws/main/j998,https://zakon.rada.gov.ua/laws/main/jj998,[],Система органів прокуратури. Шлях: Судоустрій. Органи правосуддя. Прокуратура. Адвокатура. Нотаріат / Прокуратура / Система органів прокуратури. Код: 280 60 10.,,,2026-10-05 18:41:38,2026-10-05 18:41:38
5652,280 60 10 10,280 60 10,4,Генеральна прокуратура. Генеральний прокурор,Генеральна прокуратура. Генеральний прокурор,280 / 280 60 / 280 60 10 / 280 60 10 10,Судоустрій. Органи правосуддя. Прокуратура. Адвокатура. Нотаріат / Прокуратура / Система органів прокуратури / Генеральна прокуратура. Генеральний прокурор,0,0,335,335,https://zakon.rada.gov.ua/laws/main/jj999,https://zakon.rada.gov.ua/laws/main/jj999,[],Генеральна прокуратура. Генеральний прокурор. Шлях: Судоустрій. Органи правосуддя. Прокуратура. Адвокатура. Нотаріат / Прокуратура / Система органів прокуратури / Генеральна прокуратура. Генеральний прокурор. Код: 280 60 10 10.,,,2026-10-05 18:41:38,2026-10-05 18:41:38
5653,280 60 10 20,280 60 10,4,"Прокуратури Республіки Крим, областей, міст Києва та Севастополя, районні, міжрайонні","Прокуратури Республіки Крим, областей, міст Києва та Севастополя, районні, міжрайонні",280 / 280 60 / 280 60 10 / 280 60 10 20,"Судоустрій. Органи правосуддя. Прокуратура. Адвокатура. Нотаріат / Прокуратура / Система органів прокуратури / Прокуратури Республіки Крим, областей, міст Києва та Севастополя, районні, міжрайонні",0,0,22,22,https://zakon.rada.gov.ua/laws/main/jj1000,https://zakon.rada.gov.ua/laws/main/jj1000,[],"Прокуратури Республіки Крим, областей, міст Києва та Севастополя, районні, міжрайонні. Шлях: Судоустрій. Органи правосуддя. Прокуратура. Адвокатура. Нотаріат / Прокуратура / Система органів прокуратури / Прокуратури Республіки Крим, областей, міст Києва та Севастополя, районні, міжрайонні. Код: 280 60 10 20.",,,2026-10-05 18:41:38,2026-10-05 18:41:38
5654,280 60 10 30,280 60 10,4,Військова прокуратура,Військова прокуратура,280 / 280 60 / 280 60 10 / 280 60 10 30,Судоустрій. Органи правосуддя. Прокуратура. Адвокатура. Нотаріат / Прокуратура / Система органів прокуратури / Військова прокуратура,0,0,26,26,https://zakon.rada.gov.ua/laws/main/jj1001,https://zakon.rada.gov.ua/laws/main/jj1001,[],Військова прокуратура. Шлях: Судоустрій. Органи правосуддя. Прокуратура. Адвокатура. Нотаріат / Прокуратура / Система органів прокуратури / Військова прокуратура. Код: 280 60 10 30.,,,2026-10-05 18:41:38,2026-10-05 18:41:38
5655,280 60 10 40,280 60 10,4,"Спеціалізовані прокуратури (транспортна, повітряна та ін.)","Спеціалізовані прокуратури (транспортна, повітряна та ін.)",280 / 280 60 / 280 60 10 / 280 60 10 40,"Судоустрій. Органи правосуддя. Прокуратура. Адвокатура. Нотаріат / Прокуратура / Система органів прокуратури / Спеціалізовані прокуратури (транспортна, повітряна та ін.)",0,0,8,8,https://zakon.rada.gov.ua/laws/main/jj1002,https://zakon.rada.gov.ua/laws/main/jj1002,[],"Спеціалізовані прокуратури (транспортна, повітряна та ін.). Шлях: Судоустрій. Органи правосуддя. Прокуратура. Адвокатура. Нотаріат / Прокуратура / Система органів прокуратури / Спеціалізовані прокуратури (транспортна, повітряна та ін.). Код: 280 60 10 40.",,,2026-10-05 18:41:38,2026-10-05 18:41:38
5656,280 60 20,280 60,3,Кадри органів прокуратури,Кадри органів прокуратури,280 / 280 60 / 280 60 20,Судоустрій. Органи правосуддя. Прокуратура. Адвокатура. Нотаріат / Прокуратура / Кадри органів прокуратури,1,4,209,49,https://zakon.rada.gov.ua/laws/main/j1003,https://zakon.rada.gov.ua/laws/main/jj1003,[],Кадри органів прокуратури. Шлях: Судоустрій. Органи правосуддя. Прокуратура. Адвокатура. Нотаріат / Прокуратура / Кадри органів прокуратури. Код: 280 60 20.,,,2026-10-05 18:41:38,2026-10-05 18:41:38
5657,280 60 20 10,280 60 20,4,Класні чини. Формений одяг,Класні чини. Формений одяг,280 / 280 60 / 280 60 20 / 280 60 20 10,Судоустрій. Органи правосуддя. Прокуратура. Адвокатура. Нотаріат / Прокуратура / Кадри органів прокуратури / Класні чини. Формений одяг,0,0,126,126,https://zakon.rada.gov.ua/laws/main/jj1004,https://zakon.rada.gov.ua/laws/main/jj1004,[],Класні чини. Формений одяг. Шлях: Судоустрій. Органи правосуддя. Прокуратура. Адвокатура. Нотаріат / Прокуратура / Кадри органів прокуратури / Класні чини. Формений одяг. Код: 280 60 20 10.,,,2026-10-05 18:41:38,2026-10-05 18:41:38
5658,280 60 20 20,280 60 20,4,Заохочення і відповідальність,Заохочення і відповідальність,280 / 280 60 / 280 60 20 / 280 60 20 20,Судоустрій. Органи правосуддя. Прокуратура. Адвокатура. Нотаріат / Прокуратура / Кадри органів прокуратури / Заохочення і відповідальність,0,0,1,1,https://zakon.rada.gov.ua/laws/main/jj1005,https://zakon.rada.gov.ua/laws/main/jj1005,[],Заохочення і відповідальність. Шлях: Судоустрій. Органи правосуддя. Прокуратура. Адвокатура. Нотаріат / Прокуратура / Кадри органів прокуратури / Заохочення і відповідальність. Код: 280 60 20 20.,,,2026-10-05 18:41:38,2026-10-05 18:41:38
5659,280 60 20 30,280 60 20,4,Матеріальне і соціальне забезпечення,Матеріальне і соціальне забезпечення,280 / 280 60 / 280 60 20 / 280 60 20 30,Судоустрій. Органи правосуддя. Прокуратура. Адвокатура. Нотаріат / Прокуратура / Кадри органів прокуратури / Матеріальне і соціальне забезпечення,0,0,27,27,https://zakon.rada.gov.ua/laws/main/jj1006,https://zakon.rada.gov.ua/laws/main/jj1006,[],Матеріальне і соціальне забезпечення. Шлях: Судоустрій. Органи правосуддя. Прокуратура. Адвокатура. Нотаріат / Прокуратура / Кадри органів прокуратури / Матеріальне і соціальне забезпечення. Код: 280 60 20 30.,,,2026-10-05 18:41:38,2026-10-05 18:41:38
5660,280 60 20 40,280 60 20,4,Заходи правового захисту,Заходи правового захисту,280 / 280 60 / 280 60 20 / 280 60 20 40,Судоустрій. Органи правосуддя. Прокуратура. Адвокатура. Нотаріат / Прокуратура / Кадри органів прокуратури / Заходи правового захисту,0,0,8,8,https://zakon.rada.gov.ua/laws/main/jj1007,https://zakon.rada.gov.ua/laws/main/jj1007,[],Заходи правового захисту. Шлях: Судоустрій. Органи правосуддя. Прокуратура. Адвокатура. Нотаріат / Прокуратура / Кадри органів прокуратури / Заходи правового захисту. Код: 280 60 20 40.,,,2026-10-05 18:41:38,2026-10-05 18:41:38
5661,280 70,280,2,Адвокатура,Адвокатура,280 / 280 70,Судоустрій. Органи правосуддя. Прокуратура. Адвокатура. Нотаріат / Адвокатура,0,0,366,366,https://zakon.rada.gov.ua/laws/main/jj1008,https://zakon.rada.gov.ua/laws/main/jj1008,[],Адвокатура. Шлях: Судоустрій. Органи правосуддя. Прокуратура. Адвокатура. Нотаріат / Адвокатура. Код: 280 70.,,,2026-10-05 18:41:38,2026-10-05 18:41:38
5662,280 80,280,2,Правова робота в народному господарстві,Правова робота в народному господарстві,280 / 280 80,Судоустрій. Органи правосуддя. Прокуратура. Адвокатура. Нотаріат / Правова робота в народному господарстві,1,3,2604,621,https://zakon.rada.gov.ua/laws/main/j1009,https://zakon.rada.gov.ua/laws/main/jj1009,[],Правова робота в народному господарстві. Шлях: Судоустрій. Органи правосуддя. Прокуратура. Адвокатура. Нотаріат / Правова робота в народному господарстві. Код: 280 80.,,,2026-10-05 18:41:38,2026-10-05 18:41:38
5663,280 80 10,280 80,3,Юридична служба міністерств та відомств,Юридична служба міністерств та відомств,280 / 280 80 / 280 80 10,Судоустрій. Органи правосуддя. Прокуратура. Адвокатура. Нотаріат / Правова робота в народному господарстві / Юридична служба міністерств та відомств,0,0,1986,1986,https://zakon.rada.gov.ua/laws/main/jj1010,https://zakon.rada.gov.ua/laws/main/jj1010,[],Юридична служба міністерств та відомств. Шлях: Судоустрій. Органи правосуддя. Прокуратура. Адвокатура. Нотаріат / Правова робота в народному господарстві / Юридична служба міністерств та відомств. Код: 280 80 10.,,,2026-10-05 18:41:38,2026-10-05 18:41:38
5664,280 80 20,280 80,3,Юрисконсульти,Юрисконсульти,280 / 280 80 / 280 80 20,Судоустрій. Органи правосуддя. Прокуратура. Адвокатура. Нотаріат / Правова робота в народному господарстві / Юрисконсульти,0,0,7,7,https://zakon.rada.gov.ua/laws/main/jj1011,https://zakon.rada.gov.ua/laws/main/jj1011,[],Юрисконсульти. Шлях: Судоустрій. Органи правосуддя. Прокуратура. Адвокатура. Нотаріат / Правова робота в народному господарстві / Юрисконсульти. Код: 280 80 20.,,,2026-10-05 18:41:38,2026-10-05 18:41:38
5665,280 80 30,280 80,3,Приватна юридична практика,Приватна юридична практика,280 / 280 80 / 280 80 30,Судоустрій. Органи правосуддя. Прокуратура. Адвокатура. Нотаріат / Правова робота в народному господарстві / Приватна юридична практика,0,0,0,0,,,[],Приватна юридична практика. Шлях: Судоустрій. Органи правосуддя. Прокуратура. Адвокатура. Нотаріат / Правова робота в народному господарстві / Приватна юридична практика. Код: 280 80 30.,,,2026-10-05 18:41:38,2026-10-05 18:41:38
5666,280 90,280,2,Нотаріат,Нотаріат,280 / 280 90,Судоустрій. Органи правосуддя. Прокуратура. Адвокатура. Нотаріат / Нотаріат,1,3,1238,627,https://zakon.rada.gov.ua/laws/main/j1013,https://zakon.rada.gov.ua/laws/main/jj1013,[],Нотаріат. Шлях: Судоустрій. Органи правосуддя. Прокуратура. Адвокатура. Нотаріат / Нотаріат. Код: 280 90.,,,2026-10-05 18:41:38,2026-10-05 18:41:38
5667,280 90 10,280 90,3,Нотаріальні контори,Нотаріальні контори,280 / 280 90 / 280 90 10,Судоустрій. Органи правосуддя. Прокуратура. Адвокатура. Нотаріат / Нотаріат / Нотаріальні контори,0,0,36,36,https://zakon.rada.gov.ua/laws/main/jj1014,https://zakon.rada.gov.ua/laws/main/jj1014,[],Нотаріальні контори. Шлях: Судоустрій. Органи правосуддя. Прокуратура. Адвокатура. Нотаріат / Нотаріат / Нотаріальні контори. Код: 280 90 10.,,,2026-10-05 18:41:38,2026-10-05 18:41:38
5668,280 90 20,280 90,3,"Інші органи, які здійснюють нотаріальні дії","Інші органи, які здійснюють нотаріальні дії",280 / 280 90 / 280 90 20,"Судоустрій. Органи правосуддя. Прокуратура. Адвокатура. Нотаріат / Нотаріат / Інші органи, які здійснюють нотаріальні дії",0,0,7,7,https://zakon.rada.gov.ua/laws/main/jj1015,https://zakon.rada.gov.ua/laws/main/jj1015,[],"Інші органи, які здійснюють нотаріальні дії. Шлях: Судоустрій. Органи правосуддя. Прокуратура. Адвокатура. Нотаріат / Нотаріат / Інші органи, які здійснюють нотаріальні дії. Код: 280 90 20.",,,2026-10-05 18:41:38,2026-10-05 18:41:38
5669,280 90 30,280 90,3,Приватний нотаріат,Приватний нотаріат,280 / 280 90 / 280 90 30,Судоустрій. Органи правосуддя. Прокуратура. Адвокатура. Нотаріат / Нотаріат / Приватний нотаріат,0,0,633,633,https://zakon.rada.gov.ua/laws/main/jj1016,https://zakon.rada.gov.ua/laws/main/jj1016,[],Приватний нотаріат. Шлях: Судоустрій. Органи правосуддя. Прокуратура. Адвокатура. Нотаріат / Нотаріат / Приватний нотаріат. Код: 280 90 30.,,,2026-10-05 18:41:38,2026-10-05 18:41:38
